file,num_vars,num_clausulas,ratio_clausulas_vars,dur_antiguo_s,dur_nuevo_s,speedup,sat_ratio_antiguo,sat_ratio_nuevo,optima_antiguo,optima_nuevo,delta_clausulas
data/max2sat/10/10/PROBLEM_010_010_01.cnf,10,10,1.0,0.314665,0.333554,0.9434,1.0,1.0,True,True,0
data/max2sat/10/10/PROBLEM_010_010_02.cnf,10,10,1.0,0.019822,0.039376,0.5034,1.0,1.0,True,True,0
data/max2sat/10/10/PROBLEM_010_010_03.cnf,10,10,1.0,0.016085,0.017986,0.8943,1.0,1.0,True,True,0
data/max2sat/10/10/PROBLEM_010_010_04.cnf,10,10,1.0,0.019649,0.042447,0.4629,1.0,1.0,True,True,0
data/max2sat/10/10/PROBLEM_010_010_05.cnf,10,10,1.0,0.02932,0.032784,0.8943,1.0,1.0,True,True,0
data/max2sat/10/10/PROBLEM_010_010_06.cnf,10,10,1.0,0.03463,0.034327,1.0088,1.0,1.0,True,True,0
data/max2sat/10/10/PROBLEM_010_010_07.cnf,10,10,1.0,0.034555,0.048897,0.7067,1.0,1.0,True,True,0
data/max2sat/10/10/PROBLEM_010_010_08.cnf,10,10,1.0,0.031266,0.048316,0.6471,1.0,1.0,True,True,0
data/max2sat/10/10/PROBLEM_010_010_09.cnf,10,10,1.0,0.027152,0.05636,0.4818,1.0,1.0,True,True,0
data/max2sat/10/10/PROBLEM_010_010_10.cnf,10,10,1.0,0.026033,0.05319,0.4894,1.0,1.0,True,True,0
data/max2sat/10/10/PROBLEM_010_010_11.cnf,10,10,1.0,0.028093,0.029021,0.968,1.0,1.0,True,True,0
data/max2sat/10/10/PROBLEM_010_010_12.cnf,10,10,1.0,0.026984,0.02952,0.9141,1.0,1.0,True,True,0
data/max2sat/10/10/PROBLEM_010_010_13.cnf,10,10,1.0,0.027935,0.035904,0.778,1.0,1.0,True,True,0
data/max2sat/10/10/PROBLEM_010_010_14.cnf,10,10,1.0,0.026949,0.038075,0.7078,1.0,1.0,True,True,0
data/max2sat/10/10/PROBLEM_010_010_15.cnf,10,10,1.0,0.026914,0.057905,0.4648,1.0,1.0,True,True,0
data/max2sat/10/10/PROBLEM_010_010_16.cnf,10,10,1.0,0.02655,0.057245,0.4638,1.0,1.0,True,True,0
data/max2sat/10/10/PROBLEM_010_010_17.cnf,10,10,1.0,0.026463,0.030348,0.872,1.0,1.0,True,True,0
data/max2sat/10/10/PROBLEM_010_010_18.cnf,10,10,1.0,0.025656,0.035161,0.7297,1.0,1.0,True,True,0
data/max2sat/10/10/PROBLEM_010_010_19.cnf,10,10,1.0,0.036418,0.034774,1.0473,1.0,1.0,True,True,0
data/max2sat/10/10/PROBLEM_010_010_20.cnf,10,10,1.0,0.028254,0.048951,0.5772,1.0,1.0,True,True,0
data/max2sat/10/10/PROBLEM_010_010_21.cnf,10,10,1.0,0.026561,0.04843,0.5484,1.0,1.0,True,True,0
data/max2sat/10/10/PROBLEM_010_010_22.cnf,10,10,1.0,0.028323,0.043194,0.6557,1.0,1.0,True,True,0
data/max2sat/10/10/PROBLEM_010_010_23.cnf,10,10,1.0,0.030992,0.028065,1.1043,1.0,1.0,True,True,0
data/max2sat/10/10/PROBLEM_010_010_24.cnf,10,10,1.0,0.059665,0.035802,1.6665,1.0,1.0,True,True,0
data/max2sat/10/10/PROBLEM_010_010_25.cnf,10,10,1.0,0.02839,0.032127,0.8837,1.0,1.0,True,True,0
data/max2sat/10/10/PROBLEM_010_010_26.cnf,10,10,1.0,0.031761,0.029156,1.0893,1.0,1.0,True,True,0
data/max2sat/10/10/PROBLEM_010_010_27.cnf,10,10,1.0,0.032899,0.031048,1.0596,1.0,1.0,True,True,0
data/max2sat/10/10/PROBLEM_010_010_28.cnf,10,10,1.0,0.030986,0.028752,1.0777,1.0,1.0,True,True,0
data/max2sat/10/10/PROBLEM_010_010_29.cnf,10,10,1.0,0.034823,0.024761,1.4064,1.0,1.0,True,True,0
data/max2sat/10/10/PROBLEM_010_010_30.cnf,10,10,1.0,0.037878,0.026059,1.4535,1.0,1.0,True,True,0
data/max2sat/10/10/PROBLEM_010_010_31.cnf,10,10,1.0,0.032778,0.027629,1.1864,1.0,1.0,True,True,0
data/max2sat/10/10/PROBLEM_010_010_32.cnf,10,10,1.0,0.034883,0.027159,1.2844,1.0,1.0,True,True,0
data/max2sat/10/10/PROBLEM_010_010_33.cnf,10,10,1.0,0.031791,0.027679,1.1486,1.0,1.0,True,True,0
data/max2sat/10/10/PROBLEM_010_010_34.cnf,10,10,1.0,0.028961,0.026214,1.1048,1.0,1.0,True,True,0
data/max2sat/10/10/PROBLEM_010_010_35.cnf,10,10,1.0,0.026713,0.028743,0.9294,1.0,1.0,True,True,0
data/max2sat/10/10/PROBLEM_010_010_36.cnf,10,10,1.0,0.027553,0.027913,0.9871,1.0,1.0,True,True,0
data/max2sat/10/10/PROBLEM_010_010_37.cnf,10,10,1.0,0.029906,0.027182,1.1002,1.0,1.0,True,True,0
data/max2sat/10/10/PROBLEM_010_010_38.cnf,10,10,1.0,0.030568,0.028733,1.0639,1.0,1.0,True,True,0
data/max2sat/10/10/PROBLEM_010_010_39.cnf,10,10,1.0,0.032458,0.029668,1.094,1.0,1.0,True,True,0
data/max2sat/10/10/PROBLEM_010_010_40.cnf,10,10,1.0,0.02809,0.030701,0.915,1.0,1.0,True,True,0
data/max2sat/10/10/PROBLEM_010_010_41.cnf,10,10,1.0,0.030935,0.029817,1.0375,1.0,1.0,True,True,0
data/max2sat/10/10/PROBLEM_010_010_42.cnf,10,10,1.0,0.031946,0.031697,1.0079,1.0,1.0,True,True,0
data/max2sat/10/10/PROBLEM_010_010_43.cnf,10,10,1.0,0.031939,0.026917,1.1866,1.0,1.0,True,True,0
data/max2sat/10/10/PROBLEM_010_010_44.cnf,10,10,1.0,0.026487,0.024925,1.0627,1.0,1.0,True,True,0
data/max2sat/10/10/PROBLEM_010_010_45.cnf,10,10,1.0,0.030935,0.027678,1.1177,1.0,1.0,True,True,0
data/max2sat/10/10/PROBLEM_010_010_46.cnf,10,10,1.0,0.027116,0.027551,0.9842,1.0,1.0,True,True,0
data/max2sat/10/10/PROBLEM_010_010_47.cnf,10,10,1.0,0.029429,0.030471,0.9658,1.0,1.0,True,True,0
data/max2sat/10/10/PROBLEM_010_010_48.cnf,10,10,1.0,0.02475,0.021165,1.1694,1.0,1.0,True,True,0
data/max2sat/10/10/PROBLEM_010_010_49.cnf,10,10,1.0,0.029721,0.023516,1.2639,1.0,1.0,True,True,0
data/max2sat/10/10/PROBLEM_010_010_50.cnf,10,10,1.0,0.026162,0.024267,1.0781,1.0,1.0,True,True,0
data/max2sat/10/100/PROBLEM_010_100_01.cnf,10,100,10.0,0.035759,0.039188,0.9125,0.87,0.87,False,False,0
data/max2sat/10/100/PROBLEM_010_100_02.cnf,10,100,10.0,0.030268,0.024455,1.2377,0.85,0.85,False,False,0
data/max2sat/10/100/PROBLEM_010_100_03.cnf,10,100,10.0,0.069294,0.027705,2.5011,0.87,0.87,False,False,0
data/max2sat/10/100/PROBLEM_010_100_04.cnf,10,100,10.0,0.023165,0.028018,0.8268,0.89,0.89,False,False,0
data/max2sat/10/100/PROBLEM_010_100_05.cnf,10,100,10.0,0.040274,0.04243,0.9492,0.87,0.87,False,False,0
data/max2sat/10/100/PROBLEM_010_100_06.cnf,10,100,10.0,0.041501,0.053552,0.775,0.83,0.83,False,False,0
data/max2sat/10/100/PROBLEM_010_100_07.cnf,10,100,10.0,0.076233,0.046416,1.6424,0.9,0.9,False,False,0
data/max2sat/10/100/PROBLEM_010_100_08.cnf,10,100,10.0,0.057246,0.046482,1.2316,0.87,0.87,False,False,0
data/max2sat/10/100/PROBLEM_010_100_09.cnf,10,100,10.0,0.035607,0.033004,1.0789,0.88,0.88,False,False,0
data/max2sat/10/100/PROBLEM_010_100_10.cnf,10,100,10.0,0.05092,0.033723,1.5099,0.89,0.89,False,False,0
data/max2sat/10/100/PROBLEM_010_100_11.cnf,10,100,10.0,0.047464,0.036407,1.3037,0.87,0.87,False,False,0
data/max2sat/10/100/PROBLEM_010_100_12.cnf,10,100,10.0,0.074198,0.042957,1.7273,0.85,0.85,False,False,0
data/max2sat/10/100/PROBLEM_010_100_13.cnf,10,100,10.0,0.049696,0.031906,1.5576,0.88,0.88,False,False,0
data/max2sat/10/100/PROBLEM_010_100_14.cnf,10,100,10.0,0.064922,0.034411,1.8867,0.86,0.86,False,False,0
data/max2sat/10/100/PROBLEM_010_100_15.cnf,10,100,10.0,0.03683,0.035409,1.0401,0.87,0.87,False,False,0
data/max2sat/10/100/PROBLEM_010_100_16.cnf,10,100,10.0,0.039002,0.039254,0.9936,0.84,0.84,False,False,0
data/max2sat/10/100/PROBLEM_010_100_17.cnf,10,100,10.0,0.040689,0.034831,1.1682,0.85,0.85,False,False,0
data/max2sat/10/100/PROBLEM_010_100_18.cnf,10,100,10.0,0.049935,0.034957,1.4285,0.85,0.85,False,False,0
data/max2sat/10/100/PROBLEM_010_100_19.cnf,10,100,10.0,0.082045,0.03573,2.2962,0.88,0.88,False,False,0
data/max2sat/10/100/PROBLEM_010_100_20.cnf,10,100,10.0,0.042346,0.038794,1.0916,0.86,0.86,False,False,0
data/max2sat/10/100/PROBLEM_010_100_21.cnf,10,100,10.0,0.061381,0.039915,1.5378,0.87,0.87,False,False,0
data/max2sat/10/100/PROBLEM_010_100_22.cnf,10,100,10.0,0.034859,0.033446,1.0422,0.86,0.86,False,False,0
data/max2sat/10/100/PROBLEM_010_100_23.cnf,10,100,10.0,0.037203,0.037483,0.9925,0.86,0.86,False,False,0
data/max2sat/10/100/PROBLEM_010_100_24.cnf,10,100,10.0,0.046574,0.034908,1.3342,0.86,0.86,False,False,0
data/max2sat/10/100/PROBLEM_010_100_25.cnf,10,100,10.0,0.048275,0.038054,1.2686,0.86,0.86,False,False,0
data/max2sat/10/100/PROBLEM_010_100_26.cnf,10,100,10.0,0.069169,0.038833,1.7812,0.84,0.84,False,False,0
data/max2sat/10/100/PROBLEM_010_100_27.cnf,10,100,10.0,0.058898,0.037054,1.5895,0.85,0.85,False,False,0
data/max2sat/10/100/PROBLEM_010_100_28.cnf,10,100,10.0,0.036807,0.034906,1.0545,0.84,0.84,False,False,0
data/max2sat/10/100/PROBLEM_010_100_29.cnf,10,100,10.0,0.045402,0.035212,1.2894,0.85,0.85,False,False,0
data/max2sat/10/100/PROBLEM_010_100_30.cnf,10,100,10.0,0.038014,0.041855,0.9082,0.85,0.85,False,False,0
data/max2sat/10/100/PROBLEM_010_100_31.cnf,10,100,10.0,0.053406,0.035929,1.4864,0.88,0.88,False,False,0
data/max2sat/10/100/PROBLEM_010_100_32.cnf,10,100,10.0,0.052982,0.034913,1.5175,0.88,0.88,False,False,0
data/max2sat/10/100/PROBLEM_010_100_33.cnf,10,100,10.0,0.042609,0.036323,1.1731,0.88,0.88,False,False,0
data/max2sat/10/100/PROBLEM_010_100_34.cnf,10,100,10.0,0.067005,0.037607,1.7817,0.87,0.87,False,False,0
data/max2sat/10/100/PROBLEM_010_100_35.cnf,10,100,10.0,0.037572,0.039928,0.941,0.86,0.86,False,False,0
data/max2sat/10/100/PROBLEM_010_100_36.cnf,10,100,10.0,0.035574,0.035946,0.9897,0.87,0.87,False,False,0
data/max2sat/10/100/PROBLEM_010_100_37.cnf,10,100,10.0,0.037382,0.035571,1.0509,0.86,0.86,False,False,0
data/max2sat/10/100/PROBLEM_010_100_38.cnf,10,100,10.0,0.049982,0.035908,1.3919,0.88,0.88,False,False,0
data/max2sat/10/100/PROBLEM_010_100_39.cnf,10,100,10.0,0.037247,0.040953,0.9095,0.9,0.9,False,False,0
data/max2sat/10/100/PROBLEM_010_100_40.cnf,10,100,10.0,0.037758,0.037764,0.9998,0.85,0.85,False,False,0
data/max2sat/10/100/PROBLEM_010_100_41.cnf,10,100,10.0,0.05192,0.034905,1.4875,0.88,0.88,False,False,0
data/max2sat/10/100/PROBLEM_010_100_42.cnf,10,100,10.0,0.035709,0.039427,0.9057,0.9,0.9,False,False,0
data/max2sat/10/100/PROBLEM_010_100_43.cnf,10,100,10.0,0.047929,0.040924,1.1712,0.84,0.84,False,False,0
data/max2sat/10/100/PROBLEM_010_100_44.cnf,10,100,10.0,0.041001,0.038884,1.0544,0.85,0.85,False,False,0
data/max2sat/10/100/PROBLEM_010_100_45.cnf,10,100,10.0,0.034697,0.034985,0.9918,0.83,0.83,False,False,0
data/max2sat/10/100/PROBLEM_010_100_46.cnf,10,100,10.0,0.039727,0.039968,0.994,0.85,0.85,False,False,0
data/max2sat/10/100/PROBLEM_010_100_47.cnf,10,100,10.0,0.040348,0.038905,1.0371,0.86,0.86,False,False,0
data/max2sat/10/100/PROBLEM_010_100_48.cnf,10,100,10.0,0.044807,0.040071,1.1182,0.85,0.85,False,False,0
data/max2sat/10/100/PROBLEM_010_100_49.cnf,10,100,10.0,0.032958,0.034919,0.9438,0.86,0.86,False,False,0
data/max2sat/10/100/PROBLEM_010_100_50.cnf,10,100,10.0,0.035523,0.035654,0.9963,0.89,0.89,False,False,0
data/max2sat/10/20/PROBLEM_010_020_01.cnf,10,20,2.0,0.029305,0.037507,0.7813,0.95,0.95,False,False,0
data/max2sat/10/20/PROBLEM_010_020_02.cnf,10,20,2.0,0.033332,0.022059,1.511,0.95,0.95,False,False,0
data/max2sat/10/20/PROBLEM_010_020_03.cnf,10,20,2.0,0.019309,0.021612,0.8934,1.0,1.0,True,True,0
data/max2sat/10/20/PROBLEM_010_020_04.cnf,10,20,2.0,0.025226,0.024782,1.0179,0.95,0.95,False,False,0
data/max2sat/10/20/PROBLEM_010_020_05.cnf,10,20,2.0,0.037315,0.042976,0.8683,1.0,1.0,True,True,0
data/max2sat/10/20/PROBLEM_010_020_06.cnf,10,20,2.0,0.03416,0.041154,0.8301,1.0,1.0,True,True,0
data/max2sat/10/20/PROBLEM_010_020_07.cnf,10,20,2.0,0.042164,0.041229,1.0227,0.95,0.95,False,False,0
data/max2sat/10/20/PROBLEM_010_020_08.cnf,10,20,2.0,0.053234,0.043718,1.2177,1.0,1.0,True,True,0
data/max2sat/10/20/PROBLEM_010_020_09.cnf,10,20,2.0,0.02981,0.03748,0.7954,0.95,0.95,False,False,0
data/max2sat/10/20/PROBLEM_010_020_10.cnf,10,20,2.0,0.03379,0.033584,1.0061,1.0,1.0,True,True,0
data/max2sat/10/20/PROBLEM_010_020_11.cnf,10,20,2.0,0.033996,0.034549,0.984,1.0,1.0,True,True,0
data/max2sat/10/20/PROBLEM_010_020_12.cnf,10,20,2.0,0.031776,0.033098,0.9601,1.0,1.0,True,True,0
data/max2sat/10/20/PROBLEM_010_020_13.cnf,10,20,2.0,0.031794,0.032884,0.9669,0.95,0.95,False,False,0
data/max2sat/10/20/PROBLEM_010_020_14.cnf,10,20,2.0,0.030752,0.032934,0.9337,1.0,1.0,True,True,0
data/max2sat/10/20/PROBLEM_010_020_15.cnf,10,20,2.0,0.034914,0.03126,1.1169,0.95,0.95,False,False,0
data/max2sat/10/20/PROBLEM_010_020_16.cnf,10,20,2.0,0.030927,0.040187,0.7696,1.0,1.0,True,True,0
data/max2sat/10/20/PROBLEM_010_020_17.cnf,10,20,2.0,0.030914,0.031151,0.9924,1.0,1.0,True,True,0
data/max2sat/10/20/PROBLEM_010_020_18.cnf,10,20,2.0,0.028836,0.029746,0.9694,1.0,1.0,True,True,0
data/max2sat/10/20/PROBLEM_010_020_19.cnf,10,20,2.0,0.034785,0.030508,1.1402,1.0,1.0,True,True,0
data/max2sat/10/20/PROBLEM_010_020_20.cnf,10,20,2.0,0.030913,0.038926,0.7941,1.0,1.0,True,True,0
data/max2sat/10/20/PROBLEM_010_020_21.cnf,10,20,2.0,0.032105,0.028023,1.1457,1.0,1.0,True,True,0
data/max2sat/10/20/PROBLEM_010_020_22.cnf,10,20,2.0,0.033287,0.0316,1.0534,1.0,1.0,True,True,0
data/max2sat/10/20/PROBLEM_010_020_23.cnf,10,20,2.0,0.031914,0.028992,1.1008,0.95,0.95,False,False,0
data/max2sat/10/20/PROBLEM_010_020_24.cnf,10,20,2.0,0.030934,0.030896,1.0012,1.0,1.0,True,True,0
data/max2sat/10/20/PROBLEM_010_020_25.cnf,10,20,2.0,0.029298,0.030895,0.9483,0.95,0.95,False,False,0
data/max2sat/10/20/PROBLEM_010_020_26.cnf,10,20,2.0,0.03412,0.029828,1.1439,0.95,0.95,False,False,0
data/max2sat/10/20/PROBLEM_010_020_27.cnf,10,20,2.0,0.030912,0.030924,0.9996,1.0,1.0,True,True,0
data/max2sat/10/20/PROBLEM_010_020_28.cnf,10,20,2.0,0.030941,0.03095,0.9997,1.0,1.0,True,True,0
data/max2sat/10/20/PROBLEM_010_020_29.cnf,10,20,2.0,0.029238,0.031872,0.9174,0.95,0.95,False,False,0
data/max2sat/10/20/PROBLEM_010_020_30.cnf,10,20,2.0,0.03394,0.030478,1.1136,0.95,0.95,False,False,0
data/max2sat/10/20/PROBLEM_010_020_31.cnf,10,20,2.0,0.032098,0.031922,1.0055,0.95,0.95,False,False,0
data/max2sat/10/20/PROBLEM_010_020_32.cnf,10,20,2.0,0.03021,0.029933,1.0093,1.0,1.0,True,True,0
data/max2sat/10/20/PROBLEM_010_020_33.cnf,10,20,2.0,0.033575,0.030994,1.0833,1.0,1.0,True,True,0
data/max2sat/10/20/PROBLEM_010_020_34.cnf,10,20,2.0,0.036873,0.032106,1.1485,1.0,1.0,True,True,0
data/max2sat/10/20/PROBLEM_010_020_35.cnf,10,20,2.0,0.033233,0.032932,1.0091,1.0,1.0,True,True,0
data/max2sat/10/20/PROBLEM_010_020_36.cnf,10,20,2.0,0.031115,0.028912,1.0762,0.95,0.95,False,False,0
data/max2sat/10/20/PROBLEM_010_020_37.cnf,10,20,2.0,0.030852,0.029965,1.0296,0.95,0.95,False,False,0
data/max2sat/10/20/PROBLEM_010_020_38.cnf,10,20,2.0,0.037188,0.031513,1.1801,1.0,1.0,True,True,0
data/max2sat/10/20/PROBLEM_010_020_39.cnf,10,20,2.0,0.030732,0.03192,0.9628,1.0,1.0,True,True,0
data/max2sat/10/20/PROBLEM_010_020_40.cnf,10,20,2.0,0.029606,0.028936,1.0232,1.0,1.0,True,True,0
data/max2sat/10/20/PROBLEM_010_020_41.cnf,10,20,2.0,0.028936,0.029935,0.9666,0.95,0.95,False,False,0
data/max2sat/10/20/PROBLEM_010_020_42.cnf,10,20,2.0,0.033638,0.03191,1.0542,1.0,1.0,True,True,0
data/max2sat/10/20/PROBLEM_010_020_43.cnf,10,20,2.0,0.030596,0.032932,0.9291,1.0,1.0,True,True,0
data/max2sat/10/20/PROBLEM_010_020_44.cnf,10,20,2.0,0.032822,0.027931,1.1751,1.0,1.0,True,True,0
data/max2sat/10/20/PROBLEM_010_020_45.cnf,10,20,2.0,0.030423,0.027936,1.089,0.95,0.95,False,False,0
data/max2sat/10/20/PROBLEM_010_020_46.cnf,10,20,2.0,0.030947,0.032117,0.9636,1.0,1.0,True,True,0
data/max2sat/10/20/PROBLEM_010_020_47.cnf,10,20,2.0,0.039403,0.032996,1.1942,1.0,1.0,True,True,0
data/max2sat/10/20/PROBLEM_010_020_48.cnf,10,20,2.0,0.034313,0.028666,1.197,1.0,1.0,True,True,0
data/max2sat/10/20/PROBLEM_010_020_49.cnf,10,20,2.0,0.035354,0.028178,1.2547,1.0,1.0,True,True,0
data/max2sat/10/20/PROBLEM_010_020_50.cnf,10,20,2.0,0.02799,0.02924,0.9573,1.0,1.0,True,True,0
data/max2sat/10/30/PROBLEM_010_030_01.cnf,10,30,3.0,0.030364,0.031133,0.9753,0.9333,0.9333,False,False,0
data/max2sat/10/30/PROBLEM_010_030_02.cnf,10,30,3.0,0.025979,0.031924,0.8138,0.9333,0.9333,False,False,0
data/max2sat/10/30/PROBLEM_010_030_03.cnf,10,30,3.0,0.028552,0.029913,0.9545,0.9333,0.9333,False,False,0
data/max2sat/10/30/PROBLEM_010_030_04.cnf,10,30,3.0,0.022629,0.02581,0.8768,0.9333,0.9333,False,False,0
data/max2sat/10/30/PROBLEM_010_030_05.cnf,10,30,3.0,0.036384,0.038805,0.9376,0.9667,0.9667,False,False,0
data/max2sat/10/30/PROBLEM_010_030_06.cnf,10,30,3.0,0.03981,0.043815,0.9086,0.9667,0.9667,False,False,0
data/max2sat/10/30/PROBLEM_010_030_07.cnf,10,30,3.0,0.040201,0.046929,0.8566,0.9667,0.9667,False,False,0
data/max2sat/10/30/PROBLEM_010_030_08.cnf,10,30,3.0,0.04779,0.049607,0.9634,0.9333,0.9333,False,False,0
data/max2sat/10/30/PROBLEM_010_030_09.cnf,10,30,3.0,0.036335,0.033966,1.0697,0.9667,0.9667,False,False,0
data/max2sat/10/30/PROBLEM_010_030_10.cnf,10,30,3.0,0.033238,0.035499,0.9363,0.9333,0.9333,False,False,0
data/max2sat/10/30/PROBLEM_010_030_11.cnf,10,30,3.0,0.030376,0.033806,0.8985,0.9,0.9,False,False,0
data/max2sat/10/30/PROBLEM_010_030_12.cnf,10,30,3.0,0.052209,0.034954,1.4936,0.9333,0.9333,False,False,0
data/max2sat/10/30/PROBLEM_010_030_13.cnf,10,30,3.0,0.033978,0.032932,1.0318,0.9333,0.9333,False,False,0
data/max2sat/10/30/PROBLEM_010_030_14.cnf,10,30,3.0,0.033079,0.035064,0.9434,0.9,0.9,False,False,0
data/max2sat/10/30/PROBLEM_010_030_15.cnf,10,30,3.0,0.032785,0.031865,1.0289,0.9667,0.9667,False,False,0
data/max2sat/10/30/PROBLEM_010_030_16.cnf,10,30,3.0,0.047483,0.035306,1.3449,0.9333,0.9333,False,False,0
data/max2sat/10/30/PROBLEM_010_030_17.cnf,10,30,3.0,0.031295,0.031967,0.979,0.9333,0.9333,False,False,0
data/max2sat/10/30/PROBLEM_010_030_18.cnf,10,30,3.0,0.032716,0.032344,1.0115,0.9333,0.9333,False,False,0
data/max2sat/10/30/PROBLEM_010_030_19.cnf,10,30,3.0,0.04616,0.031067,1.4858,0.9667,0.9667,False,False,0
data/max2sat/10/30/PROBLEM_010_030_20.cnf,10,30,3.0,0.033277,0.036947,0.9007,1.0,1.0,True,True,0
data/max2sat/10/30/PROBLEM_010_030_21.cnf,10,30,3.0,0.032776,0.031961,1.0255,0.9667,0.9667,False,False,0
data/max2sat/10/30/PROBLEM_010_030_22.cnf,10,30,3.0,0.03826,0.031913,1.1989,0.9333,0.9333,False,False,0
data/max2sat/10/30/PROBLEM_010_030_23.cnf,10,30,3.0,0.045951,0.032761,1.4026,0.9333,0.9333,False,False,0
data/max2sat/10/30/PROBLEM_010_030_24.cnf,10,30,3.0,0.03335,0.042413,0.7863,0.9333,0.9333,False,False,0
data/max2sat/10/30/PROBLEM_010_030_25.cnf,10,30,3.0,0.032282,0.032861,0.9824,0.9667,0.9667,False,False,0
data/max2sat/10/30/PROBLEM_010_030_26.cnf,10,30,3.0,0.032285,0.035068,0.9206,0.9667,0.9667,False,False,0
data/max2sat/10/30/PROBLEM_010_030_27.cnf,10,30,3.0,0.03523,0.034027,1.0354,0.9667,0.9667,False,False,0
data/max2sat/10/30/PROBLEM_010_030_28.cnf,10,30,3.0,0.033967,0.033809,1.0047,0.9333,0.9333,False,False,0
data/max2sat/10/30/PROBLEM_010_030_29.cnf,10,30,3.0,0.038519,0.040956,0.9405,0.9667,0.9667,False,False,0
data/max2sat/10/30/PROBLEM_010_030_30.cnf,10,30,3.0,0.035519,0.033301,1.0666,0.9,0.9,False,False,0
data/max2sat/10/30/PROBLEM_010_030_31.cnf,10,30,3.0,0.033989,0.034907,0.9737,0.9333,0.9333,False,False,0
data/max2sat/10/30/PROBLEM_010_030_32.cnf,10,30,3.0,0.033535,0.031848,1.053,0.9333,0.9333,False,False,0
data/max2sat/10/30/PROBLEM_010_030_33.cnf,10,30,3.0,0.037867,0.033258,1.1386,0.9667,0.9667,False,False,0
data/max2sat/10/30/PROBLEM_010_030_34.cnf,10,30,3.0,0.036066,0.034971,1.0313,0.9333,0.9333,False,False,0
data/max2sat/10/30/PROBLEM_010_030_35.cnf,10,30,3.0,0.03281,0.034862,0.9411,0.9667,0.9667,False,False,0
data/max2sat/10/30/PROBLEM_010_030_36.cnf,10,30,3.0,0.032804,0.031909,1.028,0.9333,0.9333,False,False,0
data/max2sat/10/30/PROBLEM_010_030_37.cnf,10,30,3.0,0.033271,0.032165,1.0344,0.9667,0.9667,False,False,0
data/max2sat/10/30/PROBLEM_010_030_38.cnf,10,30,3.0,0.034735,0.035576,0.9764,0.9667,0.9667,False,False,0
data/max2sat/10/30/PROBLEM_010_030_39.cnf,10,30,3.0,0.031865,0.032918,0.968,0.9,0.9,False,False,0
data/max2sat/10/30/PROBLEM_010_030_40.cnf,10,30,3.0,0.032139,0.033041,0.9727,0.9333,0.9333,False,False,0
data/max2sat/10/30/PROBLEM_010_030_41.cnf,10,30,3.0,0.03049,0.030882,0.9873,0.9333,0.9333,False,False,0
data/max2sat/10/30/PROBLEM_010_030_42.cnf,10,30,3.0,0.041941,0.030686,1.3668,0.9667,0.9667,False,False,0
data/max2sat/10/30/PROBLEM_010_030_43.cnf,10,30,3.0,0.031883,0.033466,0.9527,0.9667,0.9667,False,False,0
data/max2sat/10/30/PROBLEM_010_030_44.cnf,10,30,3.0,0.032851,0.031925,1.029,1.0,1.0,True,True,0
data/max2sat/10/30/PROBLEM_010_030_45.cnf,10,30,3.0,0.035915,0.033072,1.086,0.9667,0.9667,False,False,0
data/max2sat/10/30/PROBLEM_010_030_46.cnf,10,30,3.0,0.036915,0.033936,1.0878,0.9333,0.9333,False,False,0
data/max2sat/10/30/PROBLEM_010_030_47.cnf,10,30,3.0,0.032902,0.035508,0.9266,0.9667,0.9667,False,False,0
data/max2sat/10/30/PROBLEM_010_030_48.cnf,10,30,3.0,0.036625,0.031634,1.1578,0.9667,0.9667,False,False,0
data/max2sat/10/30/PROBLEM_010_030_49.cnf,10,30,3.0,0.033291,0.034833,0.9557,0.9333,0.9333,False,False,0
data/max2sat/10/30/PROBLEM_010_030_50.cnf,10,30,3.0,0.031514,0.035946,0.8767,0.9333,0.9333,False,False,0
data/max2sat/10/40/PROBLEM_010_040_01.cnf,10,40,4.0,0.03053,0.033917,0.9001,0.9,0.9,False,False,0
data/max2sat/10/40/PROBLEM_010_040_02.cnf,10,40,4.0,0.030508,0.024339,1.2535,0.95,0.95,False,False,0
data/max2sat/10/40/PROBLEM_010_040_03.cnf,10,40,4.0,0.021991,0.031529,0.6975,0.925,0.925,False,False,0
data/max2sat/10/40/PROBLEM_010_040_04.cnf,10,40,4.0,0.025213,0.024452,1.0311,0.925,0.925,False,False,0
data/max2sat/10/40/PROBLEM_010_040_05.cnf,10,40,4.0,0.038459,0.04038,0.9524,0.95,0.95,False,False,0
data/max2sat/10/40/PROBLEM_010_040_06.cnf,10,40,4.0,0.038783,0.040441,0.959,0.9,0.9,False,False,0
data/max2sat/10/40/PROBLEM_010_040_07.cnf,10,40,4.0,0.042855,0.040025,1.0707,1.0,1.0,True,True,0
data/max2sat/10/40/PROBLEM_010_040_08.cnf,10,40,4.0,0.0575,0.05084,1.131,0.9,0.9,False,False,0
data/max2sat/10/40/PROBLEM_010_040_09.cnf,10,40,4.0,0.036812,0.036466,1.0095,0.925,0.925,False,False,0
data/max2sat/10/40/PROBLEM_010_040_10.cnf,10,40,4.0,0.035502,0.036526,0.972,0.925,0.925,False,False,0
data/max2sat/10/40/PROBLEM_010_040_11.cnf,10,40,4.0,0.034524,0.036567,0.9441,0.9,0.9,False,False,0
data/max2sat/10/40/PROBLEM_010_040_12.cnf,10,40,4.0,0.047645,0.038126,1.2497,0.95,0.95,False,False,0
data/max2sat/10/40/PROBLEM_010_040_13.cnf,10,40,4.0,0.038762,0.034614,1.1198,0.925,0.925,False,False,0
data/max2sat/10/40/PROBLEM_010_040_14.cnf,10,40,4.0,0.038365,0.036317,1.0564,0.975,0.975,False,False,0
data/max2sat/10/40/PROBLEM_010_040_15.cnf,10,40,4.0,0.042516,0.036224,1.1737,0.925,0.925,False,False,0
data/max2sat/10/40/PROBLEM_010_040_16.cnf,10,40,4.0,0.033691,0.036785,0.9159,0.9,0.9,False,False,0
data/max2sat/10/40/PROBLEM_010_040_17.cnf,10,40,4.0,0.033585,0.03044,1.1033,0.9,0.9,False,False,0
data/max2sat/10/40/PROBLEM_010_040_18.cnf,10,40,4.0,0.037919,0.045628,0.831,0.875,0.875,False,False,0
data/max2sat/10/40/PROBLEM_010_040_19.cnf,10,40,4.0,0.053805,0.032556,1.6527,0.925,0.925,False,False,0
data/max2sat/10/40/PROBLEM_010_040_20.cnf,10,40,4.0,0.035895,0.036914,0.9724,0.9,0.9,False,False,0
data/max2sat/10/40/PROBLEM_010_040_21.cnf,10,40,4.0,0.030164,0.033837,0.8915,0.925,0.925,False,False,0
data/max2sat/10/40/PROBLEM_010_040_22.cnf,10,40,4.0,0.036347,0.033918,1.0716,0.925,0.925,False,False,0
data/max2sat/10/40/PROBLEM_010_040_23.cnf,10,40,4.0,0.054776,0.060919,0.8992,0.925,0.925,False,False,0
data/max2sat/10/40/PROBLEM_010_040_24.cnf,10,40,4.0,0.050932,0.03794,1.3424,0.875,0.875,False,False,0
data/max2sat/10/40/PROBLEM_010_040_25.cnf,10,40,4.0,0.042425,0.034788,1.2195,0.95,0.95,False,False,0
data/max2sat/10/40/PROBLEM_010_040_26.cnf,10,40,4.0,0.038482,0.033658,1.1433,0.925,0.925,False,False,0
data/max2sat/10/40/PROBLEM_010_040_27.cnf,10,40,4.0,0.047581,0.036891,1.2898,0.925,0.925,False,False,0
data/max2sat/10/40/PROBLEM_010_040_28.cnf,10,40,4.0,0.038798,0.037757,1.0276,0.925,0.925,False,False,0
data/max2sat/10/40/PROBLEM_010_040_29.cnf,10,40,4.0,0.059562,0.035294,1.6876,0.9,0.9,False,False,0
data/max2sat/10/40/PROBLEM_010_040_30.cnf,10,40,4.0,0.06453,0.043851,1.4716,0.9,0.9,False,False,0
data/max2sat/10/40/PROBLEM_010_040_31.cnf,10,40,4.0,0.035649,0.034945,1.0201,0.925,0.925,False,False,0
data/max2sat/10/40/PROBLEM_010_040_32.cnf,10,40,4.0,0.040032,0.034336,1.1659,0.925,0.925,False,False,0
data/max2sat/10/40/PROBLEM_010_040_33.cnf,10,40,4.0,0.047309,0.034564,1.3687,0.925,0.925,False,False,0
data/max2sat/10/40/PROBLEM_010_040_34.cnf,10,40,4.0,0.069944,0.032825,2.1308,0.9,0.9,False,False,0
data/max2sat/10/40/PROBLEM_010_040_35.cnf,10,40,4.0,0.042986,0.033904,1.2679,0.9,0.9,False,False,0
data/max2sat/10/40/PROBLEM_010_040_36.cnf,10,40,4.0,0.056914,0.034863,1.6325,0.925,0.925,False,False,0
data/max2sat/10/40/PROBLEM_010_040_37.cnf,10,40,4.0,0.035562,0.037194,0.9561,1.0,1.0,True,True,0
data/max2sat/10/40/PROBLEM_010_040_38.cnf,10,40,4.0,0.040813,0.032916,1.2399,0.925,0.925,False,False,0
data/max2sat/10/40/PROBLEM_010_040_39.cnf,10,40,4.0,0.048861,0.034667,1.4094,0.95,0.95,False,False,0
data/max2sat/10/40/PROBLEM_010_040_40.cnf,10,40,4.0,0.064916,0.036779,1.765,0.875,0.875,False,False,0
data/max2sat/10/40/PROBLEM_010_040_41.cnf,10,40,4.0,0.051565,0.034012,1.5161,0.9,0.9,False,False,0
data/max2sat/10/40/PROBLEM_010_040_42.cnf,10,40,4.0,0.040919,0.032915,1.2432,0.95,0.95,False,False,0
data/max2sat/10/40/PROBLEM_010_040_43.cnf,10,40,4.0,0.035343,0.034931,1.0118,0.95,0.95,False,False,0
data/max2sat/10/40/PROBLEM_010_040_44.cnf,10,40,4.0,0.04887,0.035092,1.3926,0.9,0.9,False,False,0
data/max2sat/10/40/PROBLEM_010_040_45.cnf,10,40,4.0,0.064867,0.036782,1.7636,0.925,0.925,False,False,0
data/max2sat/10/40/PROBLEM_010_040_46.cnf,10,40,4.0,0.043232,0.032932,1.3128,0.925,0.925,False,False,0
data/max2sat/10/40/PROBLEM_010_040_47.cnf,10,40,4.0,0.052191,0.033911,1.5391,0.925,0.925,False,False,0
data/max2sat/10/40/PROBLEM_010_040_48.cnf,10,40,4.0,0.040007,0.035391,1.1304,0.925,0.925,False,False,0
data/max2sat/10/40/PROBLEM_010_040_49.cnf,10,40,4.0,0.041153,0.037748,1.0902,0.9,0.9,False,False,0
data/max2sat/10/40/PROBLEM_010_040_50.cnf,10,40,4.0,0.050309,0.032331,1.5561,0.95,0.95,False,False,0
data/max2sat/10/50/PROBLEM_010_050_01.cnf,10,50,5.0,0.035374,0.030317,1.1668,0.92,0.92,False,False,0
data/max2sat/10/50/PROBLEM_010_050_02.cnf,10,50,5.0,0.021788,0.031212,0.6981,0.94,0.94,False,False,0
data/max2sat/10/50/PROBLEM_010_050_03.cnf,10,50,5.0,0.026807,0.03048,0.8795,0.88,0.88,False,False,0
data/max2sat/10/50/PROBLEM_010_050_04.cnf,10,50,5.0,0.023376,0.022996,1.0165,0.92,0.92,False,False,0
data/max2sat/10/50/PROBLEM_010_050_05.cnf,10,50,5.0,0.037484,0.037672,0.995,0.96,0.96,False,False,0
data/max2sat/10/50/PROBLEM_010_050_06.cnf,10,50,5.0,0.046483,0.039789,1.1682,0.88,0.88,False,False,0
data/max2sat/10/50/PROBLEM_010_050_07.cnf,10,50,5.0,0.041608,0.050657,0.8214,0.9,0.9,False,False,0
data/max2sat/10/50/PROBLEM_010_050_08.cnf,10,50,5.0,0.064464,0.049661,1.2981,0.92,0.92,False,False,0
data/max2sat/10/50/PROBLEM_010_050_09.cnf,10,50,5.0,0.038794,0.033902,1.1443,0.88,0.88,False,False,0
data/max2sat/10/50/PROBLEM_010_050_10.cnf,10,50,5.0,0.037189,0.034075,1.0914,0.94,0.94,False,False,0
data/max2sat/10/50/PROBLEM_010_050_11.cnf,10,50,5.0,0.04587,0.036123,1.2698,0.9,0.9,False,False,0
data/max2sat/10/50/PROBLEM_010_050_12.cnf,10,50,5.0,0.048012,0.038407,1.2501,0.9,0.9,False,False,0
data/max2sat/10/50/PROBLEM_010_050_13.cnf,10,50,5.0,0.039205,0.032911,1.1912,0.92,0.92,False,False,0
data/max2sat/10/50/PROBLEM_010_050_14.cnf,10,50,5.0,0.040756,0.036851,1.106,0.94,0.94,False,False,0
data/max2sat/10/50/PROBLEM_010_050_15.cnf,10,50,5.0,0.050255,0.033905,1.4822,0.9,0.9,False,False,0
data/max2sat/10/50/PROBLEM_010_050_16.cnf,10,50,5.0,0.033718,0.037002,0.9112,0.94,0.94,False,False,0
data/max2sat/10/50/PROBLEM_010_050_17.cnf,10,50,5.0,0.03242,0.032933,0.9844,0.9,0.9,False,False,0
data/max2sat/10/50/PROBLEM_010_050_18.cnf,10,50,5.0,0.035898,0.034391,1.0438,0.9,0.9,False,False,0
data/max2sat/10/50/PROBLEM_010_050_19.cnf,10,50,5.0,0.04132,0.034531,1.1966,0.92,0.92,False,False,0
data/max2sat/10/50/PROBLEM_010_050_20.cnf,10,50,5.0,0.035639,0.036964,0.9642,0.9,0.9,False,False,0
data/max2sat/10/50/PROBLEM_010_050_21.cnf,10,50,5.0,0.040851,0.033921,1.2043,0.94,0.94,False,False,0
data/max2sat/10/50/PROBLEM_010_050_22.cnf,10,50,5.0,0.03545,0.032605,1.0873,0.94,0.94,False,False,0
data/max2sat/10/50/PROBLEM_010_050_23.cnf,10,50,5.0,0.032961,0.035625,0.9252,0.88,0.88,False,False,0
data/max2sat/10/50/PROBLEM_010_050_24.cnf,10,50,5.0,0.032365,0.033056,0.9791,0.94,0.94,False,False,0
data/max2sat/10/50/PROBLEM_010_050_25.cnf,10,50,5.0,0.04157,0.037873,1.0976,0.9,0.9,False,False,0
data/max2sat/10/50/PROBLEM_010_050_26.cnf,10,50,5.0,0.034547,0.039028,0.8852,0.9,0.9,False,False,0
data/max2sat/10/50/PROBLEM_010_050_27.cnf,10,50,5.0,0.036673,0.033289,1.1017,0.9,0.9,False,False,0
data/max2sat/10/50/PROBLEM_010_050_28.cnf,10,50,5.0,0.034712,0.032958,1.0532,0.88,0.88,False,False,0
data/max2sat/10/50/PROBLEM_010_050_29.cnf,10,50,5.0,0.036951,0.037327,0.9899,0.92,0.92,False,False,0
data/max2sat/10/50/PROBLEM_010_050_30.cnf,10,50,5.0,0.036375,0.036614,0.9935,0.96,0.96,False,False,0
data/max2sat/10/50/PROBLEM_010_050_31.cnf,10,50,5.0,0.034933,0.032233,1.0838,0.92,0.92,False,False,0
data/max2sat/10/50/PROBLEM_010_050_32.cnf,10,50,5.0,0.041368,0.033733,1.2263,0.88,0.88,False,False,0
data/max2sat/10/50/PROBLEM_010_050_33.cnf,10,50,5.0,0.03629,0.038247,0.9488,0.94,0.94,False,False,0
data/max2sat/10/50/PROBLEM_010_050_34.cnf,10,50,5.0,0.034927,0.037848,0.9228,0.88,0.88,False,False,0
data/max2sat/10/50/PROBLEM_010_050_35.cnf,10,50,5.0,0.03174,0.034011,0.9332,0.88,0.88,False,False,0
data/max2sat/10/50/PROBLEM_010_050_36.cnf,10,50,5.0,0.046439,0.033915,1.3693,0.9,0.9,False,False,0
data/max2sat/10/50/PROBLEM_010_050_37.cnf,10,50,5.0,0.032931,0.035969,0.9155,0.94,0.94,False,False,0
data/max2sat/10/50/PROBLEM_010_050_38.cnf,10,50,5.0,0.035692,0.034641,1.0303,0.92,0.92,False,False,0
data/max2sat/10/50/PROBLEM_010_050_39.cnf,10,50,5.0,0.033755,0.030706,1.0993,0.84,0.84,False,False,0
data/max2sat/10/50/PROBLEM_010_050_40.cnf,10,50,5.0,0.037919,0.033932,1.1175,0.92,0.92,False,False,0
data/max2sat/10/50/PROBLEM_010_050_41.cnf,10,50,5.0,0.035946,0.034581,1.0395,0.94,0.94,False,False,0
data/max2sat/10/50/PROBLEM_010_050_42.cnf,10,50,5.0,0.043911,0.032711,1.3424,0.88,0.88,False,False,0
data/max2sat/10/50/PROBLEM_010_050_43.cnf,10,50,5.0,0.034281,0.029951,1.1446,0.9,0.9,False,False,0
data/max2sat/10/50/PROBLEM_010_050_44.cnf,10,50,5.0,0.033902,0.032894,1.0306,0.9,0.9,False,False,0
data/max2sat/10/50/PROBLEM_010_050_45.cnf,10,50,5.0,0.032878,0.034871,0.9428,0.9,0.9,False,False,0
data/max2sat/10/50/PROBLEM_010_050_46.cnf,10,50,5.0,0.036508,0.034495,1.0584,0.88,0.88,False,False,0
data/max2sat/10/50/PROBLEM_010_050_47.cnf,10,50,5.0,0.048036,0.03693,1.3007,0.94,0.94,False,False,0
data/max2sat/10/50/PROBLEM_010_050_48.cnf,10,50,5.0,0.033909,0.032071,1.0573,0.9,0.9,False,False,0
data/max2sat/10/50/PROBLEM_010_050_49.cnf,10,50,5.0,0.032901,0.032765,1.0042,0.9,0.9,False,False,0
data/max2sat/10/50/PROBLEM_010_050_50.cnf,10,50,5.0,0.034491,0.032928,1.0475,0.9,0.9,False,False,0
data/max2sat/10/60/PROBLEM_010_060_01.cnf,10,60,6.0,0.032375,0.03784,0.8556,0.9,0.9,False,False,0
data/max2sat/10/60/PROBLEM_010_060_02.cnf,10,60,6.0,0.026843,0.028731,0.9343,0.9167,0.9167,False,False,0
data/max2sat/10/60/PROBLEM_010_060_03.cnf,10,60,6.0,0.023827,0.021842,1.0909,0.8667,0.8667,False,False,0
data/max2sat/10/60/PROBLEM_010_060_04.cnf,10,60,6.0,0.033814,0.022464,1.5053,0.9,0.9,False,False,0
data/max2sat/10/60/PROBLEM_010_060_05.cnf,10,60,6.0,0.038553,0.039479,0.9765,0.8833,0.8833,False,False,0
data/max2sat/10/60/PROBLEM_010_060_06.cnf,10,60,6.0,0.039468,0.040048,0.9855,0.9167,0.9167,False,False,0
data/max2sat/10/60/PROBLEM_010_060_07.cnf,10,60,6.0,0.043352,0.047882,0.9054,0.85,0.85,False,False,0
data/max2sat/10/60/PROBLEM_010_060_08.cnf,10,60,6.0,0.053786,0.045373,1.1854,0.9,0.9,False,False,0
data/max2sat/10/60/PROBLEM_010_060_09.cnf,10,60,6.0,0.035351,0.034983,1.0105,0.9,0.9,False,False,0
data/max2sat/10/60/PROBLEM_010_060_10.cnf,10,60,6.0,0.035086,0.037249,0.9419,0.8667,0.8667,False,False,0
data/max2sat/10/60/PROBLEM_010_060_11.cnf,10,60,6.0,0.042029,0.03412,1.2318,0.8833,0.8833,False,False,0
data/max2sat/10/60/PROBLEM_010_060_12.cnf,10,60,6.0,0.039368,0.037111,1.0608,0.8833,0.8833,False,False,0
data/max2sat/10/60/PROBLEM_010_060_13.cnf,10,60,6.0,0.040202,0.034325,1.1712,0.9167,0.9167,False,False,0
data/max2sat/10/60/PROBLEM_010_060_14.cnf,10,60,6.0,0.034986,0.037131,0.9422,0.8667,0.8667,False,False,0
data/max2sat/10/60/PROBLEM_010_060_15.cnf,10,60,6.0,0.044349,0.033421,1.327,0.8833,0.8833,False,False,0
data/max2sat/10/60/PROBLEM_010_060_16.cnf,10,60,6.0,0.037797,0.036929,1.0235,0.8833,0.8833,False,False,0
data/max2sat/10/60/PROBLEM_010_060_17.cnf,10,60,6.0,0.034737,0.033904,1.0246,0.8833,0.8833,False,False,0
data/max2sat/10/60/PROBLEM_010_060_18.cnf,10,60,6.0,0.038795,0.035542,1.0915,0.9,0.9,False,False,0
data/max2sat/10/60/PROBLEM_010_060_19.cnf,10,60,6.0,0.037793,0.036795,1.0271,0.9,0.9,False,False,0
data/max2sat/10/60/PROBLEM_010_060_20.cnf,10,60,6.0,0.035504,0.037098,0.957,0.8833,0.8833,False,False,0
data/max2sat/10/60/PROBLEM_010_060_21.cnf,10,60,6.0,0.035199,0.034938,1.0075,0.9,0.9,False,False,0
data/max2sat/10/60/PROBLEM_010_060_22.cnf,10,60,6.0,0.034838,0.036004,0.9676,0.9,0.9,False,False,0
data/max2sat/10/60/PROBLEM_010_060_23.cnf,10,60,6.0,0.041154,0.0339,1.214,0.8833,0.8833,False,False,0
data/max2sat/10/60/PROBLEM_010_060_24.cnf,10,60,6.0,0.035815,0.036731,0.9751,0.9333,0.9333,False,False,0
data/max2sat/10/60/PROBLEM_010_060_25.cnf,10,60,6.0,0.035076,0.034983,1.0027,0.9,0.9,False,False,0
data/max2sat/10/60/PROBLEM_010_060_26.cnf,10,60,6.0,0.037163,0.035441,1.0486,0.8833,0.8833,False,False,0
data/max2sat/10/60/PROBLEM_010_060_27.cnf,10,60,6.0,0.037534,0.035923,1.0448,0.8833,0.8833,False,False,0
data/max2sat/10/60/PROBLEM_010_060_28.cnf,10,60,6.0,0.035399,0.039264,0.9016,0.9167,0.9167,False,False,0
data/max2sat/10/60/PROBLEM_010_060_29.cnf,10,60,6.0,0.036028,0.035572,1.0128,0.9167,0.9167,False,False,0
data/max2sat/10/60/PROBLEM_010_060_30.cnf,10,60,6.0,0.041981,0.034992,1.1997,0.8667,0.8667,False,False,0
data/max2sat/10/60/PROBLEM_010_060_31.cnf,10,60,6.0,0.033833,0.041419,0.8168,0.9,0.9,False,False,0
data/max2sat/10/60/PROBLEM_010_060_32.cnf,10,60,6.0,0.034784,0.038926,0.8936,0.9,0.9,False,False,0
data/max2sat/10/60/PROBLEM_010_060_33.cnf,10,60,6.0,0.03509,0.0342,1.026,0.8833,0.8833,False,False,0
data/max2sat/10/60/PROBLEM_010_060_34.cnf,10,60,6.0,0.041625,0.033802,1.2314,0.9,0.9,False,False,0
data/max2sat/10/60/PROBLEM_010_060_35.cnf,10,60,6.0,0.033348,0.040823,0.8169,0.8667,0.8667,False,False,0
data/max2sat/10/60/PROBLEM_010_060_36.cnf,10,60,6.0,0.034244,0.035298,0.9701,0.9167,0.9167,False,False,0
data/max2sat/10/60/PROBLEM_010_060_37.cnf,10,60,6.0,0.036537,0.035083,1.0414,0.8833,0.8833,False,False,0
data/max2sat/10/60/PROBLEM_010_060_38.cnf,10,60,6.0,0.041915,0.033578,1.2483,0.9,0.9,False,False,0
data/max2sat/10/60/PROBLEM_010_060_39.cnf,10,60,6.0,0.032908,0.040986,0.8029,0.9333,0.9333,False,False,0
data/max2sat/10/60/PROBLEM_010_060_40.cnf,10,60,6.0,0.033935,0.033619,1.0094,0.9167,0.9167,False,False,0
data/max2sat/10/60/PROBLEM_010_060_41.cnf,10,60,6.0,0.036649,0.041578,0.8815,0.9167,0.9167,False,False,0
data/max2sat/10/60/PROBLEM_010_060_42.cnf,10,60,6.0,0.033917,0.033377,1.0162,0.9,0.9,False,False,0
data/max2sat/10/60/PROBLEM_010_060_43.cnf,10,60,6.0,0.034923,0.035416,0.9861,0.85,0.85,False,False,0
data/max2sat/10/60/PROBLEM_010_060_44.cnf,10,60,6.0,0.037874,0.039282,0.9642,0.9,0.9,False,False,0
data/max2sat/10/60/PROBLEM_010_060_45.cnf,10,60,6.0,0.034833,0.035129,0.9916,0.9,0.9,False,False,0
data/max2sat/10/60/PROBLEM_010_060_46.cnf,10,60,6.0,0.033913,0.040189,0.8438,0.9167,0.9167,False,False,0
data/max2sat/10/60/PROBLEM_010_060_47.cnf,10,60,6.0,0.034927,0.034348,1.0169,0.9333,0.9333,False,False,0
data/max2sat/10/60/PROBLEM_010_060_48.cnf,10,60,6.0,0.035928,0.035344,1.0165,0.9167,0.9167,False,False,0
data/max2sat/10/60/PROBLEM_010_060_49.cnf,10,60,6.0,0.033893,0.036025,0.9408,0.9,0.9,False,False,0
data/max2sat/10/60/PROBLEM_010_060_50.cnf,10,60,6.0,0.034028,0.041093,0.8281,0.8833,0.8833,False,False,0
data/max2sat/10/70/PROBLEM_010_070_01.cnf,10,70,7.0,0.031877,0.038387,0.8304,0.9,0.9,False,False,0
data/max2sat/10/70/PROBLEM_010_070_02.cnf,10,70,7.0,0.020757,0.028755,0.7219,0.8857,0.8857,False,False,0
data/max2sat/10/70/PROBLEM_010_070_03.cnf,10,70,7.0,0.031463,0.029361,1.0716,0.8714,0.8714,False,False,0
data/max2sat/10/70/PROBLEM_010_070_04.cnf,10,70,7.0,0.024874,0.024906,0.9987,0.8714,0.8714,False,False,0
data/max2sat/10/70/PROBLEM_010_070_05.cnf,10,70,7.0,0.038283,0.042832,0.8938,0.8714,0.8714,False,False,0
data/max2sat/10/70/PROBLEM_010_070_06.cnf,10,70,7.0,0.041344,0.04581,0.9025,0.8714,0.8714,False,False,0
data/max2sat/10/70/PROBLEM_010_070_07.cnf,10,70,7.0,0.041917,0.048926,0.8567,0.8429,0.8429,False,False,0
data/max2sat/10/70/PROBLEM_010_070_08.cnf,10,70,7.0,0.046995,0.05181,0.9071,0.9286,0.9286,False,False,0
data/max2sat/10/70/PROBLEM_010_070_09.cnf,10,70,7.0,0.034889,0.035861,0.9729,0.9,0.9,False,False,0
data/max2sat/10/70/PROBLEM_010_070_10.cnf,10,70,7.0,0.042065,0.035001,1.2018,0.8857,0.8857,False,False,0
data/max2sat/10/70/PROBLEM_010_070_11.cnf,10,70,7.0,0.033921,0.038874,0.8726,0.8714,0.8714,False,False,0
data/max2sat/10/70/PROBLEM_010_070_12.cnf,10,70,7.0,0.033669,0.041351,0.8142,0.8714,0.8714,False,False,0
data/max2sat/10/70/PROBLEM_010_070_13.cnf,10,70,7.0,0.037709,0.036892,1.0221,0.9,0.9,False,False,0
data/max2sat/10/70/PROBLEM_010_070_14.cnf,10,70,7.0,0.034563,0.034168,1.0116,0.9286,0.9286,False,False,0
data/max2sat/10/70/PROBLEM_010_070_15.cnf,10,70,7.0,0.042781,0.036378,1.176,0.8857,0.8857,False,False,0
data/max2sat/10/70/PROBLEM_010_070_16.cnf,10,70,7.0,0.036516,0.037913,0.9632,0.8714,0.8714,False,False,0
data/max2sat/10/70/PROBLEM_010_070_17.cnf,10,70,7.0,0.035391,0.036546,0.9684,0.8857,0.8857,False,False,0
data/max2sat/10/70/PROBLEM_010_070_18.cnf,10,70,7.0,0.033406,0.034933,0.9563,0.8857,0.8857,False,False,0
data/max2sat/10/70/PROBLEM_010_070_19.cnf,10,70,7.0,0.037251,0.03715,1.0027,0.8429,0.8429,False,False,0
data/max2sat/10/70/PROBLEM_010_070_20.cnf,10,70,7.0,0.038585,0.034846,1.1073,0.8714,0.8714,False,False,0
data/max2sat/10/70/PROBLEM_010_070_21.cnf,10,70,7.0,0.032732,0.034932,0.937,0.9143,0.9143,False,False,0
data/max2sat/10/70/PROBLEM_010_070_22.cnf,10,70,7.0,0.034745,0.034975,0.9934,0.8571,0.8571,False,False,0
data/max2sat/10/70/PROBLEM_010_070_23.cnf,10,70,7.0,0.036179,0.039379,0.9187,0.8857,0.8857,False,False,0
data/max2sat/10/70/PROBLEM_010_070_24.cnf,10,70,7.0,0.039005,0.037908,1.0289,0.8857,0.8857,False,False,0
data/max2sat/10/70/PROBLEM_010_070_25.cnf,10,70,7.0,0.035561,0.034254,1.0382,0.9,0.9,False,False,0
data/max2sat/10/70/PROBLEM_010_070_26.cnf,10,70,7.0,0.035451,0.033987,1.0431,0.8857,0.8857,False,False,0
data/max2sat/10/70/PROBLEM_010_070_27.cnf,10,70,7.0,0.0364,0.040447,0.8999,0.9,0.9,False,False,0
data/max2sat/10/70/PROBLEM_010_070_28.cnf,10,70,7.0,0.037921,0.039116,0.9694,0.8714,0.8714,False,False,0
data/max2sat/10/70/PROBLEM_010_070_29.cnf,10,70,7.0,0.037374,0.033915,1.102,0.8857,0.8857,False,False,0
data/max2sat/10/70/PROBLEM_010_070_30.cnf,10,70,7.0,0.033629,0.03566,0.943,0.8714,0.8714,False,False,0
data/max2sat/10/70/PROBLEM_010_070_31.cnf,10,70,7.0,0.034914,0.035119,0.9942,0.8857,0.8857,False,False,0
data/max2sat/10/70/PROBLEM_010_070_32.cnf,10,70,7.0,0.037975,0.034908,1.0879,0.9,0.9,False,False,0
data/max2sat/10/70/PROBLEM_010_070_33.cnf,10,70,7.0,0.034519,0.033917,1.0177,0.9,0.9,False,False,0
data/max2sat/10/70/PROBLEM_010_070_34.cnf,10,70,7.0,0.034321,0.033868,1.0134,0.8571,0.8571,False,False,0
data/max2sat/10/70/PROBLEM_010_070_35.cnf,10,70,7.0,0.033918,0.032868,1.0319,0.9143,0.9143,False,False,0
data/max2sat/10/70/PROBLEM_010_070_36.cnf,10,70,7.0,0.036943,0.035738,1.0337,0.8857,0.8857,False,False,0
data/max2sat/10/70/PROBLEM_010_070_37.cnf,10,70,7.0,0.034688,0.033944,1.0219,0.8857,0.8857,False,False,0
data/max2sat/10/70/PROBLEM_010_070_38.cnf,10,70,7.0,0.033531,0.032926,1.0184,0.8429,0.8429,False,False,0
data/max2sat/10/70/PROBLEM_010_070_39.cnf,10,70,7.0,0.033931,0.038308,0.8857,0.8714,0.8714,False,False,0
data/max2sat/10/70/PROBLEM_010_070_40.cnf,10,70,7.0,0.033376,0.037991,0.8785,0.9143,0.9143,False,False,0
data/max2sat/10/70/PROBLEM_010_070_41.cnf,10,70,7.0,0.035313,0.033913,1.0413,0.8857,0.8857,False,False,0
data/max2sat/10/70/PROBLEM_010_070_42.cnf,10,70,7.0,0.035578,0.033911,1.0492,0.8714,0.8714,False,False,0
data/max2sat/10/70/PROBLEM_010_070_43.cnf,10,70,7.0,0.034918,0.03539,0.9867,0.8857,0.8857,False,False,0
data/max2sat/10/70/PROBLEM_010_070_44.cnf,10,70,7.0,0.032916,0.03493,0.9423,0.8857,0.8857,False,False,0
data/max2sat/10/70/PROBLEM_010_070_45.cnf,10,70,7.0,0.038547,0.03792,1.0165,0.8571,0.8571,False,False,0
data/max2sat/10/70/PROBLEM_010_070_46.cnf,10,70,7.0,0.038116,0.033935,1.1232,0.8714,0.8714,False,False,0
data/max2sat/10/70/PROBLEM_010_070_47.cnf,10,70,7.0,0.034699,0.033422,1.0382,0.8857,0.8857,False,False,0
data/max2sat/10/70/PROBLEM_010_070_48.cnf,10,70,7.0,0.032877,0.032988,0.9966,0.8714,0.8714,False,False,0
data/max2sat/10/70/PROBLEM_010_070_49.cnf,10,70,7.0,0.034868,0.033624,1.037,0.8857,0.8857,False,False,0
data/max2sat/10/70/PROBLEM_010_070_50.cnf,10,70,7.0,0.035429,0.036952,0.9588,0.8857,0.8857,False,False,0
data/max2sat/10/80/PROBLEM_010_080_01.cnf,10,80,8.0,0.034105,0.031084,1.0972,0.8875,0.8875,False,False,0
data/max2sat/10/80/PROBLEM_010_080_02.cnf,10,80,8.0,0.023221,0.02701,0.8597,0.8875,0.8875,False,False,0
data/max2sat/10/80/PROBLEM_010_080_03.cnf,10,80,8.0,0.034471,0.03093,1.1145,0.8625,0.8625,False,False,0
data/max2sat/10/80/PROBLEM_010_080_04.cnf,10,80,8.0,0.030218,0.023513,1.2852,0.85,0.85,False,False,0
data/max2sat/10/80/PROBLEM_010_080_05.cnf,10,80,8.0,0.040073,0.041201,0.9726,0.85,0.85,False,False,0
data/max2sat/10/80/PROBLEM_010_080_06.cnf,10,80,8.0,0.037883,0.041277,0.9178,0.875,0.875,False,False,0
data/max2sat/10/80/PROBLEM_010_080_07.cnf,10,80,8.0,0.047056,0.045757,1.0284,0.8875,0.8875,False,False,0
data/max2sat/10/80/PROBLEM_010_080_08.cnf,10,80,8.0,0.054053,0.048441,1.1159,0.8875,0.8875,False,False,0
data/max2sat/10/80/PROBLEM_010_080_09.cnf,10,80,8.0,0.033875,0.035652,0.9502,0.9,0.9,False,False,0
data/max2sat/10/80/PROBLEM_010_080_10.cnf,10,80,8.0,0.033924,0.034701,0.9776,0.8625,0.8625,False,False,0
data/max2sat/10/80/PROBLEM_010_080_11.cnf,10,80,8.0,0.032853,0.040384,0.8135,0.875,0.875,False,False,0
data/max2sat/10/80/PROBLEM_010_080_12.cnf,10,80,8.0,0.038998,0.036523,1.0678,0.8875,0.8875,False,False,0
data/max2sat/10/80/PROBLEM_010_080_13.cnf,10,80,8.0,0.037342,0.033947,1.1,0.875,0.875,False,False,0
data/max2sat/10/80/PROBLEM_010_080_14.cnf,10,80,8.0,0.034107,0.033844,1.0078,0.875,0.875,False,False,0
data/max2sat/10/80/PROBLEM_010_080_15.cnf,10,80,8.0,0.034935,0.040483,0.863,0.9,0.9,False,False,0
data/max2sat/10/80/PROBLEM_010_080_16.cnf,10,80,8.0,0.037925,0.037868,1.0015,0.8625,0.8625,False,False,0
data/max2sat/10/80/PROBLEM_010_080_17.cnf,10,80,8.0,0.035167,0.034932,1.0067,0.8875,0.8875,False,False,0
data/max2sat/10/80/PROBLEM_010_080_18.cnf,10,80,8.0,0.035509,0.034835,1.0193,0.8625,0.8625,False,False,0
data/max2sat/10/80/PROBLEM_010_080_19.cnf,10,80,8.0,0.034865,0.037382,0.9327,0.875,0.875,False,False,0
data/max2sat/10/80/PROBLEM_010_080_20.cnf,10,80,8.0,0.038351,0.038409,0.9985,0.875,0.875,False,False,0
data/max2sat/10/80/PROBLEM_010_080_21.cnf,10,80,8.0,0.035591,0.037073,0.96,0.8875,0.8875,False,False,0
data/max2sat/10/80/PROBLEM_010_080_22.cnf,10,80,8.0,0.037729,0.036958,1.0209,0.8625,0.8625,False,False,0
data/max2sat/10/80/PROBLEM_010_080_23.cnf,10,80,8.0,0.034113,0.044697,0.7632,0.875,0.875,False,False,0
data/max2sat/10/80/PROBLEM_010_080_24.cnf,10,80,8.0,0.037996,0.058848,0.6457,0.8625,0.8625,False,False,0
data/max2sat/10/80/PROBLEM_010_080_25.cnf,10,80,8.0,0.039161,0.036992,1.0586,0.85,0.85,False,False,0
data/max2sat/10/80/PROBLEM_010_080_26.cnf,10,80,8.0,0.038157,0.034128,1.1181,0.8875,0.8875,False,False,0
data/max2sat/10/80/PROBLEM_010_080_27.cnf,10,80,8.0,0.034114,0.040201,0.8486,0.925,0.925,False,False,0
data/max2sat/10/80/PROBLEM_010_080_28.cnf,10,80,8.0,0.040471,0.040612,0.9965,0.8625,0.8625,False,False,0
data/max2sat/10/80/PROBLEM_010_080_29.cnf,10,80,8.0,0.038353,0.040754,0.9411,0.9125,0.9125,False,False,0
data/max2sat/10/80/PROBLEM_010_080_30.cnf,10,80,8.0,0.03716,0.051815,0.7172,0.875,0.875,False,False,0
data/max2sat/10/80/PROBLEM_010_080_31.cnf,10,80,8.0,0.033959,0.035222,0.9641,0.8625,0.8625,False,False,0
data/max2sat/10/80/PROBLEM_010_080_32.cnf,10,80,8.0,0.035679,0.033794,1.0558,0.8875,0.8875,False,False,0
data/max2sat/10/80/PROBLEM_010_080_33.cnf,10,80,8.0,0.038232,0.042586,0.8978,0.8625,0.8625,False,False,0
data/max2sat/10/80/PROBLEM_010_080_34.cnf,10,80,8.0,0.037474,0.034848,1.0754,0.9,0.9,False,False,0
data/max2sat/10/80/PROBLEM_010_080_35.cnf,10,80,8.0,0.036987,0.048911,0.7562,0.9125,0.9125,False,False,0
data/max2sat/10/80/PROBLEM_010_080_36.cnf,10,80,8.0,0.03379,0.047842,0.7063,0.875,0.875,False,False,0
data/max2sat/10/80/PROBLEM_010_080_37.cnf,10,80,8.0,0.036703,0.044055,0.8331,0.8375,0.8375,False,False,0
data/max2sat/10/80/PROBLEM_010_080_38.cnf,10,80,8.0,0.034142,0.035313,0.9668,0.8875,0.8875,False,False,0
data/max2sat/10/80/PROBLEM_010_080_39.cnf,10,80,8.0,0.036762,0.046856,0.7846,0.8625,0.8625,False,False,0
data/max2sat/10/80/PROBLEM_010_080_40.cnf,10,80,8.0,0.037507,0.047142,0.7956,0.85,0.85,False,False,0
data/max2sat/10/80/PROBLEM_010_080_41.cnf,10,80,8.0,0.034645,0.043338,0.7994,0.85,0.85,False,False,0
data/max2sat/10/80/PROBLEM_010_080_42.cnf,10,80,8.0,0.033559,0.035878,0.9354,0.85,0.85,False,False,0
data/max2sat/10/80/PROBLEM_010_080_43.cnf,10,80,8.0,0.037617,0.033843,1.1115,0.875,0.875,False,False,0
data/max2sat/10/80/PROBLEM_010_080_44.cnf,10,80,8.0,0.035686,0.034554,1.0328,0.8875,0.8875,False,False,0
data/max2sat/10/80/PROBLEM_010_080_45.cnf,10,80,8.0,0.036215,0.037801,0.958,0.8875,0.8875,False,False,0
data/max2sat/10/80/PROBLEM_010_080_46.cnf,10,80,8.0,0.034708,0.04194,0.8276,0.875,0.875,False,False,0
data/max2sat/10/80/PROBLEM_010_080_47.cnf,10,80,8.0,0.037823,0.033906,1.1155,0.875,0.875,False,False,0
data/max2sat/10/80/PROBLEM_010_080_48.cnf,10,80,8.0,0.033994,0.035702,0.9522,0.875,0.875,False,False,0
data/max2sat/10/80/PROBLEM_010_080_49.cnf,10,80,8.0,0.034586,0.036882,0.9377,0.875,0.875,False,False,0
data/max2sat/10/80/PROBLEM_010_080_50.cnf,10,80,8.0,0.035502,0.04147,0.8561,0.875,0.875,False,False,0
data/max2sat/10/90/PROBLEM_010_090_01.cnf,10,90,9.0,0.035305,0.038465,0.9178,0.8333,0.8333,False,False,0
data/max2sat/10/90/PROBLEM_010_090_02.cnf,10,90,9.0,0.02467,0.021267,1.16,0.9111,0.9111,False,False,0
data/max2sat/10/90/PROBLEM_010_090_03.cnf,10,90,9.0,0.025336,0.023764,1.0662,0.8667,0.8667,False,False,0
data/max2sat/10/90/PROBLEM_010_090_04.cnf,10,90,9.0,0.024601,0.027438,0.8966,0.8778,0.8778,False,False,0
data/max2sat/10/90/PROBLEM_010_090_05.cnf,10,90,9.0,0.042606,0.039916,1.0674,0.8444,0.8444,False,False,0
data/max2sat/10/90/PROBLEM_010_090_06.cnf,10,90,9.0,0.042527,0.03999,1.0634,0.8889,0.8889,False,False,0
data/max2sat/10/90/PROBLEM_010_090_07.cnf,10,90,9.0,0.039583,0.045899,0.8624,0.9,0.9,False,False,0
data/max2sat/10/90/PROBLEM_010_090_08.cnf,10,90,9.0,0.046427,0.046579,0.9967,0.8778,0.8778,False,False,0
data/max2sat/10/90/PROBLEM_010_090_09.cnf,10,90,9.0,0.032639,0.034457,0.9472,0.8889,0.8889,False,False,0
data/max2sat/10/90/PROBLEM_010_090_10.cnf,10,90,9.0,0.033267,0.032627,1.0196,0.8667,0.8667,False,False,0
data/max2sat/10/90/PROBLEM_010_090_11.cnf,10,90,9.0,0.034478,0.041248,0.8359,0.8333,0.8333,False,False,0
data/max2sat/10/90/PROBLEM_010_090_12.cnf,10,90,9.0,0.038949,0.035967,1.0829,0.9333,0.9333,False,False,0
data/max2sat/10/90/PROBLEM_010_090_13.cnf,10,90,9.0,0.034643,0.035721,0.9698,0.9,0.9,False,False,0
data/max2sat/10/90/PROBLEM_010_090_14.cnf,10,90,9.0,0.034834,0.035778,0.9736,0.8444,0.8444,False,False,0
data/max2sat/10/90/PROBLEM_010_090_15.cnf,10,90,9.0,0.034899,0.037576,0.9288,0.8667,0.8667,False,False,0
data/max2sat/10/90/PROBLEM_010_090_16.cnf,10,90,9.0,0.036804,0.041964,0.877,0.8667,0.8667,False,False,0
data/max2sat/10/90/PROBLEM_010_090_17.cnf,10,90,9.0,0.035911,0.03683,0.975,0.8667,0.8667,False,False,0
data/max2sat/10/90/PROBLEM_010_090_18.cnf,10,90,9.0,0.039282,0.036101,1.0881,0.8556,0.8556,False,False,0
data/max2sat/10/90/PROBLEM_010_090_19.cnf,10,90,9.0,0.038147,0.037317,1.0222,0.8667,0.8667,False,False,0
data/max2sat/10/90/PROBLEM_010_090_20.cnf,10,90,9.0,0.037902,0.041422,0.915,0.8667,0.8667,False,False,0
data/max2sat/10/90/PROBLEM_010_090_21.cnf,10,90,9.0,0.03693,0.033767,1.0937,0.8556,0.8556,False,False,0
data/max2sat/10/90/PROBLEM_010_090_22.cnf,10,90,9.0,0.037718,0.033856,1.1141,0.8778,0.8778,False,False,0
data/max2sat/10/90/PROBLEM_010_090_23.cnf,10,90,9.0,0.034776,0.036001,0.966,0.8667,0.8667,False,False,0
data/max2sat/10/90/PROBLEM_010_090_24.cnf,10,90,9.0,0.036905,0.037933,0.9729,0.8556,0.8556,False,False,0
data/max2sat/10/90/PROBLEM_010_090_25.cnf,10,90,9.0,0.035938,0.035657,1.0079,0.8778,0.8778,False,False,0
data/max2sat/10/90/PROBLEM_010_090_26.cnf,10,90,9.0,0.033241,0.038862,0.8554,0.8778,0.8778,False,False,0
data/max2sat/10/90/PROBLEM_010_090_27.cnf,10,90,9.0,0.036827,0.03622,1.0168,0.8778,0.8778,False,False,0
data/max2sat/10/90/PROBLEM_010_090_28.cnf,10,90,9.0,0.036928,0.0348,1.0611,0.8556,0.8556,False,False,0
data/max2sat/10/90/PROBLEM_010_090_29.cnf,10,90,9.0,0.036024,0.036636,0.9833,0.8667,0.8667,False,False,0
data/max2sat/10/90/PROBLEM_010_090_30.cnf,10,90,9.0,0.036575,0.042302,0.8646,0.8667,0.8667,False,False,0
data/max2sat/10/90/PROBLEM_010_090_31.cnf,10,90,9.0,0.036899,0.034896,1.0574,0.8667,0.8667,False,False,0
data/max2sat/10/90/PROBLEM_010_090_32.cnf,10,90,9.0,0.037921,0.034895,1.0867,0.8667,0.8667,False,False,0
data/max2sat/10/90/PROBLEM_010_090_33.cnf,10,90,9.0,0.034908,0.036275,0.9623,0.8556,0.8556,False,False,0
data/max2sat/10/90/PROBLEM_010_090_34.cnf,10,90,9.0,0.036087,0.040921,0.8819,0.8556,0.8556,False,False,0
data/max2sat/10/90/PROBLEM_010_090_35.cnf,10,90,9.0,0.035919,0.033911,1.0592,0.8778,0.8778,False,False,0
data/max2sat/10/90/PROBLEM_010_090_36.cnf,10,90,9.0,0.036929,0.033925,1.0885,0.9,0.9,False,False,0
data/max2sat/10/90/PROBLEM_010_090_37.cnf,10,90,9.0,0.033361,0.03712,0.8987,0.8444,0.8444,False,False,0
data/max2sat/10/90/PROBLEM_010_090_38.cnf,10,90,9.0,0.039291,0.037981,1.0345,0.8667,0.8667,False,False,0
data/max2sat/10/90/PROBLEM_010_090_39.cnf,10,90,9.0,0.036703,0.035938,1.0213,0.8556,0.8556,False,False,0
data/max2sat/10/90/PROBLEM_010_090_40.cnf,10,90,9.0,0.038619,0.033978,1.1366,0.8889,0.8889,False,False,0
data/max2sat/10/90/PROBLEM_010_090_41.cnf,10,90,9.0,0.034051,0.035542,0.958,0.8667,0.8667,False,False,0
data/max2sat/10/90/PROBLEM_010_090_42.cnf,10,90,9.0,0.040377,0.037913,1.065,0.8667,0.8667,False,False,0
data/max2sat/10/90/PROBLEM_010_090_43.cnf,10,90,9.0,0.03792,0.037929,0.9998,0.8556,0.8556,False,False,0
data/max2sat/10/90/PROBLEM_010_090_44.cnf,10,90,9.0,0.037911,0.03292,1.1516,0.9222,0.9222,False,False,0
data/max2sat/10/90/PROBLEM_010_090_45.cnf,10,90,9.0,0.034569,0.034541,1.0008,0.8778,0.8778,False,False,0
data/max2sat/10/90/PROBLEM_010_090_46.cnf,10,90,9.0,0.036805,0.034873,1.0554,0.8778,0.8778,False,False,0
data/max2sat/10/90/PROBLEM_010_090_47.cnf,10,90,9.0,0.038145,0.039836,0.9576,0.8889,0.8889,False,False,0
data/max2sat/10/90/PROBLEM_010_090_48.cnf,10,90,9.0,0.035085,0.032883,1.067,0.8778,0.8778,False,False,0
data/max2sat/10/90/PROBLEM_010_090_49.cnf,10,90,9.0,0.034921,0.036045,0.9688,0.8444,0.8444,False,False,0
data/max2sat/10/90/PROBLEM_010_090_50.cnf,10,90,9.0,0.03532,0.032639,1.0821,0.8667,0.8667,False,False,0
data/max2sat/100/100/PROBLEM_100_100_01.cnf,100,100,1.0,0.155154,0.151821,1.022,1.0,1.0,True,True,0
data/max2sat/100/100/PROBLEM_100_100_02.cnf,100,100,1.0,0.147467,0.14711,1.0024,1.0,1.0,True,True,0
data/max2sat/100/100/PROBLEM_100_100_03.cnf,100,100,1.0,0.14845,0.151063,0.9827,1.0,1.0,True,True,0
data/max2sat/100/100/PROBLEM_100_100_04.cnf,100,100,1.0,0.170451,0.159056,1.0716,1.0,1.0,True,True,0
data/max2sat/100/100/PROBLEM_100_100_05.cnf,100,100,1.0,0.283484,0.282055,1.0051,1.0,1.0,True,True,0
data/max2sat/100/100/PROBLEM_100_100_06.cnf,100,100,1.0,0.286781,0.287029,0.9991,1.0,1.0,True,True,0
data/max2sat/100/100/PROBLEM_100_100_07.cnf,100,100,1.0,0.286655,0.288762,0.9927,1.0,1.0,True,True,0
data/max2sat/100/100/PROBLEM_100_100_08.cnf,100,100,1.0,0.328565,0.304413,1.0793,1.0,1.0,True,True,0
data/max2sat/100/100/PROBLEM_100_100_09.cnf,100,100,1.0,0.280317,0.27488,1.0198,1.0,1.0,True,True,0
data/max2sat/100/100/PROBLEM_100_100_10.cnf,100,100,1.0,0.274329,0.290188,0.9453,1.0,1.0,True,True,0
data/max2sat/100/100/PROBLEM_100_100_11.cnf,100,100,1.0,0.27623,0.281942,0.9797,1.0,1.0,True,True,0
data/max2sat/100/100/PROBLEM_100_100_12.cnf,100,100,1.0,0.311074,0.324895,0.9575,1.0,1.0,True,True,0
data/max2sat/100/100/PROBLEM_100_100_13.cnf,100,100,1.0,0.275317,0.275885,0.9979,1.0,1.0,True,True,0
data/max2sat/100/100/PROBLEM_100_100_14.cnf,100,100,1.0,0.272542,0.289109,0.9427,1.0,1.0,True,True,0
data/max2sat/100/100/PROBLEM_100_100_15.cnf,100,100,1.0,0.274299,0.307484,0.8921,1.0,1.0,True,True,0
data/max2sat/100/100/PROBLEM_100_100_16.cnf,100,100,1.0,0.301853,0.339622,0.8888,1.0,1.0,True,True,0
data/max2sat/100/100/PROBLEM_100_100_17.cnf,100,100,1.0,0.279257,0.279863,0.9978,1.0,1.0,True,True,0
data/max2sat/100/100/PROBLEM_100_100_18.cnf,100,100,1.0,0.276409,0.296829,0.9312,1.0,1.0,True,True,0
data/max2sat/100/100/PROBLEM_100_100_19.cnf,100,100,1.0,0.271414,0.298068,0.9106,1.0,1.0,True,True,0
data/max2sat/100/100/PROBLEM_100_100_20.cnf,100,100,1.0,0.3077,0.305876,1.006,1.0,1.0,True,True,0
data/max2sat/100/100/PROBLEM_100_100_21.cnf,100,100,1.0,0.278684,0.279879,0.9957,1.0,1.0,True,True,0
data/max2sat/100/100/PROBLEM_100_100_22.cnf,100,100,1.0,0.275194,0.323757,0.85,1.0,1.0,True,True,0
data/max2sat/100/100/PROBLEM_100_100_23.cnf,100,100,1.0,0.276304,0.296767,0.931,1.0,1.0,True,True,0
data/max2sat/100/100/PROBLEM_100_100_24.cnf,100,100,1.0,0.322917,0.294174,1.0977,1.0,1.0,True,True,0
data/max2sat/100/100/PROBLEM_100_100_25.cnf,100,100,1.0,0.288861,0.278047,1.0389,1.0,1.0,True,True,0
data/max2sat/100/100/PROBLEM_100_100_26.cnf,100,100,1.0,0.273984,0.306999,0.8925,1.0,1.0,True,True,0
data/max2sat/100/100/PROBLEM_100_100_27.cnf,100,100,1.0,0.285972,0.306259,0.9338,1.0,1.0,True,True,0
data/max2sat/100/100/PROBLEM_100_100_28.cnf,100,100,1.0,0.300868,0.307866,0.9773,1.0,1.0,True,True,0
data/max2sat/100/100/PROBLEM_100_100_29.cnf,100,100,1.0,0.278604,0.276852,1.0063,1.0,1.0,True,True,0
data/max2sat/100/100/PROBLEM_100_100_30.cnf,100,100,1.0,0.290427,0.287937,1.0086,1.0,1.0,True,True,0
data/max2sat/100/100/PROBLEM_100_100_31.cnf,100,100,1.0,0.308614,0.280926,1.0986,1.0,1.0,True,True,0
data/max2sat/100/100/PROBLEM_100_100_32.cnf,100,100,1.0,0.285739,0.30945,0.9234,1.0,1.0,True,True,0
data/max2sat/100/100/PROBLEM_100_100_33.cnf,100,100,1.0,0.274888,0.275702,0.997,1.0,1.0,True,True,0
data/max2sat/100/100/PROBLEM_100_100_34.cnf,100,100,1.0,0.284026,0.279919,1.0147,1.0,1.0,True,True,0
data/max2sat/100/100/PROBLEM_100_100_35.cnf,100,100,1.0,0.300882,0.280086,1.0742,1.0,1.0,True,True,0
data/max2sat/100/100/PROBLEM_100_100_36.cnf,100,100,1.0,0.307907,0.293874,1.0478,1.0,1.0,True,True,0
data/max2sat/100/100/PROBLEM_100_100_37.cnf,100,100,1.0,0.272886,0.272888,1.0,1.0,1.0,True,True,0
data/max2sat/100/100/PROBLEM_100_100_38.cnf,100,100,1.0,0.276878,0.273858,1.011,1.0,1.0,True,True,0
data/max2sat/100/100/PROBLEM_100_100_39.cnf,100,100,1.0,0.277012,0.279631,0.9906,1.0,1.0,True,True,0
data/max2sat/100/100/PROBLEM_100_100_40.cnf,100,100,1.0,0.285891,0.278879,1.0251,1.0,1.0,True,True,0
data/max2sat/100/100/PROBLEM_100_100_41.cnf,100,100,1.0,0.291883,0.282898,1.0318,1.0,1.0,True,True,0
data/max2sat/100/100/PROBLEM_100_100_42.cnf,100,100,1.0,0.279981,0.276518,1.0125,1.0,1.0,True,True,0
data/max2sat/100/100/PROBLEM_100_100_43.cnf,100,100,1.0,0.272019,0.281767,0.9654,1.0,1.0,True,True,0
data/max2sat/100/100/PROBLEM_100_100_44.cnf,100,100,1.0,0.273923,0.275863,0.993,1.0,1.0,True,True,0
data/max2sat/100/100/PROBLEM_100_100_45.cnf,100,100,1.0,0.282968,0.284882,0.9933,1.0,1.0,True,True,0
data/max2sat/100/100/PROBLEM_100_100_46.cnf,100,100,1.0,0.291205,0.275074,1.0586,1.0,1.0,True,True,0
data/max2sat/100/100/PROBLEM_100_100_47.cnf,100,100,1.0,0.274816,0.288888,0.9513,1.0,1.0,True,True,0
data/max2sat/100/100/PROBLEM_100_100_48.cnf,100,100,1.0,0.269003,0.269878,0.9968,1.0,1.0,True,True,0
data/max2sat/100/100/PROBLEM_100_100_49.cnf,100,100,1.0,0.278135,0.275283,1.0104,1.0,1.0,True,True,0
data/max2sat/100/100/PROBLEM_100_100_50.cnf,100,100,1.0,0.281754,0.269295,1.0463,1.0,1.0,True,True,0
data/max2sat/20/100/PROBLEM_020_100_01.cnf,20,100,5.0,0.050438,0.049451,1.02,0.89,0.89,False,False,0
data/max2sat/20/100/PROBLEM_020_100_02.cnf,20,100,5.0,0.040665,0.0395,1.0295,0.89,0.89,False,False,0
data/max2sat/20/100/PROBLEM_020_100_03.cnf,20,100,5.0,0.040736,0.053488,0.7616,0.92,0.92,False,False,0
data/max2sat/20/100/PROBLEM_020_100_04.cnf,20,100,5.0,0.041537,0.040478,1.0262,0.91,0.91,False,False,0
data/max2sat/20/100/PROBLEM_020_100_05.cnf,20,100,5.0,0.07382,0.070822,1.0423,0.93,0.93,False,False,0
data/max2sat/20/100/PROBLEM_020_100_06.cnf,20,100,5.0,0.078509,0.075468,1.0403,0.9,0.9,False,False,0
data/max2sat/20/100/PROBLEM_020_100_07.cnf,20,100,5.0,0.075291,0.073465,1.0249,0.94,0.94,False,False,0
data/max2sat/20/100/PROBLEM_020_100_08.cnf,20,100,5.0,0.077531,0.089466,0.8666,0.91,0.91,False,False,0
data/max2sat/20/100/PROBLEM_020_100_09.cnf,20,100,5.0,0.073902,0.067844,1.0893,0.92,0.92,False,False,0
data/max2sat/20/100/PROBLEM_020_100_10.cnf,20,100,5.0,0.071887,0.067957,1.0578,0.93,0.93,False,False,0
data/max2sat/20/100/PROBLEM_020_100_11.cnf,20,100,5.0,0.072009,0.067738,1.0631,0.9,0.9,False,False,0
data/max2sat/20/100/PROBLEM_020_100_12.cnf,20,100,5.0,0.075914,0.073929,1.0269,0.91,0.91,False,False,0
data/max2sat/20/100/PROBLEM_020_100_13.cnf,20,100,5.0,0.072697,0.072573,1.0017,0.91,0.91,False,False,0
data/max2sat/20/100/PROBLEM_020_100_14.cnf,20,100,5.0,0.067775,0.066923,1.0127,0.91,0.91,False,False,0
data/max2sat/20/100/PROBLEM_020_100_15.cnf,20,100,5.0,0.069063,0.066699,1.0354,0.89,0.89,False,False,0
data/max2sat/20/100/PROBLEM_020_100_16.cnf,20,100,5.0,0.076935,0.073914,1.0409,0.93,0.93,False,False,0
data/max2sat/20/100/PROBLEM_020_100_17.cnf,20,100,5.0,0.064983,0.066937,0.9708,0.91,0.91,False,False,0
data/max2sat/20/100/PROBLEM_020_100_18.cnf,20,100,5.0,0.065457,0.068989,0.9488,0.9,0.9,False,False,0
data/max2sat/20/100/PROBLEM_020_100_19.cnf,20,100,5.0,0.06757,0.069111,0.9777,0.87,0.87,False,False,0
data/max2sat/20/100/PROBLEM_020_100_20.cnf,20,100,5.0,0.075899,0.074901,1.0133,0.9,0.9,False,False,0
data/max2sat/20/100/PROBLEM_020_100_21.cnf,20,100,5.0,0.074196,0.06691,1.1089,0.9,0.9,False,False,0
data/max2sat/20/100/PROBLEM_020_100_22.cnf,20,100,5.0,0.067402,0.07415,0.909,0.9,0.9,False,False,0
data/max2sat/20/100/PROBLEM_020_100_23.cnf,20,100,5.0,0.068267,0.067918,1.0051,0.93,0.93,False,False,0
data/max2sat/20/100/PROBLEM_020_100_24.cnf,20,100,5.0,0.071843,0.074909,0.9591,0.88,0.88,False,False,0
data/max2sat/20/100/PROBLEM_020_100_25.cnf,20,100,5.0,0.070667,0.067925,1.0404,0.93,0.93,False,False,0
data/max2sat/20/100/PROBLEM_020_100_26.cnf,20,100,5.0,0.070954,0.069013,1.0281,0.9,0.9,False,False,0
data/max2sat/20/100/PROBLEM_020_100_27.cnf,20,100,5.0,0.074903,0.067422,1.111,0.92,0.92,False,False,0
data/max2sat/20/100/PROBLEM_020_100_28.cnf,20,100,5.0,0.068865,0.070915,0.9711,0.92,0.92,False,False,0
data/max2sat/20/100/PROBLEM_020_100_29.cnf,20,100,5.0,0.068972,0.068002,1.0143,0.95,0.95,False,False,0
data/max2sat/20/100/PROBLEM_020_100_30.cnf,20,100,5.0,0.070326,0.068805,1.0221,0.89,0.89,False,False,0
data/max2sat/20/100/PROBLEM_020_100_31.cnf,20,100,5.0,0.074918,0.062913,1.1908,0.93,0.93,False,False,0
data/max2sat/20/100/PROBLEM_020_100_32.cnf,20,100,5.0,0.068924,0.071908,0.9585,0.89,0.89,False,False,0
data/max2sat/20/100/PROBLEM_020_100_33.cnf,20,100,5.0,0.069219,0.06694,1.034,0.94,0.94,False,False,0
data/max2sat/20/100/PROBLEM_020_100_34.cnf,20,100,5.0,0.070107,0.067299,1.0417,0.92,0.92,False,False,0
data/max2sat/20/100/PROBLEM_020_100_35.cnf,20,100,5.0,0.077967,0.068741,1.1342,0.92,0.92,False,False,0
data/max2sat/20/100/PROBLEM_020_100_36.cnf,20,100,5.0,0.0679,0.06891,0.9853,0.9,0.9,False,False,0
data/max2sat/20/100/PROBLEM_020_100_37.cnf,20,100,5.0,0.069226,0.069777,0.9921,0.88,0.88,False,False,0
data/max2sat/20/100/PROBLEM_020_100_38.cnf,20,100,5.0,0.06777,0.066239,1.0231,0.94,0.94,False,False,0
data/max2sat/20/100/PROBLEM_020_100_39.cnf,20,100,5.0,0.072943,0.069045,1.0565,0.91,0.91,False,False,0
data/max2sat/20/100/PROBLEM_020_100_40.cnf,20,100,5.0,0.07491,0.067916,1.103,0.91,0.91,False,False,0
data/max2sat/20/100/PROBLEM_020_100_41.cnf,20,100,5.0,0.068589,0.070911,0.9673,0.92,0.92,False,False,0
data/max2sat/20/100/PROBLEM_020_100_42.cnf,20,100,5.0,0.067871,0.06962,0.9749,0.9,0.9,False,False,0
data/max2sat/20/100/PROBLEM_020_100_43.cnf,20,100,5.0,0.068918,0.072834,0.9462,0.89,0.89,False,False,0
data/max2sat/20/100/PROBLEM_020_100_44.cnf,20,100,5.0,0.075863,0.068919,1.1008,0.89,0.89,False,False,0
data/max2sat/20/100/PROBLEM_020_100_45.cnf,20,100,5.0,0.070463,0.072009,0.9785,0.92,0.92,False,False,0
data/max2sat/20/100/PROBLEM_020_100_46.cnf,20,100,5.0,0.073194,0.075614,0.968,0.88,0.88,False,False,0
data/max2sat/20/100/PROBLEM_020_100_47.cnf,20,100,5.0,0.067197,0.076905,0.8738,0.93,0.93,False,False,0
data/max2sat/20/100/PROBLEM_020_100_48.cnf,20,100,5.0,0.077162,0.068898,1.1199,0.89,0.89,False,False,0
data/max2sat/20/100/PROBLEM_020_100_49.cnf,20,100,5.0,0.074864,0.069007,1.0849,0.89,0.89,False,False,0
data/max2sat/20/100/PROBLEM_020_100_50.cnf,20,100,5.0,0.073257,0.074487,0.9835,0.93,0.93,False,False,0
data/max2sat/20/20/PROBLEM_020_020_01.cnf,20,20,1.0,0.048504,0.043648,1.1113,1.0,1.0,True,True,0
data/max2sat/20/20/PROBLEM_020_020_02.cnf,20,20,1.0,0.029781,0.032254,0.9233,1.0,1.0,True,True,0
data/max2sat/20/20/PROBLEM_020_020_03.cnf,20,20,1.0,0.033413,0.04108,0.8134,1.0,1.0,True,True,0
data/max2sat/20/20/PROBLEM_020_020_04.cnf,20,20,1.0,0.033148,0.037368,0.8871,1.0,1.0,True,True,0
data/max2sat/20/20/PROBLEM_020_020_05.cnf,20,20,1.0,0.057634,0.060496,0.9527,1.0,1.0,True,True,0
data/max2sat/20/20/PROBLEM_020_020_06.cnf,20,20,1.0,0.061086,0.065532,0.9322,1.0,1.0,True,True,0
data/max2sat/20/20/PROBLEM_020_020_07.cnf,20,20,1.0,0.062088,0.06561,0.9463,1.0,1.0,True,True,0
data/max2sat/20/20/PROBLEM_020_020_08.cnf,20,20,1.0,0.070015,0.075095,0.9324,1.0,1.0,True,True,0
data/max2sat/20/20/PROBLEM_020_020_09.cnf,20,20,1.0,0.06038,0.053007,1.1391,1.0,1.0,True,True,0
data/max2sat/20/20/PROBLEM_020_020_10.cnf,20,20,1.0,0.052886,0.056276,0.9398,1.0,1.0,True,True,0
data/max2sat/20/20/PROBLEM_020_020_11.cnf,20,20,1.0,0.056668,0.055974,1.0124,1.0,1.0,True,True,0
data/max2sat/20/20/PROBLEM_020_020_12.cnf,20,20,1.0,0.059742,0.06365,0.9386,1.0,1.0,True,True,0
data/max2sat/20/20/PROBLEM_020_020_13.cnf,20,20,1.0,0.056399,0.056735,0.9941,1.0,1.0,True,True,0
data/max2sat/20/20/PROBLEM_020_020_14.cnf,20,20,1.0,0.058898,0.052935,1.1126,1.0,1.0,True,True,0
data/max2sat/20/20/PROBLEM_020_020_15.cnf,20,20,1.0,0.052884,0.052649,1.0045,1.0,1.0,True,True,0
data/max2sat/20/20/PROBLEM_020_020_16.cnf,20,20,1.0,0.054116,0.064236,0.8425,1.0,1.0,True,True,0
data/max2sat/20/20/PROBLEM_020_020_17.cnf,20,20,1.0,0.05493,0.058274,0.9426,1.0,1.0,True,True,0
data/max2sat/20/20/PROBLEM_020_020_18.cnf,20,20,1.0,0.053726,0.053796,0.9987,1.0,1.0,True,True,0
data/max2sat/20/20/PROBLEM_020_020_19.cnf,20,20,1.0,0.058706,0.052846,1.1109,1.0,1.0,True,True,0
data/max2sat/20/20/PROBLEM_020_020_20.cnf,20,20,1.0,0.056637,0.070384,0.8047,1.0,1.0,True,True,0
data/max2sat/20/20/PROBLEM_020_020_21.cnf,20,20,1.0,0.053921,0.053904,1.0003,1.0,1.0,True,True,0
data/max2sat/20/20/PROBLEM_020_020_22.cnf,20,20,1.0,0.05925,0.055918,1.0596,1.0,1.0,True,True,0
data/max2sat/20/20/PROBLEM_020_020_23.cnf,20,20,1.0,0.058858,0.054787,1.0743,1.0,1.0,True,True,0
data/max2sat/20/20/PROBLEM_020_020_24.cnf,20,20,1.0,0.058491,0.063159,0.9261,1.0,1.0,True,True,0
data/max2sat/20/20/PROBLEM_020_020_25.cnf,20,20,1.0,0.054786,0.058972,0.929,1.0,1.0,True,True,0
data/max2sat/20/20/PROBLEM_020_020_26.cnf,20,20,1.0,0.05792,0.057167,1.0132,1.0,1.0,True,True,0
data/max2sat/20/20/PROBLEM_020_020_27.cnf,20,20,1.0,0.059071,0.062955,0.9383,1.0,1.0,True,True,0
data/max2sat/20/20/PROBLEM_020_020_28.cnf,20,20,1.0,0.060559,0.056337,1.0749,1.0,1.0,True,True,0
data/max2sat/20/20/PROBLEM_020_020_29.cnf,20,20,1.0,0.057078,0.055803,1.0228,1.0,1.0,True,True,0
data/max2sat/20/20/PROBLEM_020_020_30.cnf,20,20,1.0,0.056498,0.055927,1.0102,1.0,1.0,True,True,0
data/max2sat/20/20/PROBLEM_020_020_31.cnf,20,20,1.0,0.056908,0.061934,0.9188,1.0,1.0,True,True,0
data/max2sat/20/20/PROBLEM_020_020_32.cnf,20,20,1.0,0.062164,0.053429,1.1635,1.0,1.0,True,True,0
data/max2sat/20/20/PROBLEM_020_020_33.cnf,20,20,1.0,0.0569,0.055131,1.0321,1.0,1.0,True,True,0
data/max2sat/20/20/PROBLEM_020_020_34.cnf,20,20,1.0,0.056944,0.054819,1.0388,1.0,1.0,True,True,0
data/max2sat/20/20/PROBLEM_020_020_35.cnf,20,20,1.0,0.055762,0.057891,0.9632,1.0,1.0,True,True,0
data/max2sat/20/20/PROBLEM_020_020_36.cnf,20,20,1.0,0.062471,0.057722,1.0823,1.0,1.0,True,True,0
data/max2sat/20/20/PROBLEM_020_020_37.cnf,20,20,1.0,0.055603,0.056731,0.9801,1.0,1.0,True,True,0
data/max2sat/20/20/PROBLEM_020_020_38.cnf,20,20,1.0,0.05291,0.051937,1.0187,1.0,1.0,True,True,0
data/max2sat/20/20/PROBLEM_020_020_39.cnf,20,20,1.0,0.055954,0.056973,0.9821,1.0,1.0,True,True,0
data/max2sat/20/20/PROBLEM_020_020_40.cnf,20,20,1.0,0.063129,0.054052,1.1679,1.0,1.0,True,True,0
data/max2sat/20/20/PROBLEM_020_020_41.cnf,20,20,1.0,0.055264,0.057697,0.9578,1.0,1.0,True,True,0
data/max2sat/20/20/PROBLEM_020_020_42.cnf,20,20,1.0,0.051896,0.057341,0.905,1.0,1.0,True,True,0
data/max2sat/20/20/PROBLEM_020_020_43.cnf,20,20,1.0,0.056924,0.054777,1.0392,1.0,1.0,True,True,0
data/max2sat/20/20/PROBLEM_020_020_44.cnf,20,20,1.0,0.062226,0.054911,1.1332,1.0,1.0,True,True,0
data/max2sat/20/20/PROBLEM_020_020_45.cnf,20,20,1.0,0.054249,0.056992,0.9519,1.0,1.0,True,True,0
data/max2sat/20/20/PROBLEM_020_020_46.cnf,20,20,1.0,0.054927,0.056838,0.9664,1.0,1.0,True,True,0
data/max2sat/20/20/PROBLEM_020_020_47.cnf,20,20,1.0,0.056897,0.053879,1.056,1.0,1.0,True,True,0
data/max2sat/20/20/PROBLEM_020_020_48.cnf,20,20,1.0,0.053618,0.052613,1.0191,1.0,1.0,True,True,0
data/max2sat/20/20/PROBLEM_020_020_49.cnf,20,20,1.0,0.0563,0.053704,1.0483,1.0,1.0,True,True,0
data/max2sat/20/20/PROBLEM_020_020_50.cnf,20,20,1.0,0.055997,0.057334,0.9767,1.0,1.0,True,True,0
data/max2sat/20/30/PROBLEM_020_030_01.cnf,20,30,1.5,0.062629,0.04311,1.4528,0.9667,0.9667,False,False,0
data/max2sat/20/30/PROBLEM_020_030_02.cnf,20,30,1.5,0.034791,0.034402,1.0113,1.0,1.0,True,True,0
data/max2sat/20/30/PROBLEM_020_030_03.cnf,20,30,1.5,0.042473,0.035238,1.2053,1.0,1.0,True,True,0
data/max2sat/20/30/PROBLEM_020_030_04.cnf,20,30,1.5,0.055216,0.049351,1.1188,1.0,1.0,True,True,0
data/max2sat/20/30/PROBLEM_020_030_05.cnf,20,30,1.5,0.06417,0.064337,0.9974,1.0,1.0,True,True,0
data/max2sat/20/30/PROBLEM_020_030_06.cnf,20,30,1.5,0.074402,0.069439,1.0715,1.0,1.0,True,True,0
data/max2sat/20/30/PROBLEM_020_030_07.cnf,20,30,1.5,0.082311,0.06951,1.1842,1.0,1.0,True,True,0
data/max2sat/20/30/PROBLEM_020_030_08.cnf,20,30,1.5,0.088571,0.079325,1.1166,1.0,1.0,True,True,0
data/max2sat/20/30/PROBLEM_020_030_09.cnf,20,30,1.5,0.057974,0.058861,0.9849,0.9667,0.9667,False,False,0
data/max2sat/20/30/PROBLEM_020_030_10.cnf,20,30,1.5,0.061715,0.062477,0.9878,1.0,1.0,True,True,0
data/max2sat/20/30/PROBLEM_020_030_11.cnf,20,30,1.5,0.05993,0.063409,0.9451,1.0,1.0,True,True,0
data/max2sat/20/30/PROBLEM_020_030_12.cnf,20,30,1.5,0.071129,0.063901,1.1131,1.0,1.0,True,True,0
data/max2sat/20/30/PROBLEM_020_030_13.cnf,20,30,1.5,0.058871,0.058928,0.999,1.0,1.0,True,True,0
data/max2sat/20/30/PROBLEM_020_030_14.cnf,20,30,1.5,0.06081,0.056764,1.0713,1.0,1.0,True,True,0
data/max2sat/20/30/PROBLEM_020_030_15.cnf,20,30,1.5,0.058916,0.059006,0.9985,1.0,1.0,True,True,0
data/max2sat/20/30/PROBLEM_020_030_16.cnf,20,30,1.5,0.06572,0.065928,0.9968,1.0,1.0,True,True,0
data/max2sat/20/30/PROBLEM_020_030_17.cnf,20,30,1.5,0.067507,0.058901,1.1461,0.9667,0.9667,False,False,0
data/max2sat/20/30/PROBLEM_020_030_18.cnf,20,30,1.5,0.060958,0.058971,1.0337,1.0,1.0,True,True,0
data/max2sat/20/30/PROBLEM_020_030_19.cnf,20,30,1.5,0.058872,0.06011,0.9794,1.0,1.0,True,True,0
data/max2sat/20/30/PROBLEM_020_030_20.cnf,20,30,1.5,0.060448,0.062912,0.9608,1.0,1.0,True,True,0
data/max2sat/20/30/PROBLEM_020_030_21.cnf,20,30,1.5,0.068272,0.059893,1.1399,1.0,1.0,True,True,0
data/max2sat/20/30/PROBLEM_020_030_22.cnf,20,30,1.5,0.063923,0.058916,1.085,1.0,1.0,True,True,0
data/max2sat/20/30/PROBLEM_020_030_23.cnf,20,30,1.5,0.059901,0.05978,1.002,1.0,1.0,True,True,0
data/max2sat/20/30/PROBLEM_020_030_24.cnf,20,30,1.5,0.059844,0.063906,0.9364,0.9667,0.9667,False,False,0
data/max2sat/20/30/PROBLEM_020_030_25.cnf,20,30,1.5,0.069882,0.060914,1.1472,0.9667,0.9667,False,False,0
data/max2sat/20/30/PROBLEM_020_030_26.cnf,20,30,1.5,0.059959,0.058919,1.0177,1.0,1.0,True,True,0
data/max2sat/20/30/PROBLEM_020_030_27.cnf,20,30,1.5,0.058942,0.058473,1.008,1.0,1.0,True,True,0
data/max2sat/20/30/PROBLEM_020_030_28.cnf,20,30,1.5,0.061108,0.062924,0.9711,1.0,1.0,True,True,0
data/max2sat/20/30/PROBLEM_020_030_29.cnf,20,30,1.5,0.060453,0.058941,1.0257,0.9667,0.9667,False,False,0
data/max2sat/20/30/PROBLEM_020_030_30.cnf,20,30,1.5,0.063918,0.058929,1.0847,1.0,1.0,True,True,0
data/max2sat/20/30/PROBLEM_020_030_31.cnf,20,30,1.5,0.059943,0.058426,1.026,0.9667,0.9667,False,False,0
data/max2sat/20/30/PROBLEM_020_030_32.cnf,20,30,1.5,0.061933,0.061918,1.0002,1.0,1.0,True,True,0
data/max2sat/20/30/PROBLEM_020_030_33.cnf,20,30,1.5,0.059876,0.058935,1.016,1.0,1.0,True,True,0
data/max2sat/20/30/PROBLEM_020_030_34.cnf,20,30,1.5,0.060762,0.059531,1.0207,1.0,1.0,True,True,0
data/max2sat/20/30/PROBLEM_020_030_35.cnf,20,30,1.5,0.06396,0.056373,1.1346,1.0,1.0,True,True,0
data/max2sat/20/30/PROBLEM_020_030_36.cnf,20,30,1.5,0.059726,0.065306,0.9146,1.0,1.0,True,True,0
data/max2sat/20/30/PROBLEM_020_030_37.cnf,20,30,1.5,0.05992,0.058913,1.0171,1.0,1.0,True,True,0
data/max2sat/20/30/PROBLEM_020_030_38.cnf,20,30,1.5,0.059896,0.060188,0.9951,1.0,1.0,True,True,0
data/max2sat/20/30/PROBLEM_020_030_39.cnf,20,30,1.5,0.064059,0.057639,1.1114,1.0,1.0,True,True,0
data/max2sat/20/30/PROBLEM_020_030_40.cnf,20,30,1.5,0.061949,0.064119,0.9662,1.0,1.0,True,True,0
data/max2sat/20/30/PROBLEM_020_030_41.cnf,20,30,1.5,0.059052,0.063052,0.9366,1.0,1.0,True,True,0
data/max2sat/20/30/PROBLEM_020_030_42.cnf,20,30,1.5,0.057999,0.057359,1.0112,1.0,1.0,True,True,0
data/max2sat/20/30/PROBLEM_020_030_43.cnf,20,30,1.5,0.064917,0.056956,1.1398,1.0,1.0,True,True,0
data/max2sat/20/30/PROBLEM_020_030_44.cnf,20,30,1.5,0.061748,0.060003,1.0291,1.0,1.0,True,True,0
data/max2sat/20/30/PROBLEM_020_030_45.cnf,20,30,1.5,0.059403,0.05862,1.0134,1.0,1.0,True,True,0
data/max2sat/20/30/PROBLEM_020_030_46.cnf,20,30,1.5,0.056722,0.056552,1.003,1.0,1.0,True,True,0
data/max2sat/20/30/PROBLEM_020_030_47.cnf,20,30,1.5,0.066798,0.061543,1.0854,1.0,1.0,True,True,0
data/max2sat/20/30/PROBLEM_020_030_48.cnf,20,30,1.5,0.056679,0.058018,0.9769,1.0,1.0,True,True,0
data/max2sat/20/30/PROBLEM_020_030_49.cnf,20,30,1.5,0.060828,0.061104,0.9955,1.0,1.0,True,True,0
data/max2sat/20/30/PROBLEM_020_030_50.cnf,20,30,1.5,0.05767,0.057217,1.0079,1.0,1.0,True,True,0
data/max2sat/20/40/PROBLEM_020_040_01.cnf,20,40,2.0,0.047561,0.044637,1.0655,0.95,0.95,False,False,0
data/max2sat/20/40/PROBLEM_020_040_02.cnf,20,40,2.0,0.038068,0.034256,1.1113,1.0,1.0,True,True,0
data/max2sat/20/40/PROBLEM_020_040_03.cnf,20,40,2.0,0.040321,0.035191,1.1458,0.975,0.975,False,False,0
data/max2sat/20/40/PROBLEM_020_040_04.cnf,20,40,2.0,0.040231,0.046093,0.8728,0.975,0.975,False,False,0
data/max2sat/20/40/PROBLEM_020_040_05.cnf,20,40,2.0,0.068628,0.067175,1.0216,0.975,0.975,False,False,0
data/max2sat/20/40/PROBLEM_020_040_06.cnf,20,40,2.0,0.06952,0.062987,1.1037,1.0,1.0,True,True,0
data/max2sat/20/40/PROBLEM_020_040_07.cnf,20,40,2.0,0.0689,0.067085,1.0271,1.0,1.0,True,True,0
data/max2sat/20/40/PROBLEM_020_040_08.cnf,20,40,2.0,0.070825,0.079084,0.8956,1.0,1.0,True,True,0
data/max2sat/20/40/PROBLEM_020_040_09.cnf,20,40,2.0,0.063285,0.060572,1.0448,0.95,0.95,False,False,0
data/max2sat/20/40/PROBLEM_020_040_10.cnf,20,40,2.0,0.061589,0.063075,0.9764,0.975,0.975,False,False,0
data/max2sat/20/40/PROBLEM_020_040_11.cnf,20,40,2.0,0.061402,0.062981,0.9749,0.975,0.975,False,False,0
data/max2sat/20/40/PROBLEM_020_040_12.cnf,20,40,2.0,0.061112,0.064917,0.9414,0.975,0.975,False,False,0
data/max2sat/20/40/PROBLEM_020_040_13.cnf,20,40,2.0,0.062352,0.062437,0.9986,1.0,1.0,True,True,0
data/max2sat/20/40/PROBLEM_020_040_14.cnf,20,40,2.0,0.063829,0.060264,1.0592,0.975,0.975,False,False,0
data/max2sat/20/40/PROBLEM_020_040_15.cnf,20,40,2.0,0.065981,0.060839,1.0845,0.975,0.975,False,False,0
data/max2sat/20/40/PROBLEM_020_040_16.cnf,20,40,2.0,0.079518,0.066916,1.1883,1.0,1.0,True,True,0
data/max2sat/20/40/PROBLEM_020_040_17.cnf,20,40,2.0,0.062821,0.061694,1.0183,0.975,0.975,False,False,0
data/max2sat/20/40/PROBLEM_020_040_18.cnf,20,40,2.0,0.069784,0.057897,1.2053,0.975,0.975,False,False,0
data/max2sat/20/40/PROBLEM_020_040_19.cnf,20,40,2.0,0.067578,0.059514,1.1355,1.0,1.0,True,True,0
data/max2sat/20/40/PROBLEM_020_040_20.cnf,20,40,2.0,0.08152,0.067942,1.1998,1.0,1.0,True,True,0
data/max2sat/20/40/PROBLEM_020_040_21.cnf,20,40,2.0,0.062548,0.061334,1.0198,0.95,0.95,False,False,0
data/max2sat/20/40/PROBLEM_020_040_22.cnf,20,40,2.0,0.067375,0.059894,1.1249,1.0,1.0,True,True,0
data/max2sat/20/40/PROBLEM_020_040_23.cnf,20,40,2.0,0.066963,0.060924,1.0991,0.975,0.975,False,False,0
data/max2sat/20/40/PROBLEM_020_040_24.cnf,20,40,2.0,0.066061,0.062914,1.05,0.975,0.975,False,False,0
data/max2sat/20/40/PROBLEM_020_040_25.cnf,20,40,2.0,0.062883,0.060604,1.0376,0.95,0.95,False,False,0
data/max2sat/20/40/PROBLEM_020_040_26.cnf,20,40,2.0,0.061283,0.06069,1.0098,1.0,1.0,True,True,0
data/max2sat/20/40/PROBLEM_020_040_27.cnf,20,40,2.0,0.062899,0.061112,1.0292,0.95,0.95,False,False,0
data/max2sat/20/40/PROBLEM_020_040_28.cnf,20,40,2.0,0.067149,0.062884,1.0678,0.975,0.975,False,False,0
data/max2sat/20/40/PROBLEM_020_040_29.cnf,20,40,2.0,0.063782,0.061255,1.0413,0.975,0.975,False,False,0
data/max2sat/20/40/PROBLEM_020_040_30.cnf,20,40,2.0,0.060569,0.060797,0.9962,0.95,0.95,False,False,0
data/max2sat/20/40/PROBLEM_020_040_31.cnf,20,40,2.0,0.062876,0.061927,1.0153,0.975,0.975,False,False,0
data/max2sat/20/40/PROBLEM_020_040_32.cnf,20,40,2.0,0.066917,0.063911,1.047,0.975,0.975,False,False,0
data/max2sat/20/40/PROBLEM_020_040_33.cnf,20,40,2.0,0.063906,0.061513,1.0389,1.0,1.0,True,True,0
data/max2sat/20/40/PROBLEM_020_040_34.cnf,20,40,2.0,0.060764,0.060237,1.0087,0.975,0.975,False,False,0
data/max2sat/20/40/PROBLEM_020_040_35.cnf,20,40,2.0,0.064965,0.063015,1.0309,0.975,0.975,False,False,0
data/max2sat/20/40/PROBLEM_020_040_36.cnf,20,40,2.0,0.06692,0.063911,1.0471,1.0,1.0,True,True,0
data/max2sat/20/40/PROBLEM_020_040_37.cnf,20,40,2.0,0.06293,0.058685,1.0723,0.95,0.95,False,False,0
data/max2sat/20/40/PROBLEM_020_040_38.cnf,20,40,2.0,0.061182,0.062721,0.9755,0.975,0.975,False,False,0
data/max2sat/20/40/PROBLEM_020_040_39.cnf,20,40,2.0,0.063917,0.060907,1.0494,0.975,0.975,False,False,0
data/max2sat/20/40/PROBLEM_020_040_40.cnf,20,40,2.0,0.069002,0.065222,1.058,1.0,1.0,True,True,0
data/max2sat/20/40/PROBLEM_020_040_41.cnf,20,40,2.0,0.062934,0.060254,1.0445,1.0,1.0,True,True,0
data/max2sat/20/40/PROBLEM_020_040_42.cnf,20,40,2.0,0.061939,0.062418,0.9923,0.975,0.975,False,False,0
data/max2sat/20/40/PROBLEM_020_040_43.cnf,20,40,2.0,0.064874,0.05983,1.0843,0.975,0.975,False,False,0
data/max2sat/20/40/PROBLEM_020_040_44.cnf,20,40,2.0,0.06808,0.061919,1.0995,1.0,1.0,True,True,0
data/max2sat/20/40/PROBLEM_020_040_45.cnf,20,40,2.0,0.065198,0.065297,0.9985,0.975,0.975,False,False,0
data/max2sat/20/40/PROBLEM_020_040_46.cnf,20,40,2.0,0.063658,0.061463,1.0357,0.95,0.95,False,False,0
data/max2sat/20/40/PROBLEM_020_040_47.cnf,20,40,2.0,0.064918,0.060609,1.0711,0.975,0.975,False,False,0
data/max2sat/20/40/PROBLEM_020_040_48.cnf,20,40,2.0,0.061401,0.060419,1.0163,0.95,0.95,False,False,0
data/max2sat/20/40/PROBLEM_020_040_49.cnf,20,40,2.0,0.06103,0.062926,0.9699,1.0,1.0,True,True,0
data/max2sat/20/40/PROBLEM_020_040_50.cnf,20,40,2.0,0.064203,0.06019,1.0667,0.975,0.975,False,False,0
data/max2sat/20/50/PROBLEM_020_050_01.cnf,20,50,2.5,0.051528,0.059154,0.8711,0.96,0.96,False,False,0
data/max2sat/20/50/PROBLEM_020_050_02.cnf,20,50,2.5,0.035802,0.038384,0.9327,0.96,0.96,False,False,0
data/max2sat/20/50/PROBLEM_020_050_03.cnf,20,50,2.5,0.034797,0.037915,0.9178,0.94,0.94,False,False,0
data/max2sat/20/50/PROBLEM_020_050_04.cnf,20,50,2.5,0.038384,0.035376,1.085,1.0,1.0,True,True,0
data/max2sat/20/50/PROBLEM_020_050_05.cnf,20,50,2.5,0.068977,0.069682,0.9899,0.92,0.92,False,False,0
data/max2sat/20/50/PROBLEM_020_050_06.cnf,20,50,2.5,0.068889,0.07829,0.8799,0.96,0.96,False,False,0
data/max2sat/20/50/PROBLEM_020_050_07.cnf,20,50,2.5,0.069766,0.07236,0.9642,0.98,0.98,False,False,0
data/max2sat/20/50/PROBLEM_020_050_08.cnf,20,50,2.5,0.078766,0.076707,1.0268,0.96,0.96,False,False,0
data/max2sat/20/50/PROBLEM_020_050_09.cnf,20,50,2.5,0.062884,0.067137,0.9367,1.0,1.0,True,True,0
data/max2sat/20/50/PROBLEM_020_050_10.cnf,20,50,2.5,0.061385,0.064372,0.9536,0.96,0.96,False,False,0
data/max2sat/20/50/PROBLEM_020_050_11.cnf,20,50,2.5,0.063316,0.069812,0.907,0.96,0.96,False,False,0
data/max2sat/20/50/PROBLEM_020_050_12.cnf,20,50,2.5,0.076942,0.063245,1.2166,0.98,0.98,False,False,0
data/max2sat/20/50/PROBLEM_020_050_13.cnf,20,50,2.5,0.059755,0.063599,0.9396,0.98,0.98,False,False,0
data/max2sat/20/50/PROBLEM_020_050_14.cnf,20,50,2.5,0.062216,0.065896,0.9442,0.94,0.94,False,False,0
data/max2sat/20/50/PROBLEM_020_050_15.cnf,20,50,2.5,0.063995,0.06728,0.9512,0.98,0.98,False,False,0
data/max2sat/20/50/PROBLEM_020_050_16.cnf,20,50,2.5,0.072921,0.06559,1.1118,0.98,0.98,False,False,0
data/max2sat/20/50/PROBLEM_020_050_17.cnf,20,50,2.5,0.074227,0.062119,1.1949,0.98,0.98,False,False,0
data/max2sat/20/50/PROBLEM_020_050_18.cnf,20,50,2.5,0.149003,0.067797,2.1978,0.96,0.96,False,False,0
data/max2sat/20/50/PROBLEM_020_050_19.cnf,20,50,2.5,0.069579,0.069955,0.9946,0.96,0.96,False,False,0
data/max2sat/20/50/PROBLEM_020_050_20.cnf,20,50,2.5,0.072766,0.064077,1.1356,0.98,0.98,False,False,0
data/max2sat/20/50/PROBLEM_020_050_21.cnf,20,50,2.5,0.076042,0.062015,1.2262,0.94,0.94,False,False,0
data/max2sat/20/50/PROBLEM_020_050_22.cnf,20,50,2.5,0.073476,0.064007,1.1479,0.94,0.94,False,False,0
data/max2sat/20/50/PROBLEM_020_050_23.cnf,20,50,2.5,0.105333,0.062289,1.691,0.94,0.94,False,False,0
data/max2sat/20/50/PROBLEM_020_050_24.cnf,20,50,2.5,0.070914,0.068605,1.0337,0.94,0.94,False,False,0
data/max2sat/20/50/PROBLEM_020_050_25.cnf,20,50,2.5,0.067535,0.062817,1.0751,0.94,0.94,False,False,0
data/max2sat/20/50/PROBLEM_020_050_26.cnf,20,50,2.5,0.083151,0.063893,1.3014,0.98,0.98,False,False,0
data/max2sat/20/50/PROBLEM_020_050_27.cnf,20,50,2.5,0.077187,0.062422,1.2365,0.96,0.96,False,False,0
data/max2sat/20/50/PROBLEM_020_050_28.cnf,20,50,2.5,0.056582,0.067669,0.8362,0.94,0.94,False,False,0
data/max2sat/20/50/PROBLEM_020_050_29.cnf,20,50,2.5,0.096501,0.0629,1.5342,0.94,0.94,False,False,0
data/max2sat/20/50/PROBLEM_020_050_30.cnf,20,50,2.5,0.065897,0.063847,1.0321,0.94,0.94,False,False,0
data/max2sat/20/50/PROBLEM_020_050_31.cnf,20,50,2.5,0.053777,0.060849,0.8838,0.98,0.98,False,False,0
data/max2sat/20/50/PROBLEM_020_050_32.cnf,20,50,2.5,0.083207,0.06767,1.2296,1.0,1.0,True,True,0
data/max2sat/20/50/PROBLEM_020_050_33.cnf,20,50,2.5,0.073843,0.060983,1.2109,0.94,0.94,False,False,0
data/max2sat/20/50/PROBLEM_020_050_34.cnf,20,50,2.5,0.0702,0.063843,1.0996,0.92,0.92,False,False,0
data/max2sat/20/50/PROBLEM_020_050_35.cnf,20,50,2.5,0.089223,0.059964,1.4879,0.96,0.96,False,False,0
data/max2sat/20/50/PROBLEM_020_050_36.cnf,20,50,2.5,0.084775,0.068664,1.2346,0.98,0.98,False,False,0
data/max2sat/20/50/PROBLEM_020_050_37.cnf,20,50,2.5,0.098914,0.059905,1.6512,0.98,0.98,False,False,0
data/max2sat/20/50/PROBLEM_020_050_38.cnf,20,50,2.5,0.062957,0.062018,1.0151,0.98,0.98,False,False,0
data/max2sat/20/50/PROBLEM_020_050_39.cnf,20,50,2.5,0.109326,0.062928,1.7373,0.94,0.94,False,False,0
data/max2sat/20/50/PROBLEM_020_050_40.cnf,20,50,2.5,0.061903,0.066616,0.9293,0.96,0.96,False,False,0
data/max2sat/20/50/PROBLEM_020_050_41.cnf,20,50,2.5,0.064014,0.061816,1.0356,0.92,0.92,False,False,0
data/max2sat/20/50/PROBLEM_020_050_42.cnf,20,50,2.5,0.088021,0.060432,1.4565,0.98,0.98,False,False,0
data/max2sat/20/50/PROBLEM_020_050_43.cnf,20,50,2.5,0.088964,0.062944,1.4134,0.96,0.96,False,False,0
data/max2sat/20/50/PROBLEM_020_050_44.cnf,20,50,2.5,0.073876,0.067527,1.094,0.96,0.96,False,False,0
data/max2sat/20/50/PROBLEM_020_050_45.cnf,20,50,2.5,0.091588,0.06395,1.4322,0.96,0.96,False,False,0
data/max2sat/20/50/PROBLEM_020_050_46.cnf,20,50,2.5,0.061774,0.066034,0.9355,0.96,0.96,False,False,0
data/max2sat/20/50/PROBLEM_020_050_47.cnf,20,50,2.5,0.071917,0.064084,1.1222,0.94,0.94,False,False,0
data/max2sat/20/50/PROBLEM_020_050_48.cnf,20,50,2.5,0.087756,0.06716,1.3067,0.94,0.94,False,False,0
data/max2sat/20/50/PROBLEM_020_050_49.cnf,20,50,2.5,0.064946,0.063844,1.0173,0.96,0.96,False,False,0
data/max2sat/20/50/PROBLEM_020_050_50.cnf,20,50,2.5,0.064781,0.065784,0.9848,0.94,0.94,False,False,0
data/max2sat/20/60/PROBLEM_020_060_01.cnf,20,60,3.0,0.047764,0.064156,0.7445,0.95,0.95,False,False,0
data/max2sat/20/60/PROBLEM_020_060_02.cnf,20,60,3.0,0.041465,0.038538,1.076,0.95,0.95,False,False,0
data/max2sat/20/60/PROBLEM_020_060_03.cnf,20,60,3.0,0.039578,0.038613,1.025,0.9333,0.9333,False,False,0
data/max2sat/20/60/PROBLEM_020_060_04.cnf,20,60,3.0,0.039657,0.043519,0.9113,0.95,0.95,False,False,0
data/max2sat/20/60/PROBLEM_020_060_05.cnf,20,60,3.0,0.074876,0.070746,1.0584,0.9833,0.9833,False,False,0
data/max2sat/20/60/PROBLEM_020_060_06.cnf,20,60,3.0,0.072074,0.070828,1.0176,0.9667,0.9667,False,False,0
data/max2sat/20/60/PROBLEM_020_060_07.cnf,20,60,3.0,0.071641,0.076502,0.9365,0.95,0.95,False,False,0
data/max2sat/20/60/PROBLEM_020_060_08.cnf,20,60,3.0,0.074734,0.089489,0.8351,0.9833,0.9833,False,False,0
data/max2sat/20/60/PROBLEM_020_060_09.cnf,20,60,3.0,0.067145,0.064925,1.0342,0.95,0.95,False,False,0
data/max2sat/20/60/PROBLEM_020_060_10.cnf,20,60,3.0,0.065207,0.063827,1.0216,0.9667,0.9667,False,False,0
data/max2sat/20/60/PROBLEM_020_060_11.cnf,20,60,3.0,0.065612,0.065,1.0094,0.95,0.95,False,False,0
data/max2sat/20/60/PROBLEM_020_060_12.cnf,20,60,3.0,0.063818,0.070913,0.8999,0.9333,0.9333,False,False,0
data/max2sat/20/60/PROBLEM_020_060_13.cnf,20,60,3.0,0.070838,0.062768,1.1286,0.95,0.95,False,False,0
data/max2sat/20/60/PROBLEM_020_060_14.cnf,20,60,3.0,0.06734,0.068159,0.988,0.9667,0.9667,False,False,0
data/max2sat/20/60/PROBLEM_020_060_15.cnf,20,60,3.0,0.06529,0.064042,1.0195,0.9167,0.9167,False,False,0
data/max2sat/20/60/PROBLEM_020_060_16.cnf,20,60,3.0,0.064188,0.070929,0.905,0.9167,0.9167,False,False,0
data/max2sat/20/60/PROBLEM_020_060_17.cnf,20,60,3.0,0.072467,0.062905,1.152,0.95,0.95,False,False,0
data/max2sat/20/60/PROBLEM_020_060_18.cnf,20,60,3.0,0.067177,0.06783,0.9904,0.9667,0.9667,False,False,0
data/max2sat/20/60/PROBLEM_020_060_19.cnf,20,60,3.0,0.071957,0.064085,1.1228,0.9167,0.9167,False,False,0
data/max2sat/20/60/PROBLEM_020_060_20.cnf,20,60,3.0,0.072295,0.067903,1.0647,0.9333,0.9333,False,False,0
data/max2sat/20/60/PROBLEM_020_060_21.cnf,20,60,3.0,0.069203,0.064841,1.0673,0.95,0.95,False,False,0
data/max2sat/20/60/PROBLEM_020_060_22.cnf,20,60,3.0,0.072811,0.065398,1.1134,0.95,0.95,False,False,0
data/max2sat/20/60/PROBLEM_020_060_23.cnf,20,60,3.0,0.07006,0.063394,1.1052,0.9667,0.9667,False,False,0
data/max2sat/20/60/PROBLEM_020_060_24.cnf,20,60,3.0,0.069764,0.069633,1.0019,0.95,0.95,False,False,0
data/max2sat/20/60/PROBLEM_020_060_25.cnf,20,60,3.0,0.065712,0.064557,1.0179,0.95,0.95,False,False,0
data/max2sat/20/60/PROBLEM_020_060_26.cnf,20,60,3.0,0.066431,0.065939,1.0075,0.9667,0.9667,False,False,0
data/max2sat/20/60/PROBLEM_020_060_27.cnf,20,60,3.0,0.069837,0.06626,1.054,0.9333,0.9333,False,False,0
data/max2sat/20/60/PROBLEM_020_060_28.cnf,20,60,3.0,0.069653,0.069909,0.9963,0.9667,0.9667,False,False,0
data/max2sat/20/60/PROBLEM_020_060_29.cnf,20,60,3.0,0.074047,0.062868,1.1778,0.95,0.95,False,False,0
data/max2sat/20/60/PROBLEM_020_060_30.cnf,20,60,3.0,0.067944,0.061928,1.0971,0.9333,0.9333,False,False,0
data/max2sat/20/60/PROBLEM_020_060_31.cnf,20,60,3.0,0.066508,0.069894,0.9516,0.9333,0.9333,False,False,0
data/max2sat/20/60/PROBLEM_020_060_32.cnf,20,60,3.0,0.069991,0.063208,1.1073,0.9833,0.9833,False,False,0
data/max2sat/20/60/PROBLEM_020_060_33.cnf,20,60,3.0,0.07401,0.065176,1.1355,0.9667,0.9667,False,False,0
data/max2sat/20/60/PROBLEM_020_060_34.cnf,20,60,3.0,0.069535,0.06054,1.1486,0.9833,0.9833,False,False,0
data/max2sat/20/60/PROBLEM_020_060_35.cnf,20,60,3.0,0.065558,0.069328,0.9456,0.9333,0.9333,False,False,0
data/max2sat/20/60/PROBLEM_020_060_36.cnf,20,60,3.0,0.064616,0.06255,1.033,0.95,0.95,False,False,0
data/max2sat/20/60/PROBLEM_020_060_37.cnf,20,60,3.0,0.065906,0.063912,1.0312,0.9833,0.9833,False,False,0
data/max2sat/20/60/PROBLEM_020_060_38.cnf,20,60,3.0,0.067336,0.066358,1.0147,0.9333,0.9333,False,False,0
data/max2sat/20/60/PROBLEM_020_060_39.cnf,20,60,3.0,0.062736,0.066958,0.9369,0.9667,0.9667,False,False,0
data/max2sat/20/60/PROBLEM_020_060_40.cnf,20,60,3.0,0.066711,0.062918,1.0603,0.95,0.95,False,False,0
data/max2sat/20/60/PROBLEM_020_060_41.cnf,20,60,3.0,0.063847,0.063904,0.9991,0.9667,0.9667,False,False,0
data/max2sat/20/60/PROBLEM_020_060_42.cnf,20,60,3.0,0.068804,0.065476,1.0508,0.9333,0.9333,False,False,0
data/max2sat/20/60/PROBLEM_020_060_43.cnf,20,60,3.0,0.069257,0.067931,1.0195,0.9333,0.9333,False,False,0
data/max2sat/20/60/PROBLEM_020_060_44.cnf,20,60,3.0,0.069611,0.063916,1.0891,0.9167,0.9167,False,False,0
data/max2sat/20/60/PROBLEM_020_060_45.cnf,20,60,3.0,0.063927,0.063926,1.0,0.95,0.95,False,False,0
data/max2sat/20/60/PROBLEM_020_060_46.cnf,20,60,3.0,0.066919,0.063331,1.0567,0.9333,0.9333,False,False,0
data/max2sat/20/60/PROBLEM_020_060_47.cnf,20,60,3.0,0.068584,0.069889,0.9813,0.9667,0.9667,False,False,0
data/max2sat/20/60/PROBLEM_020_060_48.cnf,20,60,3.0,0.07167,0.063521,1.1283,0.9167,0.9167,False,False,0
data/max2sat/20/60/PROBLEM_020_060_49.cnf,20,60,3.0,0.064199,0.063984,1.0034,0.9333,0.9333,False,False,0
data/max2sat/20/60/PROBLEM_020_060_50.cnf,20,60,3.0,0.062192,0.064014,0.9715,0.95,0.95,False,False,0
data/max2sat/20/70/PROBLEM_020_070_01.cnf,20,70,3.5,0.057108,0.049475,1.1543,0.9571,0.9571,False,False,0
data/max2sat/20/70/PROBLEM_020_070_02.cnf,20,70,3.5,0.036229,0.043642,0.8301,0.9286,0.9286,False,False,0
data/max2sat/20/70/PROBLEM_020_070_03.cnf,20,70,3.5,0.041199,0.039328,1.0476,0.9286,0.9286,False,False,0
data/max2sat/20/70/PROBLEM_020_070_04.cnf,20,70,3.5,0.051585,0.039385,1.3098,0.9429,0.9429,False,False,0
data/max2sat/20/70/PROBLEM_020_070_05.cnf,20,70,3.5,0.068206,0.07055,0.9668,0.9429,0.9429,False,False,0
data/max2sat/20/70/PROBLEM_020_070_06.cnf,20,70,3.5,0.07717,0.075621,1.0205,0.9429,0.9429,False,False,0
data/max2sat/20/70/PROBLEM_020_070_07.cnf,20,70,3.5,0.078215,0.072613,1.0771,0.8857,0.8857,False,False,0
data/max2sat/20/70/PROBLEM_020_070_08.cnf,20,70,3.5,0.085044,0.076421,1.1128,0.9571,0.9571,False,False,0
data/max2sat/20/70/PROBLEM_020_070_09.cnf,20,70,3.5,0.065961,0.065312,1.0099,0.9,0.9,False,False,0
data/max2sat/20/70/PROBLEM_020_070_10.cnf,20,70,3.5,0.070081,0.067344,1.0406,0.9429,0.9429,False,False,0
data/max2sat/20/70/PROBLEM_020_070_11.cnf,20,70,3.5,0.065842,0.066729,0.9867,0.9143,0.9143,False,False,0
data/max2sat/20/70/PROBLEM_020_070_12.cnf,20,70,3.5,0.067406,0.067736,0.9951,0.9429,0.9429,False,False,0
data/max2sat/20/70/PROBLEM_020_070_13.cnf,20,70,3.5,0.0658,0.065814,0.9998,0.9571,0.9571,False,False,0
data/max2sat/20/70/PROBLEM_020_070_14.cnf,20,70,3.5,0.065816,0.066734,0.9862,0.9,0.9,False,False,0
data/max2sat/20/70/PROBLEM_020_070_15.cnf,20,70,3.5,0.068761,0.06581,1.0448,0.9429,0.9429,False,False,0
data/max2sat/20/70/PROBLEM_020_070_16.cnf,20,70,3.5,0.067937,0.070956,0.9575,0.9429,0.9429,False,False,0
data/max2sat/20/70/PROBLEM_020_070_17.cnf,20,70,3.5,0.064464,0.062015,1.0395,0.9286,0.9286,False,False,0
data/max2sat/20/70/PROBLEM_020_070_18.cnf,20,70,3.5,0.063921,0.063263,1.0104,0.9571,0.9571,False,False,0
data/max2sat/20/70/PROBLEM_020_070_19.cnf,20,70,3.5,0.07263,0.069578,1.0439,0.9,0.9,False,False,0
data/max2sat/20/70/PROBLEM_020_070_20.cnf,20,70,3.5,0.066909,0.068527,0.9764,0.9571,0.9571,False,False,0
data/max2sat/20/70/PROBLEM_020_070_21.cnf,20,70,3.5,0.069021,0.06291,1.0971,0.9286,0.9286,False,False,0
data/max2sat/20/70/PROBLEM_020_070_22.cnf,20,70,3.5,0.064902,0.063926,1.0153,0.9286,0.9286,False,False,0
data/max2sat/20/70/PROBLEM_020_070_23.cnf,20,70,3.5,0.070994,0.069845,1.0165,0.9143,0.9143,False,False,0
data/max2sat/20/70/PROBLEM_020_070_24.cnf,20,70,3.5,0.064914,0.065894,0.9851,0.9286,0.9286,False,False,0
data/max2sat/20/70/PROBLEM_020_070_25.cnf,20,70,3.5,0.066304,0.064811,1.023,0.9429,0.9429,False,False,0
data/max2sat/20/70/PROBLEM_020_070_26.cnf,20,70,3.5,0.064911,0.063843,1.0167,0.9571,0.9571,False,False,0
data/max2sat/20/70/PROBLEM_020_070_27.cnf,20,70,3.5,0.07093,0.069514,1.0204,0.9286,0.9286,False,False,0
data/max2sat/20/70/PROBLEM_020_070_28.cnf,20,70,3.5,0.065943,0.06673,0.9882,0.9286,0.9286,False,False,0
data/max2sat/20/70/PROBLEM_020_070_29.cnf,20,70,3.5,0.062834,0.064908,0.968,0.9286,0.9286,False,False,0
data/max2sat/20/70/PROBLEM_020_070_30.cnf,20,70,3.5,0.063927,0.062923,1.016,0.9429,0.9429,False,False,0
data/max2sat/20/70/PROBLEM_020_070_31.cnf,20,70,3.5,0.066883,0.069801,0.9582,0.9429,0.9429,False,False,0
data/max2sat/20/70/PROBLEM_020_070_32.cnf,20,70,3.5,0.068851,0.066725,1.0319,0.9143,0.9143,False,False,0
data/max2sat/20/70/PROBLEM_020_070_33.cnf,20,70,3.5,0.065035,0.063925,1.0174,0.9571,0.9571,False,False,0
data/max2sat/20/70/PROBLEM_020_070_34.cnf,20,70,3.5,0.063282,0.062575,1.0113,0.9286,0.9286,False,False,0
data/max2sat/20/70/PROBLEM_020_070_35.cnf,20,70,3.5,0.067917,0.071347,0.9519,0.9571,0.9571,False,False,0
data/max2sat/20/70/PROBLEM_020_070_36.cnf,20,70,3.5,0.065926,0.066812,0.9867,0.9429,0.9429,False,False,0
data/max2sat/20/70/PROBLEM_020_070_37.cnf,20,70,3.5,0.066957,0.062904,1.0644,0.9429,0.9429,False,False,0
data/max2sat/20/70/PROBLEM_020_070_38.cnf,20,70,3.5,0.063925,0.062674,1.02,0.9429,0.9429,False,False,0
data/max2sat/20/70/PROBLEM_020_070_39.cnf,20,70,3.5,0.067911,0.067118,1.0118,0.9429,0.9429,False,False,0
data/max2sat/20/70/PROBLEM_020_070_40.cnf,20,70,3.5,0.068922,0.072053,0.9565,0.9714,0.9714,False,False,0
data/max2sat/20/70/PROBLEM_020_070_41.cnf,20,70,3.5,0.066177,0.064341,1.0285,0.9,0.9,False,False,0
data/max2sat/20/70/PROBLEM_020_070_42.cnf,20,70,3.5,0.065662,0.067371,0.9746,0.9286,0.9286,False,False,0
data/max2sat/20/70/PROBLEM_020_070_43.cnf,20,70,3.5,0.065904,0.065874,1.0005,0.9429,0.9429,False,False,0
data/max2sat/20/70/PROBLEM_020_070_44.cnf,20,70,3.5,0.068931,0.071898,0.9587,0.9429,0.9429,False,False,0
data/max2sat/20/70/PROBLEM_020_070_45.cnf,20,70,3.5,0.064784,0.065919,0.9828,0.9143,0.9143,False,False,0
data/max2sat/20/70/PROBLEM_020_070_46.cnf,20,70,3.5,0.064926,0.066164,0.9813,0.9143,0.9143,False,False,0
data/max2sat/20/70/PROBLEM_020_070_47.cnf,20,70,3.5,0.06793,0.066497,1.0215,0.9143,0.9143,False,False,0
data/max2sat/20/70/PROBLEM_020_070_48.cnf,20,70,3.5,0.070922,0.069151,1.0256,0.9,0.9,False,False,0
data/max2sat/20/70/PROBLEM_020_070_49.cnf,20,70,3.5,0.066408,0.065243,1.0179,0.9714,0.9714,False,False,0
data/max2sat/20/70/PROBLEM_020_070_50.cnf,20,70,3.5,0.064215,0.065434,0.9814,0.9286,0.9286,False,False,0
data/max2sat/20/80/PROBLEM_020_080_01.cnf,20,80,4.0,0.052275,0.05802,0.901,0.9375,0.9375,False,False,0
data/max2sat/20/80/PROBLEM_020_080_02.cnf,20,80,4.0,0.040385,0.040775,0.9904,0.9,0.9,False,False,0
data/max2sat/20/80/PROBLEM_020_080_03.cnf,20,80,4.0,0.042368,0.040852,1.0371,0.9375,0.9375,False,False,0
data/max2sat/20/80/PROBLEM_020_080_04.cnf,20,80,4.0,0.040505,0.053715,0.7541,0.9125,0.9125,False,False,0
data/max2sat/20/80/PROBLEM_020_080_05.cnf,20,80,4.0,0.071893,0.073748,0.9748,0.925,0.925,False,False,0
data/max2sat/20/80/PROBLEM_020_080_06.cnf,20,80,4.0,0.071971,0.074447,0.9667,0.925,0.925,False,False,0
data/max2sat/20/80/PROBLEM_020_080_07.cnf,20,80,4.0,0.072345,0.080716,0.8963,0.95,0.95,False,False,0
data/max2sat/20/80/PROBLEM_020_080_08.cnf,20,80,4.0,0.07934,0.089604,0.8855,0.9,0.9,False,False,0
data/max2sat/20/80/PROBLEM_020_080_09.cnf,20,80,4.0,0.067443,0.066147,1.0196,0.9125,0.9125,False,False,0
data/max2sat/20/80/PROBLEM_020_080_10.cnf,20,80,4.0,0.067506,0.066693,1.0122,0.9375,0.9375,False,False,0
data/max2sat/20/80/PROBLEM_020_080_11.cnf,20,80,4.0,0.065027,0.064786,1.0037,0.9625,0.9625,False,False,0
data/max2sat/20/80/PROBLEM_020_080_12.cnf,20,80,4.0,0.072032,0.07184,1.0027,0.9125,0.9125,False,False,0
data/max2sat/20/80/PROBLEM_020_080_13.cnf,20,80,4.0,0.067327,0.066792,1.008,0.925,0.925,False,False,0
data/max2sat/20/80/PROBLEM_020_080_14.cnf,20,80,4.0,0.06952,0.070757,0.9825,0.9375,0.9375,False,False,0
data/max2sat/20/80/PROBLEM_020_080_15.cnf,20,80,4.0,0.068469,0.065364,1.0475,0.9125,0.9125,False,False,0
data/max2sat/20/80/PROBLEM_020_080_16.cnf,20,80,4.0,0.069029,0.070923,0.9733,0.9375,0.9375,False,False,0
data/max2sat/20/80/PROBLEM_020_080_17.cnf,20,80,4.0,0.06666,0.065492,1.0178,0.9375,0.9375,False,False,0
data/max2sat/20/80/PROBLEM_020_080_18.cnf,20,80,4.0,0.06652,0.071621,0.9288,0.925,0.925,False,False,0
data/max2sat/20/80/PROBLEM_020_080_19.cnf,20,80,4.0,0.068079,0.066082,1.0302,0.9125,0.9125,False,False,0
data/max2sat/20/80/PROBLEM_020_080_20.cnf,20,80,4.0,0.069804,0.069757,1.0007,0.925,0.925,False,False,0
data/max2sat/20/80/PROBLEM_020_080_21.cnf,20,80,4.0,0.065911,0.063433,1.0391,0.9125,0.9125,False,False,0
data/max2sat/20/80/PROBLEM_020_080_22.cnf,20,80,4.0,0.067383,0.068349,0.9859,0.9,0.9,False,False,0
data/max2sat/20/80/PROBLEM_020_080_23.cnf,20,80,4.0,0.070592,0.067373,1.0478,0.9375,0.9375,False,False,0
data/max2sat/20/80/PROBLEM_020_080_24.cnf,20,80,4.0,0.070816,0.069653,1.0167,0.925,0.925,False,False,0
data/max2sat/20/80/PROBLEM_020_080_25.cnf,20,80,4.0,0.066901,0.065921,1.0149,0.9,0.9,False,False,0
data/max2sat/20/80/PROBLEM_020_080_26.cnf,20,80,4.0,0.067613,0.066214,1.0211,0.9125,0.9125,False,False,0
data/max2sat/20/80/PROBLEM_020_080_27.cnf,20,80,4.0,0.072668,0.066157,1.0984,0.9625,0.9625,False,False,0
data/max2sat/20/80/PROBLEM_020_080_28.cnf,20,80,4.0,0.068926,0.070062,0.9838,0.8875,0.8875,False,False,0
data/max2sat/20/80/PROBLEM_020_080_29.cnf,20,80,4.0,0.067922,0.067397,1.0078,0.9375,0.9375,False,False,0
data/max2sat/20/80/PROBLEM_020_080_30.cnf,20,80,4.0,0.066,0.06485,1.0177,0.9125,0.9125,False,False,0
data/max2sat/20/80/PROBLEM_020_080_31.cnf,20,80,4.0,0.075311,0.066887,1.1259,0.9,0.9,False,False,0
data/max2sat/20/80/PROBLEM_020_080_32.cnf,20,80,4.0,0.068076,0.069753,0.976,0.9375,0.9375,False,False,0
data/max2sat/20/80/PROBLEM_020_080_33.cnf,20,80,4.0,0.069916,0.066903,1.045,0.9,0.9,False,False,0
data/max2sat/20/80/PROBLEM_020_080_34.cnf,20,80,4.0,0.06494,0.065925,0.9851,0.95,0.95,False,False,0
data/max2sat/20/80/PROBLEM_020_080_35.cnf,20,80,4.0,0.074963,0.067463,1.1112,0.9375,0.9375,False,False,0
data/max2sat/20/80/PROBLEM_020_080_36.cnf,20,80,4.0,0.069317,0.069905,0.9916,0.925,0.925,False,False,0
data/max2sat/20/80/PROBLEM_020_080_37.cnf,20,80,4.0,0.065874,0.066913,0.9845,0.9375,0.9375,False,False,0
data/max2sat/20/80/PROBLEM_020_080_38.cnf,20,80,4.0,0.067856,0.064928,1.0451,0.9375,0.9375,False,False,0
data/max2sat/20/80/PROBLEM_020_080_39.cnf,20,80,4.0,0.069684,0.06579,1.0592,0.9375,0.9375,False,False,0
data/max2sat/20/80/PROBLEM_020_080_40.cnf,20,80,4.0,0.07308,0.07034,1.039,0.9375,0.9375,False,False,0
data/max2sat/20/80/PROBLEM_020_080_41.cnf,20,80,4.0,0.064902,0.065918,0.9846,0.925,0.925,False,False,0
data/max2sat/20/80/PROBLEM_020_080_42.cnf,20,80,4.0,0.066925,0.064929,1.0307,0.9,0.9,False,False,0
data/max2sat/20/80/PROBLEM_020_080_43.cnf,20,80,4.0,0.069614,0.068241,1.0201,0.9,0.9,False,False,0
data/max2sat/20/80/PROBLEM_020_080_44.cnf,20,80,4.0,0.072377,0.06891,1.0503,0.9125,0.9125,False,False,0
data/max2sat/20/80/PROBLEM_020_080_45.cnf,20,80,4.0,0.065906,0.066925,0.9848,0.9375,0.9375,False,False,0
data/max2sat/20/80/PROBLEM_020_080_46.cnf,20,80,4.0,0.066922,0.064923,1.0308,0.9625,0.9625,False,False,0
data/max2sat/20/80/PROBLEM_020_080_47.cnf,20,80,4.0,0.069908,0.072358,0.9661,0.925,0.925,False,False,0
data/max2sat/20/80/PROBLEM_020_080_48.cnf,20,80,4.0,0.072937,0.066814,1.0916,0.925,0.925,False,False,0
data/max2sat/20/80/PROBLEM_020_080_49.cnf,20,80,4.0,0.06538,0.067501,0.9686,0.9375,0.9375,False,False,0
data/max2sat/20/80/PROBLEM_020_080_50.cnf,20,80,4.0,0.066413,0.064068,1.0366,0.9125,0.9125,False,False,0
data/max2sat/20/90/PROBLEM_020_090_01.cnf,20,90,4.5,0.054154,0.046887,1.155,0.9111,0.9111,False,False,0
data/max2sat/20/90/PROBLEM_020_090_02.cnf,20,90,4.5,0.039535,0.038438,1.0285,0.9111,0.9111,False,False,0
data/max2sat/20/90/PROBLEM_020_090_03.cnf,20,90,4.5,0.043494,0.053337,0.8155,0.9,0.9,False,False,0
data/max2sat/20/90/PROBLEM_020_090_04.cnf,20,90,4.5,0.043557,0.040255,1.082,0.9333,0.9333,False,False,0
data/max2sat/20/90/PROBLEM_020_090_05.cnf,20,90,4.5,0.074793,0.0724,1.0331,0.9111,0.9111,False,False,0
data/max2sat/20/90/PROBLEM_020_090_06.cnf,20,90,4.5,0.074705,0.072314,1.0331,0.8889,0.8889,False,False,0
data/max2sat/20/90/PROBLEM_020_090_07.cnf,20,90,4.5,0.083479,0.073374,1.1377,0.9444,0.9444,False,False,0
data/max2sat/20/90/PROBLEM_020_090_08.cnf,20,90,4.5,0.078451,0.089304,0.8785,0.9333,0.9333,False,False,0
data/max2sat/20/90/PROBLEM_020_090_09.cnf,20,90,4.5,0.066904,0.065933,1.0147,0.9111,0.9111,False,False,0
data/max2sat/20/90/PROBLEM_020_090_10.cnf,20,90,4.5,0.066089,0.066909,0.9877,0.9,0.9,False,False,0
data/max2sat/20/90/PROBLEM_020_090_11.cnf,20,90,4.5,0.068875,0.067061,1.027,0.9111,0.9111,False,False,0
data/max2sat/20/90/PROBLEM_020_090_12.cnf,20,90,4.5,0.077867,0.078015,0.9981,0.9222,0.9222,False,False,0
data/max2sat/20/90/PROBLEM_020_090_13.cnf,20,90,4.5,0.065592,0.063936,1.0259,0.9222,0.9222,False,False,0
data/max2sat/20/90/PROBLEM_020_090_14.cnf,20,90,4.5,0.066614,0.065836,1.0118,0.9111,0.9111,False,False,0
data/max2sat/20/90/PROBLEM_020_090_15.cnf,20,90,4.5,0.067935,0.067852,1.0012,0.9333,0.9333,False,False,0
data/max2sat/20/90/PROBLEM_020_090_16.cnf,20,90,4.5,0.074906,0.075975,0.9859,0.9333,0.9333,False,False,0
data/max2sat/20/90/PROBLEM_020_090_17.cnf,20,90,4.5,0.066921,0.066848,1.0011,0.9444,0.9444,False,False,0
data/max2sat/20/90/PROBLEM_020_090_18.cnf,20,90,4.5,0.066442,0.065836,1.0092,0.9,0.9,False,False,0
data/max2sat/20/90/PROBLEM_020_090_19.cnf,20,90,4.5,0.067932,0.067852,1.0012,0.9222,0.9222,False,False,0
data/max2sat/20/90/PROBLEM_020_090_20.cnf,20,90,4.5,0.074909,0.070669,1.06,0.9,0.9,False,False,0
data/max2sat/20/90/PROBLEM_020_090_21.cnf,20,90,4.5,0.066951,0.064995,1.0301,0.9556,0.9556,False,False,0
data/max2sat/20/90/PROBLEM_020_090_22.cnf,20,90,4.5,0.066757,0.065125,1.0251,0.9222,0.9222,False,False,0
data/max2sat/20/90/PROBLEM_020_090_23.cnf,20,90,4.5,0.069931,0.065931,1.0607,0.9,0.9,False,False,0
data/max2sat/20/90/PROBLEM_020_090_24.cnf,20,90,4.5,0.077963,0.069862,1.116,0.9111,0.9111,False,False,0
data/max2sat/20/90/PROBLEM_020_090_25.cnf,20,90,4.5,0.067907,0.066818,1.0163,0.9444,0.9444,False,False,0
data/max2sat/20/90/PROBLEM_020_090_26.cnf,20,90,4.5,0.067272,0.065989,1.0194,0.9333,0.9333,False,False,0
data/max2sat/20/90/PROBLEM_020_090_27.cnf,20,90,4.5,0.070916,0.066679,1.0635,0.9,0.9,False,False,0
data/max2sat/20/90/PROBLEM_020_090_28.cnf,20,90,4.5,0.076912,0.066775,1.1518,0.9,0.9,False,False,0
data/max2sat/20/90/PROBLEM_020_090_29.cnf,20,90,4.5,0.065997,0.071047,0.9289,0.9222,0.9222,False,False,0
data/max2sat/20/90/PROBLEM_020_090_30.cnf,20,90,4.5,0.068191,0.066724,1.022,0.9111,0.9111,False,False,0
data/max2sat/20/90/PROBLEM_020_090_31.cnf,20,90,4.5,0.068909,0.067508,1.0208,0.9333,0.9333,False,False,0
data/max2sat/20/90/PROBLEM_020_090_32.cnf,20,90,4.5,0.07087,0.065908,1.0753,0.9333,0.9333,False,False,0
data/max2sat/20/90/PROBLEM_020_090_33.cnf,20,90,4.5,0.068243,0.067142,1.0164,0.9222,0.9222,False,False,0
data/max2sat/20/90/PROBLEM_020_090_34.cnf,20,90,4.5,0.067794,0.070885,0.9564,0.9333,0.9333,False,False,0
data/max2sat/20/90/PROBLEM_020_090_35.cnf,20,90,4.5,0.067911,0.067867,1.0006,0.9111,0.9111,False,False,0
data/max2sat/20/90/PROBLEM_020_090_36.cnf,20,90,4.5,0.067866,0.067007,1.0128,0.9,0.9,False,False,0
data/max2sat/20/90/PROBLEM_020_090_37.cnf,20,90,4.5,0.072845,0.064941,1.1217,0.9333,0.9333,False,False,0
data/max2sat/20/90/PROBLEM_020_090_38.cnf,20,90,4.5,0.067511,0.069937,0.9653,0.9333,0.9333,False,False,0
data/max2sat/20/90/PROBLEM_020_090_39.cnf,20,90,4.5,0.070907,0.069271,1.0236,0.9333,0.9333,False,False,0
data/max2sat/20/90/PROBLEM_020_090_40.cnf,20,90,4.5,0.067965,0.071909,0.9452,0.9333,0.9333,False,False,0
data/max2sat/20/90/PROBLEM_020_090_41.cnf,20,90,4.5,0.068526,0.066725,1.027,0.9,0.9,False,False,0
data/max2sat/20/90/PROBLEM_020_090_42.cnf,20,90,4.5,0.073034,0.071681,1.0189,0.9111,0.9111,False,False,0
data/max2sat/20/90/PROBLEM_020_090_43.cnf,20,90,4.5,0.068902,0.069913,0.9855,0.9,0.9,False,False,0
data/max2sat/20/90/PROBLEM_020_090_44.cnf,20,90,4.5,0.065911,0.067849,0.9714,0.9111,0.9111,False,False,0
data/max2sat/20/90/PROBLEM_020_090_45.cnf,20,90,4.5,0.068342,0.070805,0.9652,0.9,0.9,False,False,0
data/max2sat/20/90/PROBLEM_020_090_46.cnf,20,90,4.5,0.070918,0.070701,1.0031,0.9222,0.9222,False,False,0
data/max2sat/20/90/PROBLEM_020_090_47.cnf,20,90,4.5,0.065928,0.069868,0.9436,0.9222,0.9222,False,False,0
data/max2sat/20/90/PROBLEM_020_090_48.cnf,20,90,4.5,0.064361,0.064831,0.9928,0.9111,0.9111,False,False,0
data/max2sat/20/90/PROBLEM_020_090_49.cnf,20,90,4.5,0.067015,0.064957,1.0317,0.9111,0.9111,False,False,0
data/max2sat/20/90/PROBLEM_020_090_50.cnf,20,90,4.5,0.068427,0.064972,1.0532,0.9111,0.9111,False,False,0
data/max2sat/30/100/PROBLEM_030_100_01.cnf,30,100,3.3333,0.066073,0.074257,0.8898,0.93,0.93,False,False,0
data/max2sat/30/100/PROBLEM_030_100_02.cnf,30,100,3.3333,0.061603,0.052631,1.1705,0.95,0.95,False,False,0
data/max2sat/30/100/PROBLEM_030_100_03.cnf,30,100,3.3333,0.05677,0.052511,1.0811,0.94,0.94,False,False,0
data/max2sat/30/100/PROBLEM_030_100_04.cnf,30,100,3.3333,0.062577,0.054534,1.1475,0.94,0.94,False,False,0
data/max2sat/30/100/PROBLEM_030_100_05.cnf,30,100,3.3333,0.102097,0.103736,0.9842,0.95,0.95,False,False,0
data/max2sat/30/100/PROBLEM_030_100_06.cnf,30,100,3.3333,0.101676,0.103675,0.9807,0.94,0.94,False,False,0
data/max2sat/30/100/PROBLEM_030_100_07.cnf,30,100,3.3333,0.11556,0.103583,1.1156,0.92,0.92,False,False,0
data/max2sat/30/100/PROBLEM_030_100_08.cnf,30,100,3.3333,0.112693,0.119544,0.9427,0.94,0.94,False,False,0
data/max2sat/30/100/PROBLEM_030_100_09.cnf,30,100,3.3333,0.096473,0.0966,0.9987,0.93,0.93,False,False,0
data/max2sat/30/100/PROBLEM_030_100_10.cnf,30,100,3.3333,0.096043,0.097444,0.9856,0.92,0.92,False,False,0
data/max2sat/30/100/PROBLEM_030_100_11.cnf,30,100,3.3333,0.100913,0.096104,1.05,0.93,0.93,False,False,0
data/max2sat/30/100/PROBLEM_030_100_12.cnf,30,100,3.3333,0.105924,0.106787,0.9919,0.95,0.95,False,False,0
data/max2sat/30/100/PROBLEM_030_100_13.cnf,30,100,3.3333,0.095809,0.097943,0.9782,0.97,0.97,False,False,0
data/max2sat/30/100/PROBLEM_030_100_14.cnf,30,100,3.3333,0.101286,0.095026,1.0659,0.94,0.94,False,False,0
data/max2sat/30/100/PROBLEM_030_100_15.cnf,30,100,3.3333,0.100829,0.094931,1.0621,0.94,0.94,False,False,0
data/max2sat/30/100/PROBLEM_030_100_16.cnf,30,100,3.3333,0.102918,0.103329,0.996,0.94,0.94,False,False,0
data/max2sat/30/100/PROBLEM_030_100_17.cnf,30,100,3.3333,0.095928,0.098043,0.9784,0.94,0.94,False,False,0
data/max2sat/30/100/PROBLEM_030_100_18.cnf,30,100,3.3333,0.101119,0.096174,1.0514,0.94,0.94,False,False,0
data/max2sat/30/100/PROBLEM_030_100_19.cnf,30,100,3.3333,0.101905,0.097611,1.044,0.95,0.95,False,False,0
data/max2sat/30/100/PROBLEM_030_100_20.cnf,30,100,3.3333,0.101913,0.10296,0.9898,0.93,0.93,False,False,0
data/max2sat/30/100/PROBLEM_030_100_21.cnf,30,100,3.3333,0.096947,0.095514,1.015,0.97,0.97,False,False,0
data/max2sat/30/100/PROBLEM_030_100_22.cnf,30,100,3.3333,0.102141,0.094001,1.0866,0.93,0.93,False,False,0
data/max2sat/30/100/PROBLEM_030_100_23.cnf,30,100,3.3333,0.101439,0.095588,1.0612,0.95,0.95,False,False,0
data/max2sat/30/100/PROBLEM_030_100_24.cnf,30,100,3.3333,0.104919,0.104578,1.0033,0.92,0.92,False,False,0
data/max2sat/30/100/PROBLEM_030_100_25.cnf,30,100,3.3333,0.094882,0.093901,1.0104,0.95,0.95,False,False,0
data/max2sat/30/100/PROBLEM_030_100_26.cnf,30,100,3.3333,0.099822,0.095899,1.0409,0.96,0.96,False,False,0
data/max2sat/30/100/PROBLEM_030_100_27.cnf,30,100,3.3333,0.101901,0.098119,1.0385,0.94,0.94,False,False,0
data/max2sat/30/100/PROBLEM_030_100_28.cnf,30,100,3.3333,0.104916,0.103686,1.0119,0.93,0.93,False,False,0
data/max2sat/30/100/PROBLEM_030_100_29.cnf,30,100,3.3333,0.094849,0.092901,1.021,0.95,0.95,False,False,0
data/max2sat/30/100/PROBLEM_030_100_30.cnf,30,100,3.3333,0.097694,0.095926,1.0184,0.93,0.93,False,False,0
data/max2sat/30/100/PROBLEM_030_100_31.cnf,30,100,3.3333,0.100456,0.097932,1.0258,0.95,0.95,False,False,0
data/max2sat/30/100/PROBLEM_030_100_32.cnf,30,100,3.3333,0.101912,0.10275,0.9918,0.93,0.93,False,False,0
data/max2sat/30/100/PROBLEM_030_100_33.cnf,30,100,3.3333,0.093913,0.09492,0.9894,0.94,0.94,False,False,0
data/max2sat/30/100/PROBLEM_030_100_34.cnf,30,100,3.3333,0.097495,0.094925,1.0271,0.93,0.93,False,False,0
data/max2sat/30/100/PROBLEM_030_100_35.cnf,30,100,3.3333,0.095903,0.095752,1.0016,0.97,0.97,False,False,0
data/max2sat/30/100/PROBLEM_030_100_36.cnf,30,100,3.3333,0.098927,0.103067,0.9598,0.93,0.93,False,False,0
data/max2sat/30/100/PROBLEM_030_100_37.cnf,30,100,3.3333,0.093905,0.095909,0.9791,0.91,0.91,False,False,0
data/max2sat/30/100/PROBLEM_030_100_38.cnf,30,100,3.3333,0.102014,0.096746,1.0545,0.93,0.93,False,False,0
data/max2sat/30/100/PROBLEM_030_100_39.cnf,30,100,3.3333,0.095612,0.094912,1.0074,0.95,0.95,False,False,0
data/max2sat/30/100/PROBLEM_030_100_40.cnf,30,100,3.3333,0.096927,0.103559,0.936,0.94,0.94,False,False,0
data/max2sat/30/100/PROBLEM_030_100_41.cnf,30,100,3.3333,0.09589,0.095914,0.9997,0.94,0.94,False,False,0
data/max2sat/30/100/PROBLEM_030_100_42.cnf,30,100,3.3333,0.101973,0.097933,1.0413,0.95,0.95,False,False,0
data/max2sat/30/100/PROBLEM_030_100_43.cnf,30,100,3.3333,0.09792,0.096886,1.0107,0.93,0.93,False,False,0
data/max2sat/30/100/PROBLEM_030_100_44.cnf,30,100,3.3333,0.096909,0.096905,1.0,0.97,0.97,False,False,0
data/max2sat/30/100/PROBLEM_030_100_45.cnf,30,100,3.3333,0.094903,0.102036,0.9301,0.93,0.93,False,False,0
data/max2sat/30/100/PROBLEM_030_100_46.cnf,30,100,3.3333,0.099642,0.096544,1.0321,0.95,0.95,False,False,0
data/max2sat/30/100/PROBLEM_030_100_47.cnf,30,100,3.3333,0.097071,0.097766,0.9929,0.94,0.94,False,False,0
data/max2sat/30/100/PROBLEM_030_100_48.cnf,30,100,3.3333,0.096912,0.095827,1.0113,0.92,0.92,False,False,0
data/max2sat/30/100/PROBLEM_030_100_49.cnf,30,100,3.3333,0.094934,0.098564,0.9632,0.96,0.96,False,False,0
data/max2sat/30/100/PROBLEM_030_100_50.cnf,30,100,3.3333,0.100686,0.097066,1.0373,0.94,0.94,False,False,0
data/max2sat/30/30/PROBLEM_030_030_01.cnf,30,30,1.0,0.065398,0.057955,1.1284,1.0,1.0,True,True,0
data/max2sat/30/30/PROBLEM_030_030_02.cnf,30,30,1.0,0.046335,0.048103,0.9632,1.0,1.0,True,True,0
data/max2sat/30/30/PROBLEM_030_030_03.cnf,30,30,1.0,0.052322,0.060698,0.862,1.0,1.0,True,True,0
data/max2sat/30/30/PROBLEM_030_030_04.cnf,30,30,1.0,0.046227,0.047913,0.9648,1.0,1.0,True,True,0
data/max2sat/30/30/PROBLEM_030_030_05.cnf,30,30,1.0,0.088117,0.088846,0.9918,1.0,1.0,True,True,0
data/max2sat/30/30/PROBLEM_030_030_06.cnf,30,30,1.0,0.088517,0.089744,0.9863,1.0,1.0,True,True,0
data/max2sat/30/30/PROBLEM_030_030_07.cnf,30,30,1.0,0.094768,0.093226,1.0165,1.0,1.0,True,True,0
data/max2sat/30/30/PROBLEM_030_030_08.cnf,30,30,1.0,0.102271,0.105651,0.968,1.0,1.0,True,True,0
data/max2sat/30/30/PROBLEM_030_030_09.cnf,30,30,1.0,0.082833,0.085073,0.9737,1.0,1.0,True,True,0
data/max2sat/30/30/PROBLEM_030_030_10.cnf,30,30,1.0,0.087146,0.088508,0.9846,1.0,1.0,True,True,0
data/max2sat/30/30/PROBLEM_030_030_11.cnf,30,30,1.0,0.083875,0.094551,0.8871,1.0,1.0,True,True,0
data/max2sat/30/30/PROBLEM_030_030_12.cnf,30,30,1.0,0.095853,0.086892,1.1031,1.0,1.0,True,True,0
data/max2sat/30/30/PROBLEM_030_030_13.cnf,30,30,1.0,0.084963,0.086509,0.9821,1.0,1.0,True,True,0
data/max2sat/30/30/PROBLEM_030_030_14.cnf,30,30,1.0,0.087892,0.086994,1.0103,1.0,1.0,True,True,0
data/max2sat/30/30/PROBLEM_030_030_15.cnf,30,30,1.0,0.085337,0.092764,0.9199,1.0,1.0,True,True,0
data/max2sat/30/30/PROBLEM_030_030_16.cnf,30,30,1.0,0.089794,0.081659,1.0996,1.0,1.0,True,True,0
data/max2sat/30/30/PROBLEM_030_030_17.cnf,30,30,1.0,0.086879,0.084128,1.0327,1.0,1.0,True,True,0
data/max2sat/30/30/PROBLEM_030_030_18.cnf,30,30,1.0,0.085633,0.082031,1.0439,1.0,1.0,True,True,0
data/max2sat/30/30/PROBLEM_030_030_19.cnf,30,30,1.0,0.085805,0.087863,0.9766,1.0,1.0,True,True,0
data/max2sat/30/30/PROBLEM_030_030_20.cnf,30,30,1.0,0.091907,0.081932,1.1217,1.0,1.0,True,True,0
data/max2sat/30/30/PROBLEM_030_030_21.cnf,30,30,1.0,0.080907,0.082217,0.9841,1.0,1.0,True,True,0
data/max2sat/30/30/PROBLEM_030_030_22.cnf,30,30,1.0,0.085034,0.081758,1.0401,1.0,1.0,True,True,0
data/max2sat/30/30/PROBLEM_030_030_23.cnf,30,30,1.0,0.082686,0.085495,0.9671,1.0,1.0,True,True,0
data/max2sat/30/30/PROBLEM_030_030_24.cnf,30,30,1.0,0.093924,0.084254,1.1148,1.0,1.0,True,True,0
data/max2sat/30/30/PROBLEM_030_030_25.cnf,30,30,1.0,0.079397,0.083852,0.9469,1.0,1.0,True,True,0
data/max2sat/30/30/PROBLEM_030_030_26.cnf,30,30,1.0,0.084736,0.081832,1.0355,1.0,1.0,True,True,0
data/max2sat/30/30/PROBLEM_030_030_27.cnf,30,30,1.0,0.082358,0.084907,0.97,1.0,1.0,True,True,0
data/max2sat/30/30/PROBLEM_030_030_28.cnf,30,30,1.0,0.088911,0.079926,1.1124,1.0,1.0,True,True,0
data/max2sat/30/30/PROBLEM_030_030_29.cnf,30,30,1.0,0.080897,0.081963,0.987,1.0,1.0,True,True,0
data/max2sat/30/30/PROBLEM_030_030_30.cnf,30,30,1.0,0.083466,0.091413,0.9131,1.0,1.0,True,True,0
data/max2sat/30/30/PROBLEM_030_030_31.cnf,30,30,1.0,0.083552,0.079532,1.0505,1.0,1.0,True,True,0
data/max2sat/30/30/PROBLEM_030_030_32.cnf,30,30,1.0,0.085904,0.08481,1.0129,1.0,1.0,True,True,0
data/max2sat/30/30/PROBLEM_030_030_33.cnf,30,30,1.0,0.079385,0.080873,0.9816,1.0,1.0,True,True,0
data/max2sat/30/30/PROBLEM_030_030_34.cnf,30,30,1.0,0.082835,0.095175,0.8703,1.0,1.0,True,True,0
data/max2sat/30/30/PROBLEM_030_030_35.cnf,30,30,1.0,0.083059,0.080914,1.0265,1.0,1.0,True,True,0
data/max2sat/30/30/PROBLEM_030_030_36.cnf,30,30,1.0,0.083895,0.085022,0.9867,1.0,1.0,True,True,0
data/max2sat/30/30/PROBLEM_030_030_37.cnf,30,30,1.0,0.080919,0.083807,0.9655,1.0,1.0,True,True,0
data/max2sat/30/30/PROBLEM_030_030_38.cnf,30,30,1.0,0.083776,0.084417,0.9924,1.0,1.0,True,True,0
data/max2sat/30/30/PROBLEM_030_030_39.cnf,30,30,1.0,0.087454,0.089048,0.9821,1.0,1.0,True,True,0
data/max2sat/30/30/PROBLEM_030_030_40.cnf,30,30,1.0,0.083901,0.08091,1.037,1.0,1.0,True,True,0
data/max2sat/30/30/PROBLEM_030_030_41.cnf,30,30,1.0,0.07893,0.079897,0.9879,1.0,1.0,True,True,0
data/max2sat/30/30/PROBLEM_030_030_42.cnf,30,30,1.0,0.083066,0.082909,1.0019,1.0,1.0,True,True,0
data/max2sat/30/30/PROBLEM_030_030_43.cnf,30,30,1.0,0.08446,0.082931,1.0184,1.0,1.0,True,True,0
data/max2sat/30/30/PROBLEM_030_030_44.cnf,30,30,1.0,0.081922,0.083711,0.9786,1.0,1.0,True,True,0
data/max2sat/30/30/PROBLEM_030_030_45.cnf,30,30,1.0,0.081917,0.077092,1.0626,1.0,1.0,True,True,0
data/max2sat/30/30/PROBLEM_030_030_46.cnf,30,30,1.0,0.083052,0.080901,1.0266,1.0,1.0,True,True,0
data/max2sat/30/30/PROBLEM_030_030_47.cnf,30,30,1.0,0.080801,0.082931,0.9743,1.0,1.0,True,True,0
data/max2sat/30/30/PROBLEM_030_030_48.cnf,30,30,1.0,0.087899,0.085893,1.0234,1.0,1.0,True,True,0
data/max2sat/30/30/PROBLEM_030_030_49.cnf,30,30,1.0,0.086143,0.081397,1.0583,1.0,1.0,True,True,0
data/max2sat/30/30/PROBLEM_030_030_50.cnf,30,30,1.0,0.08308,0.081494,1.0195,1.0,1.0,True,True,0
data/max2sat/30/40/PROBLEM_030_040_01.cnf,30,40,1.3333,0.059068,0.060708,0.973,1.0,1.0,True,True,0
data/max2sat/30/40/PROBLEM_030_040_02.cnf,30,40,1.3333,0.05728,0.060978,0.9394,1.0,1.0,True,True,0
data/max2sat/30/40/PROBLEM_030_040_03.cnf,30,40,1.3333,0.047029,0.059021,0.7968,1.0,1.0,True,True,0
data/max2sat/30/40/PROBLEM_030_040_04.cnf,30,40,1.3333,0.053257,0.049023,1.0864,1.0,1.0,True,True,0
data/max2sat/30/40/PROBLEM_030_040_05.cnf,30,40,1.3333,0.090528,0.090874,0.9962,1.0,1.0,True,True,0
data/max2sat/30/40/PROBLEM_030_040_06.cnf,30,40,1.3333,0.090865,0.097081,0.936,1.0,1.0,True,True,0
data/max2sat/30/40/PROBLEM_030_040_07.cnf,30,40,1.3333,0.098249,0.104875,0.9368,1.0,1.0,True,True,0
data/max2sat/30/40/PROBLEM_030_040_08.cnf,30,40,1.3333,0.109927,0.108854,1.0099,1.0,1.0,True,True,0
data/max2sat/30/40/PROBLEM_030_040_09.cnf,30,40,1.3333,0.088455,0.085868,1.0301,1.0,1.0,True,True,0
data/max2sat/30/40/PROBLEM_030_040_10.cnf,30,40,1.3333,0.087885,0.089223,0.985,1.0,1.0,True,True,0
data/max2sat/30/40/PROBLEM_030_040_11.cnf,30,40,1.3333,0.092713,0.089905,1.0312,1.0,1.0,True,True,0
data/max2sat/30/40/PROBLEM_030_040_12.cnf,30,40,1.3333,0.10193,0.094848,1.0747,1.0,1.0,True,True,0
data/max2sat/30/40/PROBLEM_030_040_13.cnf,30,40,1.3333,0.087655,0.087916,0.997,1.0,1.0,True,True,0
data/max2sat/30/40/PROBLEM_030_040_14.cnf,30,40,1.3333,0.089276,0.089705,0.9952,1.0,1.0,True,True,0
data/max2sat/30/40/PROBLEM_030_040_15.cnf,30,40,1.3333,0.09506,0.088998,1.0681,1.0,1.0,True,True,0
data/max2sat/30/40/PROBLEM_030_040_16.cnf,30,40,1.3333,0.100117,0.091923,1.0891,1.0,1.0,True,True,0
data/max2sat/30/40/PROBLEM_030_040_17.cnf,30,40,1.3333,0.085628,0.086786,0.9867,1.0,1.0,True,True,0
data/max2sat/30/40/PROBLEM_030_040_18.cnf,30,40,1.3333,0.087142,0.088488,0.9848,0.975,0.975,False,False,0
data/max2sat/30/40/PROBLEM_030_040_19.cnf,30,40,1.3333,0.093534,0.090826,1.0298,1.0,1.0,True,True,0
data/max2sat/30/40/PROBLEM_030_040_20.cnf,30,40,1.3333,0.101784,0.090892,1.1198,1.0,1.0,True,True,0
data/max2sat/30/40/PROBLEM_030_040_21.cnf,30,40,1.3333,0.086774,0.086908,0.9985,1.0,1.0,True,True,0
data/max2sat/30/40/PROBLEM_030_040_22.cnf,30,40,1.3333,0.086843,0.086909,0.9992,1.0,1.0,True,True,0
data/max2sat/30/40/PROBLEM_030_040_23.cnf,30,40,1.3333,0.090876,0.088437,1.0276,1.0,1.0,True,True,0
data/max2sat/30/40/PROBLEM_030_040_24.cnf,30,40,1.3333,0.100895,0.092916,1.0859,0.975,0.975,False,False,0
data/max2sat/30/40/PROBLEM_030_040_25.cnf,30,40,1.3333,0.085191,0.085896,0.9918,1.0,1.0,True,True,0
data/max2sat/30/40/PROBLEM_030_040_26.cnf,30,40,1.3333,0.08537,0.086847,0.983,1.0,1.0,True,True,0
data/max2sat/30/40/PROBLEM_030_040_27.cnf,30,40,1.3333,0.090737,0.090699,1.0004,0.975,0.975,False,False,0
data/max2sat/30/40/PROBLEM_030_040_28.cnf,30,40,1.3333,0.088024,0.091932,0.9575,1.0,1.0,True,True,0
data/max2sat/30/40/PROBLEM_030_040_29.cnf,30,40,1.3333,0.087007,0.085896,1.0129,1.0,1.0,True,True,0
data/max2sat/30/40/PROBLEM_030_040_30.cnf,30,40,1.3333,0.094939,0.089583,1.0598,1.0,1.0,True,True,0
data/max2sat/30/40/PROBLEM_030_040_31.cnf,30,40,1.3333,0.091191,0.091586,0.9957,1.0,1.0,True,True,0
data/max2sat/30/40/PROBLEM_030_040_32.cnf,30,40,1.3333,0.085072,0.087912,0.9677,0.975,0.975,False,False,0
data/max2sat/30/40/PROBLEM_030_040_33.cnf,30,40,1.3333,0.086916,0.086897,1.0002,1.0,1.0,True,True,0
data/max2sat/30/40/PROBLEM_030_040_34.cnf,30,40,1.3333,0.101926,0.092995,1.096,1.0,1.0,True,True,0
data/max2sat/30/40/PROBLEM_030_040_35.cnf,30,40,1.3333,0.090873,0.08762,1.0371,0.975,0.975,False,False,0
data/max2sat/30/40/PROBLEM_030_040_36.cnf,30,40,1.3333,0.084911,0.087914,0.9658,1.0,1.0,True,True,0
data/max2sat/30/40/PROBLEM_030_040_37.cnf,30,40,1.3333,0.085319,0.085902,0.9932,1.0,1.0,True,True,0
data/max2sat/30/40/PROBLEM_030_040_38.cnf,30,40,1.3333,0.098904,0.087226,1.1339,1.0,1.0,True,True,0
data/max2sat/30/40/PROBLEM_030_040_39.cnf,30,40,1.3333,0.093066,0.089544,1.0393,1.0,1.0,True,True,0
data/max2sat/30/40/PROBLEM_030_040_40.cnf,30,40,1.3333,0.085353,0.090914,0.9388,1.0,1.0,True,True,0
data/max2sat/30/40/PROBLEM_030_040_41.cnf,30,40,1.3333,0.085926,0.085919,1.0001,1.0,1.0,True,True,0
data/max2sat/30/40/PROBLEM_030_040_42.cnf,30,40,1.3333,0.102905,0.08491,1.2119,1.0,1.0,True,True,0
data/max2sat/30/40/PROBLEM_030_040_43.cnf,30,40,1.3333,0.09468,0.089363,1.0595,0.975,0.975,False,False,0
data/max2sat/30/40/PROBLEM_030_040_44.cnf,30,40,1.3333,0.098837,0.093903,1.0525,1.0,1.0,True,True,0
data/max2sat/30/40/PROBLEM_030_040_45.cnf,30,40,1.3333,0.085452,0.084917,1.0063,1.0,1.0,True,True,0
data/max2sat/30/40/PROBLEM_030_040_46.cnf,30,40,1.3333,0.103894,0.087927,1.1816,1.0,1.0,True,True,0
data/max2sat/30/40/PROBLEM_030_040_47.cnf,30,40,1.3333,0.094259,0.088081,1.0701,1.0,1.0,True,True,0
data/max2sat/30/40/PROBLEM_030_040_48.cnf,30,40,1.3333,0.087169,0.091951,0.948,1.0,1.0,True,True,0
data/max2sat/30/40/PROBLEM_030_040_49.cnf,30,40,1.3333,0.093292,0.08378,1.1135,1.0,1.0,True,True,0
data/max2sat/30/40/PROBLEM_030_040_50.cnf,30,40,1.3333,0.090817,0.087458,1.0384,1.0,1.0,True,True,0
data/max2sat/30/50/PROBLEM_030_050_01.cnf,30,50,1.6667,0.062737,0.057556,1.09,0.98,0.98,False,False,0
data/max2sat/30/50/PROBLEM_030_050_02.cnf,30,50,1.6667,0.05231,0.049504,1.0567,0.98,0.98,False,False,0
data/max2sat/30/50/PROBLEM_030_050_03.cnf,30,50,1.6667,0.061095,0.059554,1.0259,0.98,0.98,False,False,0
data/max2sat/30/50/PROBLEM_030_050_04.cnf,30,50,1.6667,0.055081,0.05459,1.009,0.98,0.98,False,False,0
data/max2sat/30/50/PROBLEM_030_050_05.cnf,30,50,1.6667,0.096247,0.095486,1.008,1.0,1.0,True,True,0
data/max2sat/30/50/PROBLEM_030_050_06.cnf,30,50,1.6667,0.097291,0.094564,1.0288,1.0,1.0,True,True,0
data/max2sat/30/50/PROBLEM_030_050_07.cnf,30,50,1.6667,0.101059,0.100555,1.005,1.0,1.0,True,True,0
data/max2sat/30/50/PROBLEM_030_050_08.cnf,30,50,1.6667,0.111167,0.109553,1.0147,1.0,1.0,True,True,0
data/max2sat/30/50/PROBLEM_030_050_09.cnf,30,50,1.6667,0.092836,0.090028,1.0312,1.0,1.0,True,True,0
data/max2sat/30/50/PROBLEM_030_050_10.cnf,30,50,1.6667,0.091302,0.091527,0.9975,0.98,0.98,False,False,0
data/max2sat/30/50/PROBLEM_030_050_11.cnf,30,50,1.6667,0.090456,0.090886,0.9953,1.0,1.0,True,True,0
data/max2sat/30/50/PROBLEM_030_050_12.cnf,30,50,1.6667,0.099911,0.095179,1.0497,0.98,0.98,False,False,0
data/max2sat/30/50/PROBLEM_030_050_13.cnf,30,50,1.6667,0.110743,0.087598,1.2642,1.0,1.0,True,True,0
data/max2sat/30/50/PROBLEM_030_050_14.cnf,30,50,1.6667,0.099835,0.093997,1.0621,1.0,1.0,True,True,0
data/max2sat/30/50/PROBLEM_030_050_15.cnf,30,50,1.6667,0.090493,0.088819,1.0188,0.98,0.98,False,False,0
data/max2sat/30/50/PROBLEM_030_050_16.cnf,30,50,1.6667,0.098464,0.091771,1.0729,1.0,1.0,True,True,0
data/max2sat/30/50/PROBLEM_030_050_17.cnf,30,50,1.6667,0.094322,0.087791,1.0744,0.98,0.98,False,False,0
data/max2sat/30/50/PROBLEM_030_050_18.cnf,30,50,1.6667,0.1008,0.092297,1.0921,0.98,0.98,False,False,0
data/max2sat/30/50/PROBLEM_030_050_19.cnf,30,50,1.6667,0.109383,0.086816,1.2599,0.98,0.98,False,False,0
data/max2sat/30/50/PROBLEM_030_050_20.cnf,30,50,1.6667,0.097895,0.094132,1.04,1.0,1.0,True,True,0
data/max2sat/30/50/PROBLEM_030_050_21.cnf,30,50,1.6667,0.09133,0.087909,1.0389,0.98,0.98,False,False,0
data/max2sat/30/50/PROBLEM_030_050_22.cnf,30,50,1.6667,0.095153,0.087837,1.0833,0.98,0.98,False,False,0
data/max2sat/30/50/PROBLEM_030_050_23.cnf,30,50,1.6667,0.098889,0.086808,1.1392,0.98,0.98,False,False,0
data/max2sat/30/50/PROBLEM_030_050_24.cnf,30,50,1.6667,0.095256,0.095045,1.0022,0.98,0.98,False,False,0
data/max2sat/30/50/PROBLEM_030_050_25.cnf,30,50,1.6667,0.089904,0.087903,1.0228,1.0,1.0,True,True,0
data/max2sat/30/50/PROBLEM_030_050_26.cnf,30,50,1.6667,0.094735,0.09002,1.0524,1.0,1.0,True,True,0
data/max2sat/30/50/PROBLEM_030_050_27.cnf,30,50,1.6667,0.097407,0.088935,1.0953,0.98,0.98,False,False,0
data/max2sat/30/50/PROBLEM_030_050_28.cnf,30,50,1.6667,0.097925,0.096871,1.0109,0.98,0.98,False,False,0
data/max2sat/30/50/PROBLEM_030_050_29.cnf,30,50,1.6667,0.089905,0.087901,1.0228,1.0,1.0,True,True,0
data/max2sat/30/50/PROBLEM_030_050_30.cnf,30,50,1.6667,0.094772,0.088924,1.0658,0.98,0.98,False,False,0
data/max2sat/30/50/PROBLEM_030_050_31.cnf,30,50,1.6667,0.092902,0.088926,1.0447,0.98,0.98,False,False,0
data/max2sat/30/50/PROBLEM_030_050_32.cnf,30,50,1.6667,0.10193,0.098946,1.0302,1.0,1.0,True,True,0
data/max2sat/30/50/PROBLEM_030_050_33.cnf,30,50,1.6667,0.09144,0.088959,1.0279,0.96,0.96,False,False,0
data/max2sat/30/50/PROBLEM_030_050_34.cnf,30,50,1.6667,0.095327,0.086837,1.0978,0.98,0.98,False,False,0
data/max2sat/30/50/PROBLEM_030_050_35.cnf,30,50,1.6667,0.092394,0.088809,1.0404,1.0,1.0,True,True,0
data/max2sat/30/50/PROBLEM_030_050_36.cnf,30,50,1.6667,0.098893,0.095305,1.0376,1.0,1.0,True,True,0
data/max2sat/30/50/PROBLEM_030_050_37.cnf,30,50,1.6667,0.090897,0.0889,1.0225,0.98,0.98,False,False,0
data/max2sat/30/50/PROBLEM_030_050_38.cnf,30,50,1.6667,0.091732,0.08691,1.0555,0.98,0.98,False,False,0
data/max2sat/30/50/PROBLEM_030_050_39.cnf,30,50,1.6667,0.093909,0.089928,1.0443,0.98,0.98,False,False,0
data/max2sat/30/50/PROBLEM_030_050_40.cnf,30,50,1.6667,0.105561,0.095922,1.1005,1.0,1.0,True,True,0
data/max2sat/30/50/PROBLEM_030_050_41.cnf,30,50,1.6667,0.094129,0.088091,1.0685,1.0,1.0,True,True,0
data/max2sat/30/50/PROBLEM_030_050_42.cnf,30,50,1.6667,0.103775,0.08805,1.1786,1.0,1.0,True,True,0
data/max2sat/30/50/PROBLEM_030_050_43.cnf,30,50,1.6667,0.093464,0.089349,1.0461,0.98,0.98,False,False,0
data/max2sat/30/50/PROBLEM_030_050_44.cnf,30,50,1.6667,0.098,0.099041,0.9895,0.96,0.96,False,False,0
data/max2sat/30/50/PROBLEM_030_050_45.cnf,30,50,1.6667,0.093926,0.086921,1.0806,1.0,1.0,True,True,0
data/max2sat/30/50/PROBLEM_030_050_46.cnf,30,50,1.6667,0.107268,0.090898,1.1801,0.98,0.98,False,False,0
data/max2sat/30/50/PROBLEM_030_050_47.cnf,30,50,1.6667,0.093748,0.089919,1.0426,0.98,0.98,False,False,0
data/max2sat/30/50/PROBLEM_030_050_48.cnf,30,50,1.6667,0.088194,0.087702,1.0056,0.98,0.98,False,False,0
data/max2sat/30/50/PROBLEM_030_050_49.cnf,30,50,1.6667,0.092558,0.092079,1.0052,0.98,0.98,False,False,0
data/max2sat/30/50/PROBLEM_030_050_50.cnf,30,50,1.6667,0.093025,0.089437,1.0401,1.0,1.0,True,True,0
data/max2sat/30/60/PROBLEM_030_060_01.cnf,30,60,2.0,0.062693,0.060217,1.0411,0.9833,0.9833,False,False,0
data/max2sat/30/60/PROBLEM_030_060_02.cnf,30,60,2.0,0.05883,0.052134,1.1284,0.9833,0.9833,False,False,0
data/max2sat/30/60/PROBLEM_030_060_03.cnf,30,60,2.0,0.053164,0.062933,0.8448,0.9833,0.9833,False,False,0
data/max2sat/30/60/PROBLEM_030_060_04.cnf,30,60,2.0,0.054376,0.063017,0.8629,0.9667,0.9667,False,False,0
data/max2sat/30/60/PROBLEM_030_060_05.cnf,30,60,2.0,0.097327,0.096045,1.0133,0.9667,0.9667,False,False,0
data/max2sat/30/60/PROBLEM_030_060_06.cnf,30,60,2.0,0.100673,0.101009,0.9967,0.9667,0.9667,False,False,0
data/max2sat/30/60/PROBLEM_030_060_07.cnf,30,60,2.0,0.100149,0.131078,0.764,0.9833,0.9833,False,False,0
data/max2sat/30/60/PROBLEM_030_060_08.cnf,30,60,2.0,0.110967,0.109028,1.0178,0.9833,0.9833,False,False,0
data/max2sat/30/60/PROBLEM_030_060_09.cnf,30,60,2.0,0.091182,0.088744,1.0275,1.0,1.0,True,True,0
data/max2sat/30/60/PROBLEM_030_060_10.cnf,30,60,2.0,0.094022,0.09761,0.9632,0.9667,0.9667,False,False,0
data/max2sat/30/60/PROBLEM_030_060_11.cnf,30,60,2.0,0.092729,0.091982,1.0081,0.9833,0.9833,False,False,0
data/max2sat/30/60/PROBLEM_030_060_12.cnf,30,60,2.0,0.101738,0.126491,0.8043,1.0,1.0,True,True,0
data/max2sat/30/60/PROBLEM_030_060_13.cnf,30,60,2.0,0.092978,0.091548,1.0156,0.95,0.95,False,False,0
data/max2sat/30/60/PROBLEM_030_060_14.cnf,30,60,2.0,0.091933,0.095436,0.9633,0.95,0.95,False,False,0
data/max2sat/30/60/PROBLEM_030_060_15.cnf,30,60,2.0,0.092635,0.091868,1.0083,0.9667,0.9667,False,False,0
data/max2sat/30/60/PROBLEM_030_060_16.cnf,30,60,2.0,0.103108,0.102729,1.0037,1.0,1.0,True,True,0
data/max2sat/30/60/PROBLEM_030_060_17.cnf,30,60,2.0,0.091914,0.101908,0.9019,0.9667,0.9667,False,False,0
data/max2sat/30/60/PROBLEM_030_060_18.cnf,30,60,2.0,0.091897,0.096061,0.9567,0.9833,0.9833,False,False,0
data/max2sat/30/60/PROBLEM_030_060_19.cnf,30,60,2.0,0.093845,0.091839,1.0218,1.0,1.0,True,True,0
data/max2sat/30/60/PROBLEM_030_060_20.cnf,30,60,2.0,0.10464,0.092125,1.1358,0.9667,0.9667,False,False,0
data/max2sat/30/60/PROBLEM_030_060_21.cnf,30,60,2.0,0.092204,0.106232,0.8679,0.9833,0.9833,False,False,0
data/max2sat/30/60/PROBLEM_030_060_22.cnf,30,60,2.0,0.092928,0.09462,0.9821,0.9833,0.9833,False,False,0
data/max2sat/30/60/PROBLEM_030_060_23.cnf,30,60,2.0,0.092713,0.090935,1.0196,1.0,1.0,True,True,0
data/max2sat/30/60/PROBLEM_030_060_24.cnf,30,60,2.0,0.099452,0.089949,1.1056,0.9667,0.9667,False,False,0
data/max2sat/30/60/PROBLEM_030_060_25.cnf,30,60,2.0,0.091879,0.095891,0.9582,0.9833,0.9833,False,False,0
data/max2sat/30/60/PROBLEM_030_060_26.cnf,30,60,2.0,0.090871,0.092433,0.9831,0.9833,0.9833,False,False,0
data/max2sat/30/60/PROBLEM_030_060_27.cnf,30,60,2.0,0.089911,0.096843,0.9284,0.9667,0.9667,False,False,0
data/max2sat/30/60/PROBLEM_030_060_28.cnf,30,60,2.0,0.096227,0.088897,1.0825,1.0,1.0,True,True,0
data/max2sat/30/60/PROBLEM_030_060_29.cnf,30,60,2.0,0.088488,0.090786,0.9747,0.9667,0.9667,False,False,0
data/max2sat/30/60/PROBLEM_030_060_30.cnf,30,60,2.0,0.086913,0.090572,0.9596,0.9833,0.9833,False,False,0
data/max2sat/30/60/PROBLEM_030_060_31.cnf,30,60,2.0,0.089495,0.0963,0.9293,0.9833,0.9833,False,False,0
data/max2sat/30/60/PROBLEM_030_060_32.cnf,30,60,2.0,0.097376,0.090863,1.0717,0.9833,0.9833,False,False,0
data/max2sat/30/60/PROBLEM_030_060_33.cnf,30,60,2.0,0.091864,0.090424,1.0159,0.9667,0.9667,False,False,0
data/max2sat/30/60/PROBLEM_030_060_34.cnf,30,60,2.0,0.087923,0.089943,0.9775,0.9833,0.9833,False,False,0
data/max2sat/30/60/PROBLEM_030_060_35.cnf,30,60,2.0,0.093062,0.099115,0.9389,0.95,0.95,False,False,0
data/max2sat/30/60/PROBLEM_030_060_36.cnf,30,60,2.0,0.096442,0.089916,1.0726,0.9667,0.9667,False,False,0
data/max2sat/30/60/PROBLEM_030_060_37.cnf,30,60,2.0,0.090903,0.093657,0.9706,0.9833,0.9833,False,False,0
data/max2sat/30/60/PROBLEM_030_060_38.cnf,30,60,2.0,0.089928,0.093203,0.9649,0.9833,0.9833,False,False,0
data/max2sat/30/60/PROBLEM_030_060_39.cnf,30,60,2.0,0.09355,0.109601,0.8536,0.9833,0.9833,False,False,0
data/max2sat/30/60/PROBLEM_030_060_40.cnf,30,60,2.0,0.103906,0.089909,1.1557,0.9833,0.9833,False,False,0
data/max2sat/30/60/PROBLEM_030_060_41.cnf,30,60,2.0,0.092454,0.096736,0.9557,0.95,0.95,False,False,0
data/max2sat/30/60/PROBLEM_030_060_42.cnf,30,60,2.0,0.092333,0.112467,0.821,1.0,1.0,True,True,0
data/max2sat/30/60/PROBLEM_030_060_43.cnf,30,60,2.0,0.093425,0.114719,0.8144,0.9833,0.9833,False,False,0
data/max2sat/30/60/PROBLEM_030_060_44.cnf,30,60,2.0,0.097996,0.091911,1.0662,0.9833,0.9833,False,False,0
data/max2sat/30/60/PROBLEM_030_060_45.cnf,30,60,2.0,0.09388,0.100937,0.9301,1.0,1.0,True,True,0
data/max2sat/30/60/PROBLEM_030_060_46.cnf,30,60,2.0,0.102994,0.116068,0.8874,1.0,1.0,True,True,0
data/max2sat/30/60/PROBLEM_030_060_47.cnf,30,60,2.0,0.094135,0.094834,0.9926,0.9667,0.9667,False,False,0
data/max2sat/30/60/PROBLEM_030_060_48.cnf,30,60,2.0,0.090338,0.121453,0.7438,0.9667,0.9667,False,False,0
data/max2sat/30/60/PROBLEM_030_060_49.cnf,30,60,2.0,0.091611,0.095655,0.9577,0.9833,0.9833,False,False,0
data/max2sat/30/60/PROBLEM_030_060_50.cnf,30,60,2.0,0.093411,0.096417,0.9688,0.9833,0.9833,False,False,0
data/max2sat/30/70/PROBLEM_030_070_01.cnf,30,70,2.3333,0.062715,0.063221,0.992,0.9857,0.9857,False,False,0
data/max2sat/30/70/PROBLEM_030_070_02.cnf,30,70,2.3333,0.053307,0.051745,1.0302,0.9857,0.9857,False,False,0
data/max2sat/30/70/PROBLEM_030_070_03.cnf,30,70,2.3333,0.061226,0.051641,1.1856,0.9571,0.9571,False,False,0
data/max2sat/30/70/PROBLEM_030_070_04.cnf,30,70,2.3333,0.067245,0.066649,1.0089,0.9429,0.9429,False,False,0
data/max2sat/30/70/PROBLEM_030_070_05.cnf,30,70,2.3333,0.099023,0.097918,1.0113,0.9714,0.9714,False,False,0
data/max2sat/30/70/PROBLEM_030_070_06.cnf,30,70,2.3333,0.10422,0.101702,1.0248,0.9714,0.9714,False,False,0
data/max2sat/30/70/PROBLEM_030_070_07.cnf,30,70,2.3333,0.106172,0.101612,1.0449,0.9857,0.9857,False,False,0
data/max2sat/30/70/PROBLEM_030_070_08.cnf,30,70,2.3333,0.115217,0.114229,1.0086,0.9714,0.9714,False,False,0
data/max2sat/30/70/PROBLEM_030_070_09.cnf,30,70,2.3333,0.094888,0.093936,1.0101,0.9571,0.9571,False,False,0
data/max2sat/30/70/PROBLEM_030_070_10.cnf,30,70,2.3333,0.101825,0.093817,1.0854,0.9714,0.9714,False,False,0
data/max2sat/30/70/PROBLEM_030_070_11.cnf,30,70,2.3333,0.091027,0.095905,0.9491,0.9857,0.9857,False,False,0
data/max2sat/30/70/PROBLEM_030_070_12.cnf,30,70,2.3333,0.095855,0.097138,0.9868,0.9714,0.9714,False,False,0
data/max2sat/30/70/PROBLEM_030_070_13.cnf,30,70,2.3333,0.09454,0.092894,1.0177,0.9714,0.9714,False,False,0
data/max2sat/30/70/PROBLEM_030_070_14.cnf,30,70,2.3333,0.094926,0.090387,1.0502,0.9714,0.9714,False,False,0
data/max2sat/30/70/PROBLEM_030_070_15.cnf,30,70,2.3333,0.099847,0.09283,1.0756,0.9714,0.9714,False,False,0
data/max2sat/30/70/PROBLEM_030_070_16.cnf,30,70,2.3333,0.09677,0.101312,0.9552,0.9714,0.9714,False,False,0
data/max2sat/30/70/PROBLEM_030_070_17.cnf,30,70,2.3333,0.095218,0.094224,1.0105,0.9857,0.9857,False,False,0
data/max2sat/30/70/PROBLEM_030_070_18.cnf,30,70,2.3333,0.092774,0.092821,0.9995,0.9714,0.9714,False,False,0
data/max2sat/30/70/PROBLEM_030_070_19.cnf,30,70,2.3333,0.101833,0.093989,1.0835,0.9714,0.9714,False,False,0
data/max2sat/30/70/PROBLEM_030_070_20.cnf,30,70,2.3333,0.095828,0.098658,0.9713,0.9571,0.9571,False,False,0
data/max2sat/30/70/PROBLEM_030_070_21.cnf,30,70,2.3333,0.094673,0.093677,1.0106,0.9714,0.9714,False,False,0
data/max2sat/30/70/PROBLEM_030_070_22.cnf,30,70,2.3333,0.091766,0.095678,0.9591,1.0,1.0,True,True,0
data/max2sat/30/70/PROBLEM_030_070_23.cnf,30,70,2.3333,0.103905,0.093298,1.1137,0.9857,0.9857,False,False,0
data/max2sat/30/70/PROBLEM_030_070_24.cnf,30,70,2.3333,0.094928,0.095882,0.9901,0.9714,0.9714,False,False,0
data/max2sat/30/70/PROBLEM_030_070_25.cnf,30,70,2.3333,0.09672,0.091773,1.0539,1.0,1.0,True,True,0
data/max2sat/30/70/PROBLEM_030_070_26.cnf,30,70,2.3333,0.090518,0.092534,0.9782,0.9714,0.9714,False,False,0
data/max2sat/30/70/PROBLEM_030_070_27.cnf,30,70,2.3333,0.097911,0.091733,1.0673,0.9857,0.9857,False,False,0
data/max2sat/30/70/PROBLEM_030_070_28.cnf,30,70,2.3333,0.102922,0.099908,1.0302,0.9714,0.9714,False,False,0
data/max2sat/30/70/PROBLEM_030_070_29.cnf,30,70,2.3333,0.094718,0.092931,1.0192,1.0,1.0,True,True,0
data/max2sat/30/70/PROBLEM_030_070_30.cnf,30,70,2.3333,0.093995,0.090375,1.0401,0.9571,0.9571,False,False,0
data/max2sat/30/70/PROBLEM_030_070_31.cnf,30,70,2.3333,0.096005,0.094584,1.015,0.9857,0.9857,False,False,0
data/max2sat/30/70/PROBLEM_030_070_32.cnf,30,70,2.3333,0.102926,0.09971,1.0323,1.0,1.0,True,True,0
data/max2sat/30/70/PROBLEM_030_070_33.cnf,30,70,2.3333,0.09322,0.09503,0.981,0.9714,0.9714,False,False,0
data/max2sat/30/70/PROBLEM_030_070_34.cnf,30,70,2.3333,0.09222,0.09092,1.0143,0.9571,0.9571,False,False,0
data/max2sat/30/70/PROBLEM_030_070_35.cnf,30,70,2.3333,0.096923,0.094035,1.0307,0.9714,0.9714,False,False,0
data/max2sat/30/70/PROBLEM_030_070_36.cnf,30,70,2.3333,0.100923,0.098022,1.0296,0.9857,0.9857,False,False,0
data/max2sat/30/70/PROBLEM_030_070_37.cnf,30,70,2.3333,0.091762,0.091841,0.9991,0.9714,0.9714,False,False,0
data/max2sat/30/70/PROBLEM_030_070_38.cnf,30,70,2.3333,0.092468,0.093154,0.9926,0.9857,0.9857,False,False,0
data/max2sat/30/70/PROBLEM_030_070_39.cnf,30,70,2.3333,0.096847,0.09486,1.0209,0.9714,0.9714,False,False,0
data/max2sat/30/70/PROBLEM_030_070_40.cnf,30,70,2.3333,0.105081,0.103129,1.0189,0.9857,0.9857,False,False,0
data/max2sat/30/70/PROBLEM_030_070_41.cnf,30,70,2.3333,0.091908,0.092486,0.9938,0.9429,0.9429,False,False,0
data/max2sat/30/70/PROBLEM_030_070_42.cnf,30,70,2.3333,0.094098,0.09392,1.0019,0.9714,0.9714,False,False,0
data/max2sat/30/70/PROBLEM_030_070_43.cnf,30,70,2.3333,0.095899,0.092929,1.032,0.9714,0.9714,False,False,0
data/max2sat/30/70/PROBLEM_030_070_44.cnf,30,70,2.3333,0.103925,0.133787,0.7768,0.9857,0.9857,False,False,0
data/max2sat/30/70/PROBLEM_030_070_45.cnf,30,70,2.3333,0.090914,0.092624,0.9815,0.9857,0.9857,False,False,0
data/max2sat/30/70/PROBLEM_030_070_46.cnf,30,70,2.3333,0.094218,0.096611,0.9752,0.9857,0.9857,False,False,0
data/max2sat/30/70/PROBLEM_030_070_47.cnf,30,70,2.3333,0.093149,0.091129,1.0222,0.9714,0.9714,False,False,0
data/max2sat/30/70/PROBLEM_030_070_48.cnf,30,70,2.3333,0.094043,0.093733,1.0033,0.9571,0.9571,False,False,0
data/max2sat/30/70/PROBLEM_030_070_49.cnf,30,70,2.3333,0.09226,0.098661,0.9351,0.9857,0.9857,False,False,0
data/max2sat/30/70/PROBLEM_030_070_50.cnf,30,70,2.3333,0.091442,0.094276,0.9699,0.9571,0.9571,False,False,0
data/max2sat/30/80/PROBLEM_030_080_01.cnf,30,80,2.6667,0.063701,0.060726,1.049,0.9625,0.9625,False,False,0
data/max2sat/30/80/PROBLEM_030_080_02.cnf,30,80,2.6667,0.055189,0.052883,1.0436,0.9375,0.9375,False,False,0
data/max2sat/30/80/PROBLEM_030_080_03.cnf,30,80,2.6667,0.064151,0.051904,1.236,0.975,0.975,False,False,0
data/max2sat/30/80/PROBLEM_030_080_04.cnf,30,80,2.6667,0.066123,0.068673,0.9629,0.9625,0.9625,False,False,0
data/max2sat/30/80/PROBLEM_030_080_05.cnf,30,80,2.6667,0.100637,0.098875,1.0178,0.9625,0.9625,False,False,0
data/max2sat/30/80/PROBLEM_030_080_06.cnf,30,80,2.6667,0.102979,0.099856,1.0313,0.9375,0.9375,False,False,0
data/max2sat/30/80/PROBLEM_030_080_07.cnf,30,80,2.6667,0.116183,0.102938,1.1287,0.925,0.925,False,False,0
data/max2sat/30/80/PROBLEM_030_080_08.cnf,30,80,2.6667,0.113094,0.119863,0.9435,0.9625,0.9625,False,False,0
data/max2sat/30/80/PROBLEM_030_080_09.cnf,30,80,2.6667,0.096452,0.094862,1.0168,0.975,0.975,False,False,0
data/max2sat/30/80/PROBLEM_030_080_10.cnf,30,80,2.6667,0.094789,0.098461,0.9627,0.9625,0.9625,False,False,0
data/max2sat/30/80/PROBLEM_030_080_11.cnf,30,80,2.6667,0.096816,0.101528,0.9536,0.9375,0.9375,False,False,0
data/max2sat/30/80/PROBLEM_030_080_12.cnf,30,80,2.6667,0.10383,0.103111,1.007,0.95,0.95,False,False,0
data/max2sat/30/80/PROBLEM_030_080_13.cnf,30,80,2.6667,0.095684,0.093901,1.019,0.95,0.95,False,False,0
data/max2sat/30/80/PROBLEM_030_080_14.cnf,30,80,2.6667,0.09502,0.097925,0.9703,0.975,0.975,False,False,0
data/max2sat/30/80/PROBLEM_030_080_15.cnf,30,80,2.6667,0.094766,0.10035,0.9444,0.95,0.95,False,False,0
data/max2sat/30/80/PROBLEM_030_080_16.cnf,30,80,2.6667,0.105692,0.100887,1.0476,0.975,0.975,False,False,0
data/max2sat/30/80/PROBLEM_030_080_17.cnf,30,80,2.6667,0.096457,0.091899,1.0496,0.9625,0.9625,False,False,0
data/max2sat/30/80/PROBLEM_030_080_18.cnf,30,80,2.6667,0.09624,0.09393,1.0246,0.9375,0.9375,False,False,0
data/max2sat/30/80/PROBLEM_030_080_19.cnf,30,80,2.6667,0.092922,0.095716,0.9708,0.9375,0.9375,False,False,0
data/max2sat/30/80/PROBLEM_030_080_20.cnf,30,80,2.6667,0.10591,0.09789,1.0819,0.9625,0.9625,False,False,0
data/max2sat/30/80/PROBLEM_030_080_21.cnf,30,80,2.6667,0.096729,0.093912,1.03,0.975,0.975,False,False,0
data/max2sat/30/80/PROBLEM_030_080_22.cnf,30,80,2.6667,0.097052,0.093926,1.0333,0.9625,0.9625,False,False,0
data/max2sat/30/80/PROBLEM_030_080_23.cnf,30,80,2.6667,0.09325,0.096045,0.9709,0.925,0.925,False,False,0
data/max2sat/30/80/PROBLEM_030_080_24.cnf,30,80,2.6667,0.105907,0.100918,1.0494,0.9625,0.9625,False,False,0
data/max2sat/30/80/PROBLEM_030_080_25.cnf,30,80,2.6667,0.099479,0.094908,1.0482,0.95,0.95,False,False,0
data/max2sat/30/80/PROBLEM_030_080_26.cnf,30,80,2.6667,0.094982,0.092399,1.028,0.9625,0.9625,False,False,0
data/max2sat/30/80/PROBLEM_030_080_27.cnf,30,80,2.6667,0.094094,0.097538,0.9647,0.95,0.95,False,False,0
data/max2sat/30/80/PROBLEM_030_080_28.cnf,30,80,2.6667,0.107019,0.102903,1.04,0.9875,0.9875,False,False,0
data/max2sat/30/80/PROBLEM_030_080_29.cnf,30,80,2.6667,0.096557,0.094912,1.0173,0.9625,0.9625,False,False,0
data/max2sat/30/80/PROBLEM_030_080_30.cnf,30,80,2.6667,0.097655,0.09355,1.0439,0.9625,0.9625,False,False,0
data/max2sat/30/80/PROBLEM_030_080_31.cnf,30,80,2.6667,0.092573,0.099283,0.9324,0.975,0.975,False,False,0
data/max2sat/30/80/PROBLEM_030_080_32.cnf,30,80,2.6667,0.106909,0.096883,1.1035,0.9375,0.9375,False,False,0
data/max2sat/30/80/PROBLEM_030_080_33.cnf,30,80,2.6667,0.095116,0.094915,1.0021,0.9625,0.9625,False,False,0
data/max2sat/30/80/PROBLEM_030_080_34.cnf,30,80,2.6667,0.09312,0.095006,0.9801,0.9625,0.9625,False,False,0
data/max2sat/30/80/PROBLEM_030_080_35.cnf,30,80,2.6667,0.09282,0.105905,0.8764,0.975,0.975,False,False,0
data/max2sat/30/80/PROBLEM_030_080_36.cnf,30,80,2.6667,0.104783,0.091611,1.1438,0.9625,0.9625,False,False,0
data/max2sat/30/80/PROBLEM_030_080_37.cnf,30,80,2.6667,0.094104,0.094905,0.9916,0.9625,0.9625,False,False,0
data/max2sat/30/80/PROBLEM_030_080_38.cnf,30,80,2.6667,0.091665,0.097319,0.9419,0.9625,0.9625,False,False,0
data/max2sat/30/80/PROBLEM_030_080_39.cnf,30,80,2.6667,0.093044,0.106902,0.8704,0.95,0.95,False,False,0
data/max2sat/30/80/PROBLEM_030_080_40.cnf,30,80,2.6667,0.101135,0.093916,1.0769,0.975,0.975,False,False,0
data/max2sat/30/80/PROBLEM_030_080_41.cnf,30,80,2.6667,0.095618,0.094915,1.0074,0.975,0.975,False,False,0
data/max2sat/30/80/PROBLEM_030_080_42.cnf,30,80,2.6667,0.09871,0.095412,1.0346,0.9625,0.9625,False,False,0
data/max2sat/30/80/PROBLEM_030_080_43.cnf,30,80,2.6667,0.099819,0.102907,0.97,0.9375,0.9375,False,False,0
data/max2sat/30/80/PROBLEM_030_080_44.cnf,30,80,2.6667,0.096984,0.095194,1.0188,0.95,0.95,False,False,0
data/max2sat/30/80/PROBLEM_030_080_45.cnf,30,80,2.6667,0.095208,0.093909,1.0138,0.95,0.95,False,False,0
data/max2sat/30/80/PROBLEM_030_080_46.cnf,30,80,2.6667,0.094845,0.093678,1.0125,0.9625,0.9625,False,False,0
data/max2sat/30/80/PROBLEM_030_080_47.cnf,30,80,2.6667,0.105939,0.101896,1.0397,0.9375,0.9375,False,False,0
data/max2sat/30/80/PROBLEM_030_080_48.cnf,30,80,2.6667,0.09306,0.093914,0.9909,1.0,1.0,True,True,0
data/max2sat/30/80/PROBLEM_030_080_49.cnf,30,80,2.6667,0.092232,0.092528,0.9968,0.975,0.975,False,False,0
data/max2sat/30/80/PROBLEM_030_080_50.cnf,30,80,2.6667,0.093549,0.096409,0.9703,0.95,0.95,False,False,0
data/max2sat/30/90/PROBLEM_030_090_01.cnf,30,90,3.0,0.073402,0.059526,1.2331,0.9556,0.9556,False,False,0
data/max2sat/30/90/PROBLEM_030_090_02.cnf,30,90,3.0,0.055394,0.051691,1.0716,0.9222,0.9222,False,False,0
data/max2sat/30/90/PROBLEM_030_090_03.cnf,30,90,3.0,0.06503,0.06117,1.0631,0.9444,0.9444,False,False,0
data/max2sat/30/90/PROBLEM_030_090_04.cnf,30,90,3.0,0.057339,0.056179,1.0206,0.9667,0.9667,False,False,0
data/max2sat/30/90/PROBLEM_030_090_05.cnf,30,90,3.0,0.1092,0.100096,1.091,0.9444,0.9444,False,False,0
data/max2sat/30/90/PROBLEM_030_090_06.cnf,30,90,3.0,0.106355,0.10087,1.0544,0.9667,0.9667,False,False,0
data/max2sat/30/90/PROBLEM_030_090_07.cnf,30,90,3.0,0.1083,0.104145,1.0399,0.9333,0.9333,False,False,0
data/max2sat/30/90/PROBLEM_030_090_08.cnf,30,90,3.0,0.114225,0.112397,1.0163,0.9556,0.9556,False,False,0
data/max2sat/30/90/PROBLEM_030_090_09.cnf,30,90,3.0,0.09987,0.094888,1.0525,0.9556,0.9556,False,False,0
data/max2sat/30/90/PROBLEM_030_090_10.cnf,30,90,3.0,0.097824,0.099582,0.9823,0.9778,0.9778,False,False,0
data/max2sat/30/90/PROBLEM_030_090_11.cnf,30,90,3.0,0.098396,0.094655,1.0395,0.9444,0.9444,False,False,0
data/max2sat/30/90/PROBLEM_030_090_12.cnf,30,90,3.0,0.095903,0.105868,0.9059,0.9667,0.9667,False,False,0
data/max2sat/30/90/PROBLEM_030_090_13.cnf,30,90,3.0,0.095642,0.093992,1.0176,0.9556,0.9556,False,False,0
data/max2sat/30/90/PROBLEM_030_090_14.cnf,30,90,3.0,0.092726,0.097182,0.9541,0.9667,0.9667,False,False,0
data/max2sat/30/90/PROBLEM_030_090_15.cnf,30,90,3.0,0.101086,0.098811,1.023,0.9444,0.9444,False,False,0
data/max2sat/30/90/PROBLEM_030_090_16.cnf,30,90,3.0,0.092899,0.099988,0.9291,0.9556,0.9556,False,False,0
data/max2sat/30/90/PROBLEM_030_090_17.cnf,30,90,3.0,0.096116,0.094773,1.0142,0.9444,0.9444,False,False,0
data/max2sat/30/90/PROBLEM_030_090_18.cnf,30,90,3.0,0.096002,0.094051,1.0207,0.9667,0.9667,False,False,0
data/max2sat/30/90/PROBLEM_030_090_19.cnf,30,90,3.0,0.094301,0.100651,0.9369,0.9556,0.9556,False,False,0
data/max2sat/30/90/PROBLEM_030_090_20.cnf,30,90,3.0,0.10114,0.093584,1.0807,0.9556,0.9556,False,False,0
data/max2sat/30/90/PROBLEM_030_090_21.cnf,30,90,3.0,0.095746,0.093914,1.0195,0.9667,0.9667,False,False,0
data/max2sat/30/90/PROBLEM_030_090_22.cnf,30,90,3.0,0.096006,0.09394,1.022,0.9222,0.9222,False,False,0
data/max2sat/30/90/PROBLEM_030_090_23.cnf,30,90,3.0,0.091917,0.099928,0.9198,0.9333,0.9333,False,False,0
data/max2sat/30/90/PROBLEM_030_090_24.cnf,30,90,3.0,0.099783,0.097473,1.0237,0.9333,0.9333,False,False,0
data/max2sat/30/90/PROBLEM_030_090_25.cnf,30,90,3.0,0.093877,0.09603,0.9776,0.9333,0.9333,False,False,0
data/max2sat/30/90/PROBLEM_030_090_26.cnf,30,90,3.0,0.09463,0.094001,1.0067,0.9333,0.9333,False,False,0
data/max2sat/30/90/PROBLEM_030_090_27.cnf,30,90,3.0,0.092016,0.102922,0.894,0.9556,0.9556,False,False,0
data/max2sat/30/90/PROBLEM_030_090_28.cnf,30,90,3.0,0.096936,0.097921,0.9899,0.9444,0.9444,False,False,0
data/max2sat/30/90/PROBLEM_030_090_29.cnf,30,90,3.0,0.09669,0.095917,1.0081,0.9556,0.9556,False,False,0
data/max2sat/30/90/PROBLEM_030_090_30.cnf,30,90,3.0,0.102969,0.094895,1.0851,0.9667,0.9667,False,False,0
data/max2sat/30/90/PROBLEM_030_090_31.cnf,30,90,3.0,0.095977,0.102245,0.9387,0.9556,0.9556,False,False,0
data/max2sat/30/90/PROBLEM_030_090_32.cnf,30,90,3.0,0.096911,0.097892,0.99,0.9333,0.9333,False,False,0
data/max2sat/30/90/PROBLEM_030_090_33.cnf,30,90,3.0,0.097286,0.094791,1.0263,0.9667,0.9667,False,False,0
data/max2sat/30/90/PROBLEM_030_090_34.cnf,30,90,3.0,0.09587,0.095566,1.0032,0.9556,0.9556,False,False,0
data/max2sat/30/90/PROBLEM_030_090_35.cnf,30,90,3.0,0.10781,0.100919,1.0683,0.9556,0.9556,False,False,0
data/max2sat/30/90/PROBLEM_030_090_36.cnf,30,90,3.0,0.096894,0.097984,0.9889,0.9333,0.9333,False,False,0
data/max2sat/30/90/PROBLEM_030_090_37.cnf,30,90,3.0,0.096741,0.09478,1.0207,0.9444,0.9444,False,False,0
data/max2sat/30/90/PROBLEM_030_090_38.cnf,30,90,3.0,0.09556,0.095837,0.9971,0.9667,0.9667,False,False,0
data/max2sat/30/90/PROBLEM_030_090_39.cnf,30,90,3.0,0.105903,0.101702,1.0413,0.9556,0.9556,False,False,0
data/max2sat/30/90/PROBLEM_030_090_40.cnf,30,90,3.0,0.096933,0.097944,0.9897,0.9556,0.9556,False,False,0
data/max2sat/30/90/PROBLEM_030_090_41.cnf,30,90,3.0,0.095878,0.092736,1.0339,0.9556,0.9556,False,False,0
data/max2sat/30/90/PROBLEM_030_090_42.cnf,30,90,3.0,0.099188,0.095202,1.0419,0.9778,0.9778,False,False,0
data/max2sat/30/90/PROBLEM_030_090_43.cnf,30,90,3.0,0.096911,0.09791,0.9898,0.9556,0.9556,False,False,0
data/max2sat/30/90/PROBLEM_030_090_44.cnf,30,90,3.0,0.103925,0.101248,1.0264,0.9778,0.9778,False,False,0
data/max2sat/30/90/PROBLEM_030_090_45.cnf,30,90,3.0,0.094581,0.092894,1.0182,0.9333,0.9333,False,False,0
data/max2sat/30/90/PROBLEM_030_090_46.cnf,30,90,3.0,0.09869,0.09492,1.0397,0.9444,0.9444,False,False,0
data/max2sat/30/90/PROBLEM_030_090_47.cnf,30,90,3.0,0.093901,0.094966,0.9888,0.9778,0.9778,False,False,0
data/max2sat/30/90/PROBLEM_030_090_48.cnf,30,90,3.0,0.107924,0.101939,1.0587,0.9444,0.9444,False,False,0
data/max2sat/30/90/PROBLEM_030_090_49.cnf,30,90,3.0,0.095295,0.095842,0.9943,0.9333,0.9333,False,False,0
data/max2sat/30/90/PROBLEM_030_090_50.cnf,30,90,3.0,0.095661,0.094717,1.01,0.9556,0.9556,False,False,0
data/max2sat/40/100/PROBLEM_040_100_01.cnf,40,100,2.5,0.090587,0.07559,1.1984,0.97,0.97,False,False,0
data/max2sat/40/100/PROBLEM_040_100_02.cnf,40,100,2.5,0.071332,0.067772,1.0525,0.94,0.94,False,False,0
data/max2sat/40/100/PROBLEM_040_100_03.cnf,40,100,2.5,0.068364,0.083598,0.8178,0.96,0.96,False,False,0
data/max2sat/40/100/PROBLEM_040_100_04.cnf,40,100,2.5,0.071404,0.069192,1.032,0.96,0.96,False,False,0
data/max2sat/40/100/PROBLEM_040_100_05.cnf,40,100,2.5,0.133126,0.133823,0.9948,0.95,0.95,False,False,0
data/max2sat/40/100/PROBLEM_040_100_06.cnf,40,100,2.5,0.131974,0.133667,0.9873,0.98,0.98,False,False,0
data/max2sat/40/100/PROBLEM_040_100_07.cnf,40,100,2.5,0.133986,0.133754,1.0017,0.96,0.96,False,False,0
data/max2sat/40/100/PROBLEM_040_100_08.cnf,40,100,2.5,0.151114,0.148569,1.0171,0.98,0.98,False,False,0
data/max2sat/40/100/PROBLEM_040_100_09.cnf,40,100,2.5,0.12569,0.126749,0.9916,0.97,0.97,False,False,0
data/max2sat/40/100/PROBLEM_040_100_10.cnf,40,100,2.5,0.123658,0.126256,0.9794,0.96,0.96,False,False,0
data/max2sat/40/100/PROBLEM_040_100_11.cnf,40,100,2.5,0.129447,0.127304,1.0168,0.94,0.94,False,False,0
data/max2sat/40/100/PROBLEM_040_100_12.cnf,40,100,2.5,0.139051,0.132808,1.047,0.96,0.96,False,False,0
data/max2sat/40/100/PROBLEM_040_100_13.cnf,40,100,2.5,0.123067,0.122864,1.0017,0.97,0.97,False,False,0
data/max2sat/40/100/PROBLEM_040_100_14.cnf,40,100,2.5,0.122996,0.123583,0.9953,0.97,0.97,False,False,0
data/max2sat/40/100/PROBLEM_040_100_15.cnf,40,100,2.5,0.134084,0.12557,1.0678,0.97,0.97,False,False,0
data/max2sat/40/100/PROBLEM_040_100_16.cnf,40,100,2.5,0.136901,0.132813,1.0308,0.97,0.97,False,False,0
data/max2sat/40/100/PROBLEM_040_100_17.cnf,40,100,2.5,0.122894,0.125708,0.9776,0.95,0.95,False,False,0
data/max2sat/40/100/PROBLEM_040_100_18.cnf,40,100,2.5,0.124177,0.124542,0.9971,0.98,0.98,False,False,0
data/max2sat/40/100/PROBLEM_040_100_19.cnf,40,100,2.5,0.136115,0.125893,1.0812,0.96,0.96,False,False,0
data/max2sat/40/100/PROBLEM_040_100_20.cnf,40,100,2.5,0.133767,0.132903,1.0065,0.95,0.95,False,False,0
data/max2sat/40/100/PROBLEM_040_100_21.cnf,40,100,2.5,0.124257,0.124646,0.9969,0.97,0.97,False,False,0
data/max2sat/40/100/PROBLEM_040_100_22.cnf,40,100,2.5,0.125827,0.125411,1.0033,0.96,0.96,False,False,0
data/max2sat/40/100/PROBLEM_040_100_23.cnf,40,100,2.5,0.133871,0.122784,1.0903,0.95,0.95,False,False,0
data/max2sat/40/100/PROBLEM_040_100_24.cnf,40,100,2.5,0.128822,0.135919,0.9478,0.96,0.96,False,False,0
data/max2sat/40/100/PROBLEM_040_100_25.cnf,40,100,2.5,0.124909,0.127897,0.9766,0.97,0.97,False,False,0
data/max2sat/40/100/PROBLEM_040_100_26.cnf,40,100,2.5,0.125446,0.12711,0.9869,0.96,0.96,False,False,0
data/max2sat/40/100/PROBLEM_040_100_27.cnf,40,100,2.5,0.127893,0.120866,1.0581,0.98,0.98,False,False,0
data/max2sat/40/100/PROBLEM_040_100_28.cnf,40,100,2.5,0.128233,0.132908,0.9648,0.95,0.95,False,False,0
data/max2sat/40/100/PROBLEM_040_100_29.cnf,40,100,2.5,0.12463,0.128174,0.9724,0.99,0.99,False,False,0
data/max2sat/40/100/PROBLEM_040_100_30.cnf,40,100,2.5,0.123916,0.12741,0.9726,0.96,0.96,False,False,0
data/max2sat/40/100/PROBLEM_040_100_31.cnf,40,100,2.5,0.129582,0.123426,1.0499,0.97,0.97,False,False,0
data/max2sat/40/100/PROBLEM_040_100_32.cnf,40,100,2.5,0.143125,0.129902,1.1018,0.96,0.96,False,False,0
data/max2sat/40/100/PROBLEM_040_100_33.cnf,40,100,2.5,0.123606,0.125797,0.9826,0.96,0.96,False,False,0
data/max2sat/40/100/PROBLEM_040_100_34.cnf,40,100,2.5,0.132956,0.123088,1.0802,0.97,0.97,False,False,0
data/max2sat/40/100/PROBLEM_040_100_35.cnf,40,100,2.5,0.135091,0.128678,1.0498,0.98,0.98,False,False,0
data/max2sat/40/100/PROBLEM_040_100_36.cnf,40,100,2.5,0.143702,0.127904,1.1235,0.96,0.96,False,False,0
data/max2sat/40/100/PROBLEM_040_100_37.cnf,40,100,2.5,0.126764,0.127953,0.9907,0.97,0.97,False,False,0
data/max2sat/40/100/PROBLEM_040_100_38.cnf,40,100,2.5,0.132838,0.121206,1.096,0.96,0.96,False,False,0
data/max2sat/40/100/PROBLEM_040_100_39.cnf,40,100,2.5,0.135235,0.130553,1.0359,0.96,0.96,False,False,0
data/max2sat/40/100/PROBLEM_040_100_40.cnf,40,100,2.5,0.132859,0.12591,1.0552,0.96,0.96,False,False,0
data/max2sat/40/100/PROBLEM_040_100_41.cnf,40,100,2.5,0.127196,0.123617,1.029,0.96,0.96,False,False,0
data/max2sat/40/100/PROBLEM_040_100_42.cnf,40,100,2.5,0.123881,0.124045,0.9987,0.96,0.96,False,False,0
data/max2sat/40/100/PROBLEM_040_100_43.cnf,40,100,2.5,0.131724,0.131906,0.9986,0.96,0.96,False,False,0
data/max2sat/40/100/PROBLEM_040_100_44.cnf,40,100,2.5,0.129763,0.124893,1.039,0.96,0.96,False,False,0
data/max2sat/40/100/PROBLEM_040_100_45.cnf,40,100,2.5,0.129922,0.124548,1.0431,0.94,0.94,False,False,0
data/max2sat/40/100/PROBLEM_040_100_46.cnf,40,100,2.5,0.125157,0.123912,1.01,0.99,0.99,False,False,0
data/max2sat/40/100/PROBLEM_040_100_47.cnf,40,100,2.5,0.131822,0.131933,0.9992,0.96,0.96,False,False,0
data/max2sat/40/100/PROBLEM_040_100_48.cnf,40,100,2.5,0.12484,0.123835,1.0081,0.97,0.97,False,False,0
data/max2sat/40/100/PROBLEM_040_100_49.cnf,40,100,2.5,0.134166,0.125239,1.0713,0.96,0.96,False,False,0
data/max2sat/40/100/PROBLEM_040_100_50.cnf,40,100,2.5,0.124567,0.123773,1.0064,0.97,0.97,False,False,0
data/max2sat/40/40/PROBLEM_040_040_01.cnf,40,40,1.0,0.070644,0.06934,1.0188,1.0,1.0,True,True,0
data/max2sat/40/40/PROBLEM_040_040_02.cnf,40,40,1.0,0.058438,0.064103,0.9116,1.0,1.0,True,True,0
data/max2sat/40/40/PROBLEM_040_040_03.cnf,40,40,1.0,0.059626,0.063142,0.9443,1.0,1.0,True,True,0
data/max2sat/40/40/PROBLEM_040_040_04.cnf,40,40,1.0,0.067942,0.063041,1.0777,1.0,1.0,True,True,0
data/max2sat/40/40/PROBLEM_040_040_05.cnf,40,40,1.0,0.124027,0.114441,1.0838,1.0,1.0,True,True,0
data/max2sat/40/40/PROBLEM_040_040_06.cnf,40,40,1.0,0.114494,0.118521,0.966,1.0,1.0,True,True,0
data/max2sat/40/40/PROBLEM_040_040_07.cnf,40,40,1.0,0.116118,0.118437,0.9804,1.0,1.0,True,True,0
data/max2sat/40/40/PROBLEM_040_040_08.cnf,40,40,1.0,0.123919,0.125177,0.99,1.0,1.0,True,True,0
data/max2sat/40/40/PROBLEM_040_040_09.cnf,40,40,1.0,0.111462,0.108889,1.0236,1.0,1.0,True,True,0
data/max2sat/40/40/PROBLEM_040_040_10.cnf,40,40,1.0,0.113551,0.110199,1.0304,1.0,1.0,True,True,0
data/max2sat/40/40/PROBLEM_040_040_11.cnf,40,40,1.0,0.125226,0.110095,1.1374,1.0,1.0,True,True,0
data/max2sat/40/40/PROBLEM_040_040_12.cnf,40,40,1.0,0.110907,0.120786,0.9182,1.0,1.0,True,True,0
data/max2sat/40/40/PROBLEM_040_040_13.cnf,40,40,1.0,0.107341,0.106914,1.004,1.0,1.0,True,True,0
data/max2sat/40/40/PROBLEM_040_040_14.cnf,40,40,1.0,0.114487,0.111728,1.0247,1.0,1.0,True,True,0
data/max2sat/40/40/PROBLEM_040_040_15.cnf,40,40,1.0,0.10984,0.109806,1.0003,1.0,1.0,True,True,0
data/max2sat/40/40/PROBLEM_040_040_16.cnf,40,40,1.0,0.12635,0.121392,1.0408,1.0,1.0,True,True,0
data/max2sat/40/40/PROBLEM_040_040_17.cnf,40,40,1.0,0.108896,0.1079,1.0092,1.0,1.0,True,True,0
data/max2sat/40/40/PROBLEM_040_040_18.cnf,40,40,1.0,0.115882,0.110861,1.0453,1.0,1.0,True,True,0
data/max2sat/40/40/PROBLEM_040_040_19.cnf,40,40,1.0,0.106887,0.10984,0.9731,1.0,1.0,True,True,0
data/max2sat/40/40/PROBLEM_040_040_20.cnf,40,40,1.0,0.127917,0.120235,1.0639,1.0,1.0,True,True,0
data/max2sat/40/40/PROBLEM_040_040_21.cnf,40,40,1.0,0.111903,0.109773,1.0194,1.0,1.0,True,True,0
data/max2sat/40/40/PROBLEM_040_040_22.cnf,40,40,1.0,0.10913,0.108742,1.0036,1.0,1.0,True,True,0
data/max2sat/40/40/PROBLEM_040_040_23.cnf,40,40,1.0,0.111537,0.110977,1.005,1.0,1.0,True,True,0
data/max2sat/40/40/PROBLEM_040_040_24.cnf,40,40,1.0,0.121902,0.11992,1.0165,1.0,1.0,True,True,0
data/max2sat/40/40/PROBLEM_040_040_25.cnf,40,40,1.0,0.108005,0.10876,0.9931,1.0,1.0,True,True,0
data/max2sat/40/40/PROBLEM_040_040_26.cnf,40,40,1.0,0.110927,0.111203,0.9975,1.0,1.0,True,True,0
data/max2sat/40/40/PROBLEM_040_040_27.cnf,40,40,1.0,0.114822,0.11493,0.9991,1.0,1.0,True,True,0
data/max2sat/40/40/PROBLEM_040_040_28.cnf,40,40,1.0,0.120901,0.117914,1.0253,1.0,1.0,True,True,0
data/max2sat/40/40/PROBLEM_040_040_29.cnf,40,40,1.0,0.108956,0.108894,1.0006,1.0,1.0,True,True,0
data/max2sat/40/40/PROBLEM_040_040_30.cnf,40,40,1.0,0.10893,0.109139,0.9981,1.0,1.0,True,True,0
data/max2sat/40/40/PROBLEM_040_040_31.cnf,40,40,1.0,0.116286,0.110965,1.048,1.0,1.0,True,True,0
data/max2sat/40/40/PROBLEM_040_040_32.cnf,40,40,1.0,0.121348,0.115638,1.0494,1.0,1.0,True,True,0
data/max2sat/40/40/PROBLEM_040_040_33.cnf,40,40,1.0,0.115245,0.109363,1.0538,1.0,1.0,True,True,0
data/max2sat/40/40/PROBLEM_040_040_34.cnf,40,40,1.0,0.106896,0.108596,0.9843,1.0,1.0,True,True,0
data/max2sat/40/40/PROBLEM_040_040_35.cnf,40,40,1.0,0.117921,0.108887,1.083,1.0,1.0,True,True,0
data/max2sat/40/40/PROBLEM_040_040_36.cnf,40,40,1.0,0.117905,0.119473,0.9869,1.0,1.0,True,True,0
data/max2sat/40/40/PROBLEM_040_040_37.cnf,40,40,1.0,0.112854,0.107036,1.0544,1.0,1.0,True,True,0
data/max2sat/40/40/PROBLEM_040_040_38.cnf,40,40,1.0,0.110911,0.112659,0.9845,1.0,1.0,True,True,0
data/max2sat/40/40/PROBLEM_040_040_39.cnf,40,40,1.0,0.120907,0.112771,1.0721,1.0,1.0,True,True,0
data/max2sat/40/40/PROBLEM_040_040_40.cnf,40,40,1.0,0.117219,0.120022,0.9766,1.0,1.0,True,True,0
data/max2sat/40/40/PROBLEM_040_040_41.cnf,40,40,1.0,0.109582,0.106878,1.0253,1.0,1.0,True,True,0
data/max2sat/40/40/PROBLEM_040_040_42.cnf,40,40,1.0,0.111913,0.11221,0.9974,1.0,1.0,True,True,0
data/max2sat/40/40/PROBLEM_040_040_43.cnf,40,40,1.0,0.12091,0.113919,1.0614,1.0,1.0,True,True,0
data/max2sat/40/40/PROBLEM_040_040_44.cnf,40,40,1.0,0.120021,0.113379,1.0586,1.0,1.0,True,True,0
data/max2sat/40/40/PROBLEM_040_040_45.cnf,40,40,1.0,0.10892,0.112568,0.9676,1.0,1.0,True,True,0
data/max2sat/40/40/PROBLEM_040_040_46.cnf,40,40,1.0,0.109369,0.11092,0.986,1.0,1.0,True,True,0
data/max2sat/40/40/PROBLEM_040_040_47.cnf,40,40,1.0,0.118786,0.113939,1.0425,1.0,1.0,True,True,0
data/max2sat/40/40/PROBLEM_040_040_48.cnf,40,40,1.0,0.107494,0.108452,0.9912,1.0,1.0,True,True,0
data/max2sat/40/40/PROBLEM_040_040_49.cnf,40,40,1.0,0.113105,0.116366,0.972,1.0,1.0,True,True,0
data/max2sat/40/40/PROBLEM_040_040_50.cnf,40,40,1.0,0.110108,0.10945,1.006,1.0,1.0,True,True,0
data/max2sat/40/50/PROBLEM_040_050_01.cnf,40,50,1.25,0.100142,0.077913,1.2853,1.0,1.0,True,True,0
data/max2sat/40/50/PROBLEM_040_050_02.cnf,40,50,1.25,0.066358,0.0651,1.0193,1.0,1.0,True,True,0
data/max2sat/40/50/PROBLEM_040_050_03.cnf,40,50,1.25,0.064363,0.065184,0.9874,1.0,1.0,True,True,0
data/max2sat/40/50/PROBLEM_040_050_04.cnf,40,50,1.25,0.068338,0.071282,0.9587,1.0,1.0,True,True,0
data/max2sat/40/50/PROBLEM_040_050_05.cnf,40,50,1.25,0.122341,0.123078,0.994,1.0,1.0,True,True,0
data/max2sat/40/50/PROBLEM_040_050_06.cnf,40,50,1.25,0.131385,0.123164,1.0667,1.0,1.0,True,True,0
data/max2sat/40/50/PROBLEM_040_050_07.cnf,40,50,1.25,0.126009,0.131025,0.9617,1.0,1.0,True,True,0
data/max2sat/40/50/PROBLEM_040_050_08.cnf,40,50,1.25,0.155324,0.129621,1.1983,1.0,1.0,True,True,0
data/max2sat/40/50/PROBLEM_040_050_09.cnf,40,50,1.25,0.118891,0.118653,1.002,1.0,1.0,True,True,0
data/max2sat/40/50/PROBLEM_040_050_10.cnf,40,50,1.25,0.117026,0.11663,1.0034,1.0,1.0,True,True,0
data/max2sat/40/50/PROBLEM_040_050_11.cnf,40,50,1.25,0.119337,0.119998,0.9945,1.0,1.0,True,True,0
data/max2sat/40/50/PROBLEM_040_050_12.cnf,40,50,1.25,0.137112,0.130788,1.0484,1.0,1.0,True,True,0
data/max2sat/40/50/PROBLEM_040_050_13.cnf,40,50,1.25,0.116,0.114659,1.0117,1.0,1.0,True,True,0
data/max2sat/40/50/PROBLEM_040_050_14.cnf,40,50,1.25,0.113287,0.125928,0.8996,1.0,1.0,True,True,0
data/max2sat/40/50/PROBLEM_040_050_15.cnf,40,50,1.25,0.117515,0.119158,0.9862,1.0,1.0,True,True,0
data/max2sat/40/50/PROBLEM_040_050_16.cnf,40,50,1.25,0.137906,0.128893,1.0699,1.0,1.0,True,True,0
data/max2sat/40/50/PROBLEM_040_050_17.cnf,40,50,1.25,0.109938,0.110889,0.9914,1.0,1.0,True,True,0
data/max2sat/40/50/PROBLEM_040_050_18.cnf,40,50,1.25,0.111794,0.118899,0.9402,1.0,1.0,True,True,0
data/max2sat/40/50/PROBLEM_040_050_19.cnf,40,50,1.25,0.119266,0.118702,1.0048,1.0,1.0,True,True,0
data/max2sat/40/50/PROBLEM_040_050_20.cnf,40,50,1.25,0.130745,0.116854,1.1189,1.0,1.0,True,True,0
data/max2sat/40/50/PROBLEM_040_050_21.cnf,40,50,1.25,0.109942,0.110902,0.9913,1.0,1.0,True,True,0
data/max2sat/40/50/PROBLEM_040_050_22.cnf,40,50,1.25,0.110614,0.110904,0.9974,1.0,1.0,True,True,0
data/max2sat/40/50/PROBLEM_040_050_23.cnf,40,50,1.25,0.118242,0.119626,0.9884,1.0,1.0,True,True,0
data/max2sat/40/50/PROBLEM_040_050_24.cnf,40,50,1.25,0.112837,0.116849,0.9657,1.0,1.0,True,True,0
data/max2sat/40/50/PROBLEM_040_050_25.cnf,40,50,1.25,0.114863,0.113897,1.0085,1.0,1.0,True,True,0
data/max2sat/40/50/PROBLEM_040_050_26.cnf,40,50,1.25,0.126931,0.112914,1.1241,1.0,1.0,True,True,0
data/max2sat/40/50/PROBLEM_040_050_27.cnf,40,50,1.25,0.118047,0.123925,0.9526,1.0,1.0,True,True,0
data/max2sat/40/50/PROBLEM_040_050_28.cnf,40,50,1.25,0.114772,0.115695,0.992,1.0,1.0,True,True,0
data/max2sat/40/50/PROBLEM_040_050_29.cnf,40,50,1.25,0.116666,0.114901,1.0154,1.0,1.0,True,True,0
data/max2sat/40/50/PROBLEM_040_050_30.cnf,40,50,1.25,0.136917,0.115918,1.1812,1.0,1.0,True,True,0
data/max2sat/40/50/PROBLEM_040_050_31.cnf,40,50,1.25,0.116911,0.124914,0.9359,1.0,1.0,True,True,0
data/max2sat/40/50/PROBLEM_040_050_32.cnf,40,50,1.25,0.112907,0.115909,0.9741,1.0,1.0,True,True,0
data/max2sat/40/50/PROBLEM_040_050_33.cnf,40,50,1.25,0.117103,0.115901,1.0104,1.0,1.0,True,True,0
data/max2sat/40/50/PROBLEM_040_050_34.cnf,40,50,1.25,0.12291,0.117905,1.0424,1.0,1.0,True,True,0
data/max2sat/40/50/PROBLEM_040_050_35.cnf,40,50,1.25,0.13499,0.118424,1.1399,1.0,1.0,True,True,0
data/max2sat/40/50/PROBLEM_040_050_36.cnf,40,50,1.25,0.113899,0.120915,0.942,1.0,1.0,True,True,0
data/max2sat/40/50/PROBLEM_040_050_37.cnf,40,50,1.25,0.116902,0.118144,0.9895,1.0,1.0,True,True,0
data/max2sat/40/50/PROBLEM_040_050_38.cnf,40,50,1.25,0.117904,0.113904,1.0351,1.0,1.0,True,True,0
data/max2sat/40/50/PROBLEM_040_050_39.cnf,40,50,1.25,0.132245,0.120001,1.102,1.0,1.0,True,True,0
data/max2sat/40/50/PROBLEM_040_050_40.cnf,40,50,1.25,0.113911,0.117941,0.9658,1.0,1.0,True,True,0
data/max2sat/40/50/PROBLEM_040_050_41.cnf,40,50,1.25,0.117946,0.11691,1.0089,1.0,1.0,True,True,0
data/max2sat/40/50/PROBLEM_040_050_42.cnf,40,50,1.25,0.114096,0.1129,1.0106,1.0,1.0,True,True,0
data/max2sat/40/50/PROBLEM_040_050_43.cnf,40,50,1.25,0.123909,0.118386,1.0467,1.0,1.0,True,True,0
data/max2sat/40/50/PROBLEM_040_050_44.cnf,40,50,1.25,0.113651,0.117126,0.9703,1.0,1.0,True,True,0
data/max2sat/40/50/PROBLEM_040_050_45.cnf,40,50,1.25,0.123483,0.112651,1.0962,1.0,1.0,True,True,0
data/max2sat/40/50/PROBLEM_040_050_46.cnf,40,50,1.25,0.113017,0.111721,1.0116,1.0,1.0,True,True,0
data/max2sat/40/50/PROBLEM_040_050_47.cnf,40,50,1.25,0.126197,0.114909,1.0982,1.0,1.0,True,True,0
data/max2sat/40/50/PROBLEM_040_050_48.cnf,40,50,1.25,0.113917,0.120004,0.9493,1.0,1.0,True,True,0
data/max2sat/40/50/PROBLEM_040_050_49.cnf,40,50,1.25,0.117463,0.109569,1.072,1.0,1.0,True,True,0
data/max2sat/40/50/PROBLEM_040_050_50.cnf,40,50,1.25,0.111392,0.109993,1.0127,1.0,1.0,True,True,0
data/max2sat/40/60/PROBLEM_040_060_01.cnf,40,60,1.5,0.08615,0.075232,1.1451,1.0,1.0,True,True,0
data/max2sat/40/60/PROBLEM_040_060_02.cnf,40,60,1.5,0.066457,0.072653,0.9147,0.9667,0.9667,False,False,0
data/max2sat/40/60/PROBLEM_040_060_03.cnf,40,60,1.5,0.07492,0.065909,1.1367,1.0,1.0,True,True,0
data/max2sat/40/60/PROBLEM_040_060_04.cnf,40,60,1.5,0.070168,0.06349,1.1052,0.9833,0.9833,False,False,0
data/max2sat/40/60/PROBLEM_040_060_05.cnf,40,60,1.5,0.122398,0.123937,0.9876,0.9833,0.9833,False,False,0
data/max2sat/40/60/PROBLEM_040_060_06.cnf,40,60,1.5,0.129388,0.120581,1.073,0.9833,0.9833,False,False,0
data/max2sat/40/60/PROBLEM_040_060_07.cnf,40,60,1.5,0.132781,0.123673,1.0736,0.9833,0.9833,False,False,0
data/max2sat/40/60/PROBLEM_040_060_08.cnf,40,60,1.5,0.134171,0.135454,0.9905,1.0,1.0,True,True,0
data/max2sat/40/60/PROBLEM_040_060_09.cnf,40,60,1.5,0.118863,0.11735,1.0129,1.0,1.0,True,True,0
data/max2sat/40/60/PROBLEM_040_060_10.cnf,40,60,1.5,0.120142,0.118674,1.0124,1.0,1.0,True,True,0
data/max2sat/40/60/PROBLEM_040_060_11.cnf,40,60,1.5,0.118196,0.117587,1.0052,1.0,1.0,True,True,0
data/max2sat/40/60/PROBLEM_040_060_12.cnf,40,60,1.5,0.117809,0.124877,0.9434,1.0,1.0,True,True,0
data/max2sat/40/60/PROBLEM_040_060_13.cnf,40,60,1.5,0.122908,0.117696,1.0443,1.0,1.0,True,True,0
data/max2sat/40/60/PROBLEM_040_060_14.cnf,40,60,1.5,0.122146,0.117793,1.037,0.9833,0.9833,False,False,0
data/max2sat/40/60/PROBLEM_040_060_15.cnf,40,60,1.5,0.118849,0.119466,0.9948,1.0,1.0,True,True,0
data/max2sat/40/60/PROBLEM_040_060_16.cnf,40,60,1.5,0.11751,0.124907,0.9408,1.0,1.0,True,True,0
data/max2sat/40/60/PROBLEM_040_060_17.cnf,40,60,1.5,0.12355,0.124083,0.9957,0.9833,0.9833,False,False,0
data/max2sat/40/60/PROBLEM_040_060_18.cnf,40,60,1.5,0.121981,0.11784,1.0351,1.0,1.0,True,True,0
data/max2sat/40/60/PROBLEM_040_060_19.cnf,40,60,1.5,0.124175,0.11877,1.0455,1.0,1.0,True,True,0
data/max2sat/40/60/PROBLEM_040_060_20.cnf,40,60,1.5,0.11682,0.142807,0.818,1.0,1.0,True,True,0
data/max2sat/40/60/PROBLEM_040_060_21.cnf,40,60,1.5,0.129897,0.12482,1.0407,0.9833,0.9833,False,False,0
data/max2sat/40/60/PROBLEM_040_060_22.cnf,40,60,1.5,0.11556,0.119817,0.9645,1.0,1.0,True,True,0
data/max2sat/40/60/PROBLEM_040_060_23.cnf,40,60,1.5,0.118544,0.1221,0.9709,0.9833,0.9833,False,False,0
data/max2sat/40/60/PROBLEM_040_060_24.cnf,40,60,1.5,0.12665,0.142132,0.8911,1.0,1.0,True,True,0
data/max2sat/40/60/PROBLEM_040_060_25.cnf,40,60,1.5,0.117247,0.118009,0.9935,1.0,1.0,True,True,0
data/max2sat/40/60/PROBLEM_040_060_26.cnf,40,60,1.5,0.122574,0.118841,1.0314,1.0,1.0,True,True,0
data/max2sat/40/60/PROBLEM_040_060_27.cnf,40,60,1.5,0.124855,0.11769,1.0609,1.0,1.0,True,True,0
data/max2sat/40/60/PROBLEM_040_060_28.cnf,40,60,1.5,0.124969,0.126899,0.9848,0.9833,0.9833,False,False,0
data/max2sat/40/60/PROBLEM_040_060_29.cnf,40,60,1.5,0.117905,0.118869,0.9919,1.0,1.0,True,True,0
data/max2sat/40/60/PROBLEM_040_060_30.cnf,40,60,1.5,0.122851,0.117826,1.0426,0.9833,0.9833,False,False,0
data/max2sat/40/60/PROBLEM_040_060_31.cnf,40,60,1.5,0.127904,0.117062,1.0926,1.0,1.0,True,True,0
data/max2sat/40/60/PROBLEM_040_060_32.cnf,40,60,1.5,0.125776,0.128685,0.9774,1.0,1.0,True,True,0
data/max2sat/40/60/PROBLEM_040_060_33.cnf,40,60,1.5,0.1169,0.116768,1.0011,1.0,1.0,True,True,0
data/max2sat/40/60/PROBLEM_040_060_34.cnf,40,60,1.5,0.121139,0.116954,1.0358,1.0,1.0,True,True,0
data/max2sat/40/60/PROBLEM_040_060_35.cnf,40,60,1.5,0.128914,0.119547,1.0784,1.0,1.0,True,True,0
data/max2sat/40/60/PROBLEM_040_060_36.cnf,40,60,1.5,0.124957,0.126715,0.9861,0.9833,0.9833,False,False,0
data/max2sat/40/60/PROBLEM_040_060_37.cnf,40,60,1.5,0.116908,0.11431,1.0227,1.0,1.0,True,True,0
data/max2sat/40/60/PROBLEM_040_060_38.cnf,40,60,1.5,0.126014,0.116181,1.0846,0.9667,0.9667,False,False,0
data/max2sat/40/60/PROBLEM_040_060_39.cnf,40,60,1.5,0.125894,0.118573,1.0617,1.0,1.0,True,True,0
data/max2sat/40/60/PROBLEM_040_060_40.cnf,40,60,1.5,0.121935,0.124894,0.9763,1.0,1.0,True,True,0
data/max2sat/40/60/PROBLEM_040_060_41.cnf,40,60,1.5,0.117906,0.116925,1.0084,1.0,1.0,True,True,0
data/max2sat/40/60/PROBLEM_040_060_42.cnf,40,60,1.5,0.1275,0.119911,1.0633,1.0,1.0,True,True,0
data/max2sat/40/60/PROBLEM_040_060_43.cnf,40,60,1.5,0.121833,0.118842,1.0252,1.0,1.0,True,True,0
data/max2sat/40/60/PROBLEM_040_060_44.cnf,40,60,1.5,0.125808,0.11808,1.0654,1.0,1.0,True,True,0
data/max2sat/40/60/PROBLEM_040_060_45.cnf,40,60,1.5,0.114896,0.123532,0.9301,0.9833,0.9833,False,False,0
data/max2sat/40/60/PROBLEM_040_060_46.cnf,40,60,1.5,0.125968,0.117923,1.0682,1.0,1.0,True,True,0
data/max2sat/40/60/PROBLEM_040_060_47.cnf,40,60,1.5,0.120019,0.120119,0.9992,0.9833,0.9833,False,False,0
data/max2sat/40/60/PROBLEM_040_060_48.cnf,40,60,1.5,0.12263,0.11555,1.0613,1.0,1.0,True,True,0
data/max2sat/40/60/PROBLEM_040_060_49.cnf,40,60,1.5,0.11315,0.114742,0.9861,0.9833,0.9833,False,False,0
data/max2sat/40/60/PROBLEM_040_060_50.cnf,40,60,1.5,0.124396,0.117568,1.0581,1.0,1.0,True,True,0
data/max2sat/40/70/PROBLEM_040_070_01.cnf,40,70,1.75,0.08996,0.075512,1.1913,0.9857,0.9857,False,False,0
data/max2sat/40/70/PROBLEM_040_070_02.cnf,40,70,1.75,0.065113,0.063676,1.0226,1.0,1.0,True,True,0
data/max2sat/40/70/PROBLEM_040_070_03.cnf,40,70,1.75,0.072349,0.071083,1.0178,0.9857,0.9857,False,False,0
data/max2sat/40/70/PROBLEM_040_070_04.cnf,40,70,1.75,0.065003,0.072467,0.897,0.9857,0.9857,False,False,0
data/max2sat/40/70/PROBLEM_040_070_05.cnf,40,70,1.75,0.124747,0.126086,0.9894,0.9714,0.9714,False,False,0
data/max2sat/40/70/PROBLEM_040_070_06.cnf,40,70,1.75,0.124646,0.12694,0.9819,0.9857,0.9857,False,False,0
data/max2sat/40/70/PROBLEM_040_070_07.cnf,40,70,1.75,0.1358,0.130775,1.0384,0.9857,0.9857,False,False,0
data/max2sat/40/70/PROBLEM_040_070_08.cnf,40,70,1.75,0.145376,0.136254,1.0669,0.9857,0.9857,False,False,0
data/max2sat/40/70/PROBLEM_040_070_09.cnf,40,70,1.75,0.116331,0.121335,0.9588,1.0,1.0,True,True,0
data/max2sat/40/70/PROBLEM_040_070_10.cnf,40,70,1.75,0.119642,0.120115,0.9961,1.0,1.0,True,True,0
data/max2sat/40/70/PROBLEM_040_070_11.cnf,40,70,1.75,0.123382,0.121694,1.0139,1.0,1.0,True,True,0
data/max2sat/40/70/PROBLEM_040_070_12.cnf,40,70,1.75,0.128884,0.1277,1.0093,1.0,1.0,True,True,0
data/max2sat/40/70/PROBLEM_040_070_13.cnf,40,70,1.75,0.115843,0.117743,0.9839,0.9857,0.9857,False,False,0
data/max2sat/40/70/PROBLEM_040_070_14.cnf,40,70,1.75,0.120968,0.120909,1.0005,0.9714,0.9714,False,False,0
data/max2sat/40/70/PROBLEM_040_070_15.cnf,40,70,1.75,0.118898,0.122077,0.974,0.9857,0.9857,False,False,0
data/max2sat/40/70/PROBLEM_040_070_16.cnf,40,70,1.75,0.126323,0.127578,0.9902,0.9857,0.9857,False,False,0
data/max2sat/40/70/PROBLEM_040_070_17.cnf,40,70,1.75,0.118501,0.119313,0.9932,1.0,1.0,True,True,0
data/max2sat/40/70/PROBLEM_040_070_18.cnf,40,70,1.75,0.119906,0.120599,0.9943,0.9714,0.9714,False,False,0
data/max2sat/40/70/PROBLEM_040_070_19.cnf,40,70,1.75,0.118913,0.118979,0.9994,0.9714,0.9714,False,False,0
data/max2sat/40/70/PROBLEM_040_070_20.cnf,40,70,1.75,0.126923,0.125592,1.0106,1.0,1.0,True,True,0
data/max2sat/40/70/PROBLEM_040_070_21.cnf,40,70,1.75,0.119408,0.132918,0.8984,1.0,1.0,True,True,0
data/max2sat/40/70/PROBLEM_040_070_22.cnf,40,70,1.75,0.141904,0.118672,1.1958,0.9571,0.9571,False,False,0
data/max2sat/40/70/PROBLEM_040_070_23.cnf,40,70,1.75,0.121934,0.12002,1.0159,0.9857,0.9857,False,False,0
data/max2sat/40/70/PROBLEM_040_070_24.cnf,40,70,1.75,0.135912,0.12692,1.0708,1.0,1.0,True,True,0
data/max2sat/40/70/PROBLEM_040_070_25.cnf,40,70,1.75,0.120469,0.12136,0.9927,0.9857,0.9857,False,False,0
data/max2sat/40/70/PROBLEM_040_070_26.cnf,40,70,1.75,0.132915,0.126991,1.0466,0.9857,0.9857,False,False,0
data/max2sat/40/70/PROBLEM_040_070_27.cnf,40,70,1.75,0.134911,0.125975,1.0709,0.9714,0.9714,False,False,0
data/max2sat/40/70/PROBLEM_040_070_28.cnf,40,70,1.75,0.142912,0.127901,1.1174,0.9857,0.9857,False,False,0
data/max2sat/40/70/PROBLEM_040_070_29.cnf,40,70,1.75,0.120927,0.119132,1.0151,0.9857,0.9857,False,False,0
data/max2sat/40/70/PROBLEM_040_070_30.cnf,40,70,1.75,0.122898,0.127883,0.961,0.9714,0.9714,False,False,0
data/max2sat/40/70/PROBLEM_040_070_31.cnf,40,70,1.75,0.12094,0.117918,1.0256,0.9857,0.9857,False,False,0
data/max2sat/40/70/PROBLEM_040_070_32.cnf,40,70,1.75,0.136771,0.121923,1.1218,0.9857,0.9857,False,False,0
data/max2sat/40/70/PROBLEM_040_070_33.cnf,40,70,1.75,0.122484,0.120926,1.0129,0.9857,0.9857,False,False,0
data/max2sat/40/70/PROBLEM_040_070_34.cnf,40,70,1.75,0.122902,0.122829,1.0006,0.9857,0.9857,False,False,0
data/max2sat/40/70/PROBLEM_040_070_35.cnf,40,70,1.75,0.117899,0.131392,0.8973,0.9857,0.9857,False,False,0
data/max2sat/40/70/PROBLEM_040_070_36.cnf,40,70,1.75,0.126054,0.120889,1.0427,0.9714,0.9714,False,False,0
data/max2sat/40/70/PROBLEM_040_070_37.cnf,40,70,1.75,0.131549,0.1209,1.0881,0.9857,0.9857,False,False,0
data/max2sat/40/70/PROBLEM_040_070_38.cnf,40,70,1.75,0.11989,0.120641,0.9938,0.9714,0.9714,False,False,0
data/max2sat/40/70/PROBLEM_040_070_39.cnf,40,70,1.75,0.117867,0.131781,0.8944,1.0,1.0,True,True,0
data/max2sat/40/70/PROBLEM_040_070_40.cnf,40,70,1.75,0.123896,0.12389,1.0,1.0,1.0,True,True,0
data/max2sat/40/70/PROBLEM_040_070_41.cnf,40,70,1.75,0.135045,0.121863,1.1082,1.0,1.0,True,True,0
data/max2sat/40/70/PROBLEM_040_070_42.cnf,40,70,1.75,0.119001,0.118157,1.0071,0.9857,0.9857,False,False,0
data/max2sat/40/70/PROBLEM_040_070_43.cnf,40,70,1.75,0.119912,0.12637,0.9489,0.9714,0.9714,False,False,0
data/max2sat/40/70/PROBLEM_040_070_44.cnf,40,70,1.75,0.125593,0.123893,1.0137,0.9857,0.9857,False,False,0
data/max2sat/40/70/PROBLEM_040_070_45.cnf,40,70,1.75,0.125894,0.117886,1.0679,0.9857,0.9857,False,False,0
data/max2sat/40/70/PROBLEM_040_070_46.cnf,40,70,1.75,0.127032,0.120936,1.0504,0.9714,0.9714,False,False,0
data/max2sat/40/70/PROBLEM_040_070_47.cnf,40,70,1.75,0.119918,0.124922,0.9599,1.0,1.0,True,True,0
data/max2sat/40/70/PROBLEM_040_070_48.cnf,40,70,1.75,0.12524,0.122908,1.019,1.0,1.0,True,True,0
data/max2sat/40/70/PROBLEM_040_070_49.cnf,40,70,1.75,0.117094,0.113844,1.0285,0.9857,0.9857,False,False,0
data/max2sat/40/70/PROBLEM_040_070_50.cnf,40,70,1.75,0.131527,0.119773,1.0981,1.0,1.0,True,True,0
data/max2sat/40/80/PROBLEM_040_080_01.cnf,40,80,2.0,0.079782,0.085972,0.928,0.9875,0.9875,False,False,0
data/max2sat/40/80/PROBLEM_040_080_02.cnf,40,80,2.0,0.068005,0.068962,0.9861,0.9875,0.9875,False,False,0
data/max2sat/40/80/PROBLEM_040_080_03.cnf,40,80,2.0,0.067922,0.077459,0.8769,0.9875,0.9875,False,False,0
data/max2sat/40/80/PROBLEM_040_080_04.cnf,40,80,2.0,0.079597,0.077392,1.0285,0.9625,0.9625,False,False,0
data/max2sat/40/80/PROBLEM_040_080_05.cnf,40,80,2.0,0.125609,0.129248,0.9718,0.95,0.95,False,False,0
data/max2sat/40/80/PROBLEM_040_080_06.cnf,40,80,2.0,0.12858,0.140607,0.9145,0.975,0.975,False,False,0
data/max2sat/40/80/PROBLEM_040_080_07.cnf,40,80,2.0,0.13058,0.138224,0.9447,0.975,0.975,False,False,0
data/max2sat/40/80/PROBLEM_040_080_08.cnf,40,80,2.0,0.149575,0.13909,1.0754,1.0,1.0,True,True,0
data/max2sat/40/80/PROBLEM_040_080_09.cnf,40,80,2.0,0.118887,0.120048,0.9903,1.0,1.0,True,True,0
data/max2sat/40/80/PROBLEM_040_080_10.cnf,40,80,2.0,0.120537,0.119718,1.0068,0.975,0.975,False,False,0
data/max2sat/40/80/PROBLEM_040_080_11.cnf,40,80,2.0,0.125187,0.123738,1.0117,0.9625,0.9625,False,False,0
data/max2sat/40/80/PROBLEM_040_080_12.cnf,40,80,2.0,0.1389,0.127659,1.0881,0.9875,0.9875,False,False,0
data/max2sat/40/80/PROBLEM_040_080_13.cnf,40,80,2.0,0.121881,0.13576,0.8978,1.0,1.0,True,True,0
data/max2sat/40/80/PROBLEM_040_080_14.cnf,40,80,2.0,0.121905,0.119917,1.0166,0.9625,0.9625,False,False,0
data/max2sat/40/80/PROBLEM_040_080_15.cnf,40,80,2.0,0.13046,0.124925,1.0443,0.9625,0.9625,False,False,0
data/max2sat/40/80/PROBLEM_040_080_16.cnf,40,80,2.0,0.132901,0.129816,1.0238,1.0,1.0,True,True,0
data/max2sat/40/80/PROBLEM_040_080_17.cnf,40,80,2.0,0.124269,0.129905,0.9566,0.975,0.975,False,False,0
data/max2sat/40/80/PROBLEM_040_080_18.cnf,40,80,2.0,0.122928,0.127792,0.9619,0.9625,0.9625,False,False,0
data/max2sat/40/80/PROBLEM_040_080_19.cnf,40,80,2.0,0.128784,0.125745,1.0242,0.9875,0.9875,False,False,0
data/max2sat/40/80/PROBLEM_040_080_20.cnf,40,80,2.0,0.126141,0.130004,0.9703,0.9875,0.9875,False,False,0
data/max2sat/40/80/PROBLEM_040_080_21.cnf,40,80,2.0,0.121901,0.120768,1.0094,1.0,1.0,True,True,0
data/max2sat/40/80/PROBLEM_040_080_22.cnf,40,80,2.0,0.123916,0.127038,0.9754,0.975,0.975,False,False,0
data/max2sat/40/80/PROBLEM_040_080_23.cnf,40,80,2.0,0.124155,0.122692,1.0119,1.0,1.0,True,True,0
data/max2sat/40/80/PROBLEM_040_080_24.cnf,40,80,2.0,0.123897,0.130524,0.9492,0.9625,0.9625,False,False,0
data/max2sat/40/80/PROBLEM_040_080_25.cnf,40,80,2.0,0.12053,0.120766,0.998,0.9875,0.9875,False,False,0
data/max2sat/40/80/PROBLEM_040_080_26.cnf,40,80,2.0,0.123905,0.124302,0.9968,0.9875,0.9875,False,False,0
data/max2sat/40/80/PROBLEM_040_080_27.cnf,40,80,2.0,0.127642,0.121889,1.0472,0.9875,0.9875,False,False,0
data/max2sat/40/80/PROBLEM_040_080_28.cnf,40,80,2.0,0.12566,0.128728,0.9762,0.975,0.975,False,False,0
data/max2sat/40/80/PROBLEM_040_080_29.cnf,40,80,2.0,0.123913,0.121903,1.0165,0.9875,0.9875,False,False,0
data/max2sat/40/80/PROBLEM_040_080_30.cnf,40,80,2.0,0.121925,0.122135,0.9983,0.975,0.975,False,False,0
data/max2sat/40/80/PROBLEM_040_080_31.cnf,40,80,2.0,0.132524,0.120866,1.0965,0.9875,0.9875,False,False,0
data/max2sat/40/80/PROBLEM_040_080_32.cnf,40,80,2.0,0.131914,0.129898,1.0155,0.9875,0.9875,False,False,0
data/max2sat/40/80/PROBLEM_040_080_33.cnf,40,80,2.0,0.123909,0.122902,1.0082,1.0,1.0,True,True,0
data/max2sat/40/80/PROBLEM_040_080_34.cnf,40,80,2.0,0.122957,0.121941,1.0083,0.9875,0.9875,False,False,0
data/max2sat/40/80/PROBLEM_040_080_35.cnf,40,80,2.0,0.1357,0.123674,1.0972,0.975,0.975,False,False,0
data/max2sat/40/80/PROBLEM_040_080_36.cnf,40,80,2.0,0.130907,0.130905,1.0,1.0,1.0,True,True,0
data/max2sat/40/80/PROBLEM_040_080_37.cnf,40,80,2.0,0.122895,0.120883,1.0166,0.9875,0.9875,False,False,0
data/max2sat/40/80/PROBLEM_040_080_38.cnf,40,80,2.0,0.122901,0.122935,0.9997,0.9625,0.9625,False,False,0
data/max2sat/40/80/PROBLEM_040_080_39.cnf,40,80,2.0,0.136392,0.126916,1.0747,0.975,0.975,False,False,0
data/max2sat/40/80/PROBLEM_040_080_40.cnf,40,80,2.0,0.128898,0.125904,1.0238,1.0,1.0,True,True,0
data/max2sat/40/80/PROBLEM_040_080_41.cnf,40,80,2.0,0.121892,0.119904,1.0166,0.9625,0.9625,False,False,0
data/max2sat/40/80/PROBLEM_040_080_42.cnf,40,80,2.0,0.122869,0.12692,0.9681,0.9875,0.9875,False,False,0
data/max2sat/40/80/PROBLEM_040_080_43.cnf,40,80,2.0,0.138232,0.123149,1.1225,0.975,0.975,False,False,0
data/max2sat/40/80/PROBLEM_040_080_44.cnf,40,80,2.0,0.129895,0.122896,1.057,0.9875,0.9875,False,False,0
data/max2sat/40/80/PROBLEM_040_080_45.cnf,40,80,2.0,0.124198,0.120914,1.0272,0.9875,0.9875,False,False,0
data/max2sat/40/80/PROBLEM_040_080_46.cnf,40,80,2.0,0.12393,0.124783,0.9932,0.975,0.975,False,False,0
data/max2sat/40/80/PROBLEM_040_080_47.cnf,40,80,2.0,0.135874,0.12255,1.1087,0.9875,0.9875,False,False,0
data/max2sat/40/80/PROBLEM_040_080_48.cnf,40,80,2.0,0.127233,0.120247,1.0581,0.975,0.975,False,False,0
data/max2sat/40/80/PROBLEM_040_080_49.cnf,40,80,2.0,0.12167,0.11871,1.0249,0.975,0.975,False,False,0
data/max2sat/40/80/PROBLEM_040_080_50.cnf,40,80,2.0,0.123507,0.122763,1.0061,1.0,1.0,True,True,0
data/max2sat/40/90/PROBLEM_040_090_01.cnf,40,90,2.25,0.077232,0.073846,1.0459,0.9889,0.9889,False,False,0
data/max2sat/40/90/PROBLEM_040_090_02.cnf,40,90,2.25,0.07858,0.064593,1.2165,0.9778,0.9778,False,False,0
data/max2sat/40/90/PROBLEM_040_090_03.cnf,40,90,2.25,0.068599,0.107217,0.6398,0.9667,0.9667,False,False,0
data/max2sat/40/90/PROBLEM_040_090_04.cnf,40,90,2.25,0.06561,0.092233,0.7114,0.9889,0.9889,False,False,0
data/max2sat/40/90/PROBLEM_040_090_05.cnf,40,90,2.25,0.127523,0.12518,1.0187,0.9667,0.9667,False,False,0
data/max2sat/40/90/PROBLEM_040_090_06.cnf,40,90,2.25,0.127424,0.135477,0.9406,0.9667,0.9667,False,False,0
data/max2sat/40/90/PROBLEM_040_090_07.cnf,40,90,2.25,0.12953,0.181964,0.7118,0.9556,0.9556,False,False,0
data/max2sat/40/90/PROBLEM_040_090_08.cnf,40,90,2.25,0.149419,0.226419,0.6599,0.9778,0.9778,False,False,0
data/max2sat/40/90/PROBLEM_040_090_09.cnf,40,90,2.25,0.124466,0.122056,1.0197,0.9778,0.9778,False,False,0
data/max2sat/40/90/PROBLEM_040_090_10.cnf,40,90,2.25,0.122747,0.154247,0.7958,0.9778,0.9778,False,False,0
data/max2sat/40/90/PROBLEM_040_090_11.cnf,40,90,2.25,0.122899,0.16976,0.724,0.9556,0.9556,False,False,0
data/max2sat/40/90/PROBLEM_040_090_12.cnf,40,90,2.25,0.143783,0.140784,1.0213,0.9778,0.9778,False,False,0
data/max2sat/40/90/PROBLEM_040_090_13.cnf,40,90,2.25,0.121848,0.155806,0.782,0.9889,0.9889,False,False,0
data/max2sat/40/90/PROBLEM_040_090_14.cnf,40,90,2.25,0.123815,0.152992,0.8093,0.9667,0.9667,False,False,0
data/max2sat/40/90/PROBLEM_040_090_15.cnf,40,90,2.25,0.125893,0.128004,0.9835,0.9667,0.9667,False,False,0
data/max2sat/40/90/PROBLEM_040_090_16.cnf,40,90,2.25,0.13486,0.134206,1.0049,0.9778,0.9778,False,False,0
data/max2sat/40/90/PROBLEM_040_090_17.cnf,40,90,2.25,0.121945,0.140986,0.8649,0.9556,0.9556,False,False,0
data/max2sat/40/90/PROBLEM_040_090_18.cnf,40,90,2.25,0.127813,0.125901,1.0152,0.9667,0.9667,False,False,0
data/max2sat/40/90/PROBLEM_040_090_19.cnf,40,90,2.25,0.12384,0.121918,1.0158,0.9889,0.9889,False,False,0
data/max2sat/40/90/PROBLEM_040_090_20.cnf,40,90,2.25,0.123899,0.150916,0.821,0.9667,0.9667,False,False,0
data/max2sat/40/90/PROBLEM_040_090_21.cnf,40,90,2.25,0.121899,0.136529,0.8928,0.9667,0.9667,False,False,0
data/max2sat/40/90/PROBLEM_040_090_22.cnf,40,90,2.25,0.126046,0.137434,0.9171,0.9778,0.9778,False,False,0
data/max2sat/40/90/PROBLEM_040_090_23.cnf,40,90,2.25,0.127809,0.121905,1.0484,0.9889,0.9889,False,False,0
data/max2sat/40/90/PROBLEM_040_090_24.cnf,40,90,2.25,0.122928,0.155898,0.7885,0.9667,0.9667,False,False,0
data/max2sat/40/90/PROBLEM_040_090_25.cnf,40,90,2.25,0.120845,0.126217,0.9574,0.9667,0.9667,False,False,0
data/max2sat/40/90/PROBLEM_040_090_26.cnf,40,90,2.25,0.123274,0.128899,0.9564,0.9667,0.9667,False,False,0
data/max2sat/40/90/PROBLEM_040_090_27.cnf,40,90,2.25,0.130918,0.123894,1.0567,0.9778,0.9778,False,False,0
data/max2sat/40/90/PROBLEM_040_090_28.cnf,40,90,2.25,0.123903,0.1299,0.9538,0.9889,0.9889,False,False,0
data/max2sat/40/90/PROBLEM_040_090_29.cnf,40,90,2.25,0.121904,0.124018,0.983,0.9556,0.9556,False,False,0
data/max2sat/40/90/PROBLEM_040_090_30.cnf,40,90,2.25,0.125473,0.124945,1.0042,0.9778,0.9778,False,False,0
data/max2sat/40/90/PROBLEM_040_090_31.cnf,40,90,2.25,0.127914,0.121922,1.0491,0.9556,0.9556,False,False,0
data/max2sat/40/90/PROBLEM_040_090_32.cnf,40,90,2.25,0.126915,0.126905,1.0001,0.9889,0.9889,False,False,0
data/max2sat/40/90/PROBLEM_040_090_33.cnf,40,90,2.25,0.123931,0.129261,0.9588,0.9667,0.9667,False,False,0
data/max2sat/40/90/PROBLEM_040_090_34.cnf,40,90,2.25,0.129644,0.123643,1.0485,0.9667,0.9667,False,False,0
data/max2sat/40/90/PROBLEM_040_090_35.cnf,40,90,2.25,0.128898,0.121916,1.0573,0.9667,0.9667,False,False,0
data/max2sat/40/90/PROBLEM_040_090_36.cnf,40,90,2.25,0.128903,0.12424,1.0375,0.9778,0.9778,False,False,0
data/max2sat/40/90/PROBLEM_040_090_37.cnf,40,90,2.25,0.123914,0.127916,0.9687,0.9556,0.9556,False,False,0
data/max2sat/40/90/PROBLEM_040_090_38.cnf,40,90,2.25,0.129272,0.127854,1.0111,0.9778,0.9778,False,False,0
data/max2sat/40/90/PROBLEM_040_090_39.cnf,40,90,2.25,0.133899,0.125905,1.0635,0.9667,0.9667,False,False,0
data/max2sat/40/90/PROBLEM_040_090_40.cnf,40,90,2.25,0.127893,0.122498,1.044,0.9889,0.9889,False,False,0
data/max2sat/40/90/PROBLEM_040_090_41.cnf,40,90,2.25,0.121869,0.123922,0.9834,0.9778,0.9778,False,False,0
data/max2sat/40/90/PROBLEM_040_090_42.cnf,40,90,2.25,0.121791,0.130174,0.9356,0.9889,0.9889,False,False,0
data/max2sat/40/90/PROBLEM_040_090_43.cnf,40,90,2.25,0.1349,0.127004,1.0622,0.9778,0.9778,False,False,0
data/max2sat/40/90/PROBLEM_040_090_44.cnf,40,90,2.25,0.125903,0.122338,1.0291,0.9556,0.9556,False,False,0
data/max2sat/40/90/PROBLEM_040_090_45.cnf,40,90,2.25,0.120907,0.121898,0.9919,0.9556,0.9556,False,False,0
data/max2sat/40/90/PROBLEM_040_090_46.cnf,40,90,2.25,0.12069,0.124917,0.9662,0.9556,0.9556,False,False,0
data/max2sat/40/90/PROBLEM_040_090_47.cnf,40,90,2.25,0.135023,0.127934,1.0554,0.9778,0.9778,False,False,0
data/max2sat/40/90/PROBLEM_040_090_48.cnf,40,90,2.25,0.125922,0.122705,1.0262,1.0,1.0,True,True,0
data/max2sat/40/90/PROBLEM_040_090_49.cnf,40,90,2.25,0.122924,0.121469,1.012,0.9556,0.9556,False,False,0
data/max2sat/40/90/PROBLEM_040_090_50.cnf,40,90,2.25,0.124321,0.120701,1.03,0.9778,0.9778,False,False,0
data/max2sat/50/100/PROBLEM_050_100_01.cnf,50,100,2.0,0.094525,0.090245,1.0474,0.98,0.98,False,False,0
data/max2sat/50/100/PROBLEM_050_100_02.cnf,50,100,2.0,0.081782,0.101375,0.8067,0.97,0.97,False,False,0
data/max2sat/50/100/PROBLEM_050_100_03.cnf,50,100,2.0,0.086203,0.084079,1.0253,0.99,0.99,False,False,0
data/max2sat/50/100/PROBLEM_050_100_04.cnf,50,100,2.0,0.091172,0.101256,0.9004,0.97,0.97,False,False,0
data/max2sat/50/100/PROBLEM_050_100_05.cnf,50,100,2.0,0.163039,0.157079,1.0379,0.99,0.99,False,False,0
data/max2sat/50/100/PROBLEM_050_100_06.cnf,50,100,2.0,0.158132,0.157387,1.0047,0.99,0.99,False,False,0
data/max2sat/50/100/PROBLEM_050_100_07.cnf,50,100,2.0,0.164025,0.178657,0.9181,0.99,0.99,False,False,0
data/max2sat/50/100/PROBLEM_050_100_08.cnf,50,100,2.0,0.169959,0.180596,0.9411,0.97,0.97,False,False,0
data/max2sat/50/100/PROBLEM_050_100_09.cnf,50,100,2.0,0.153797,0.15257,1.008,0.97,0.97,False,False,0
data/max2sat/50/100/PROBLEM_050_100_10.cnf,50,100,2.0,0.157851,0.148922,1.06,0.99,0.99,False,False,0
data/max2sat/50/100/PROBLEM_050_100_11.cnf,50,100,2.0,0.156751,0.155802,1.0061,0.98,0.98,False,False,0
data/max2sat/50/100/PROBLEM_050_100_12.cnf,50,100,2.0,0.15877,0.159629,0.9946,0.98,0.98,False,False,0
data/max2sat/50/100/PROBLEM_050_100_13.cnf,50,100,2.0,0.154626,0.152895,1.0113,0.98,0.98,False,False,0
data/max2sat/50/100/PROBLEM_050_100_14.cnf,50,100,2.0,0.153915,0.153716,1.0013,0.97,0.97,False,False,0
data/max2sat/50/100/PROBLEM_050_100_15.cnf,50,100,2.0,0.15997,0.161185,0.9925,0.98,0.98,False,False,0
data/max2sat/50/100/PROBLEM_050_100_16.cnf,50,100,2.0,0.16192,0.157185,1.0301,0.99,0.99,False,False,0
data/max2sat/50/100/PROBLEM_050_100_17.cnf,50,100,2.0,0.153306,0.15238,1.0061,0.97,0.97,False,False,0
data/max2sat/50/100/PROBLEM_050_100_18.cnf,50,100,2.0,0.152885,0.153911,0.9933,0.99,0.99,False,False,0
data/max2sat/50/100/PROBLEM_050_100_19.cnf,50,100,2.0,0.155271,0.158343,0.9806,0.97,0.97,False,False,0
data/max2sat/50/100/PROBLEM_050_100_20.cnf,50,100,2.0,0.160943,0.160463,1.003,0.98,0.98,False,False,0
data/max2sat/50/100/PROBLEM_050_100_21.cnf,50,100,2.0,0.152088,0.150906,1.0078,0.97,0.97,False,False,0
data/max2sat/50/100/PROBLEM_050_100_22.cnf,50,100,2.0,0.152894,0.151793,1.0073,0.97,0.97,False,False,0
data/max2sat/50/100/PROBLEM_050_100_23.cnf,50,100,2.0,0.152497,0.156074,0.9771,0.98,0.98,False,False,0
data/max2sat/50/100/PROBLEM_050_100_24.cnf,50,100,2.0,0.1599,0.164162,0.974,0.98,0.98,False,False,0
data/max2sat/50/100/PROBLEM_050_100_25.cnf,50,100,2.0,0.161962,0.154402,1.049,0.95,0.95,False,False,0
data/max2sat/50/100/PROBLEM_050_100_26.cnf,50,100,2.0,0.16091,0.149278,1.0779,0.98,0.98,False,False,0
data/max2sat/50/100/PROBLEM_050_100_27.cnf,50,100,2.0,0.158545,0.157902,1.0041,0.99,0.99,False,False,0
data/max2sat/50/100/PROBLEM_050_100_28.cnf,50,100,2.0,0.163878,0.16435,0.9971,0.97,0.97,False,False,0
data/max2sat/50/100/PROBLEM_050_100_29.cnf,50,100,2.0,0.160456,0.152872,1.0496,0.97,0.97,False,False,0
data/max2sat/50/100/PROBLEM_050_100_30.cnf,50,100,2.0,0.164899,0.149916,1.0999,1.0,1.0,True,True,0
data/max2sat/50/100/PROBLEM_050_100_31.cnf,50,100,2.0,0.156266,0.159005,0.9828,0.98,0.98,False,False,0
data/max2sat/50/100/PROBLEM_050_100_32.cnf,50,100,2.0,0.161884,0.15876,1.0197,0.99,0.99,False,False,0
data/max2sat/50/100/PROBLEM_050_100_33.cnf,50,100,2.0,0.151635,0.152534,0.9941,0.98,0.98,False,False,0
data/max2sat/50/100/PROBLEM_050_100_34.cnf,50,100,2.0,0.154929,0.151158,1.0249,0.99,0.99,False,False,0
data/max2sat/50/100/PROBLEM_050_100_35.cnf,50,100,2.0,0.159902,0.161457,0.9904,0.98,0.98,False,False,0
data/max2sat/50/100/PROBLEM_050_100_36.cnf,50,100,2.0,0.16391,0.154887,1.0583,0.95,0.95,False,False,0
data/max2sat/50/100/PROBLEM_050_100_37.cnf,50,100,2.0,0.154478,0.151714,1.0182,0.99,0.99,False,False,0
data/max2sat/50/100/PROBLEM_050_100_38.cnf,50,100,2.0,0.150159,0.152921,0.9819,0.99,0.99,False,False,0
data/max2sat/50/100/PROBLEM_050_100_39.cnf,50,100,2.0,0.160061,0.169001,0.9471,0.98,0.98,False,False,0
data/max2sat/50/100/PROBLEM_050_100_40.cnf,50,100,2.0,0.170904,0.154914,1.1032,0.99,0.99,False,False,0
data/max2sat/50/100/PROBLEM_050_100_41.cnf,50,100,2.0,0.153144,0.151894,1.0082,0.97,0.97,False,False,0
data/max2sat/50/100/PROBLEM_050_100_42.cnf,50,100,2.0,0.151071,0.155491,0.9716,0.99,0.99,False,False,0
data/max2sat/50/100/PROBLEM_050_100_43.cnf,50,100,2.0,0.157085,0.177754,0.8837,0.97,0.97,False,False,0
data/max2sat/50/100/PROBLEM_050_100_44.cnf,50,100,2.0,0.171894,0.161922,1.0616,0.99,0.99,False,False,0
data/max2sat/50/100/PROBLEM_050_100_45.cnf,50,100,2.0,0.150766,0.152079,0.9914,0.99,0.99,False,False,0
data/max2sat/50/100/PROBLEM_050_100_46.cnf,50,100,2.0,0.153684,0.16067,0.9565,0.98,0.98,False,False,0
data/max2sat/50/100/PROBLEM_050_100_47.cnf,50,100,2.0,0.156913,0.163763,0.9582,0.98,0.98,False,False,0
data/max2sat/50/100/PROBLEM_050_100_48.cnf,50,100,2.0,0.168891,0.171933,0.9823,0.99,0.99,False,False,0
data/max2sat/50/100/PROBLEM_050_100_49.cnf,50,100,2.0,0.150892,0.149803,1.0073,0.98,0.98,False,False,0
data/max2sat/50/100/PROBLEM_050_100_50.cnf,50,100,2.0,0.152462,0.155875,0.9781,0.97,0.97,False,False,0
data/max2sat/50/50/PROBLEM_050_050_01.cnf,50,50,1.0,0.086453,0.085333,1.0131,1.0,1.0,True,True,0
data/max2sat/50/50/PROBLEM_050_050_02.cnf,50,50,1.0,0.075478,0.080867,0.9334,1.0,1.0,True,True,0
data/max2sat/50/50/PROBLEM_050_050_03.cnf,50,50,1.0,0.078172,0.07686,1.0171,1.0,1.0,True,True,0
data/max2sat/50/50/PROBLEM_050_050_04.cnf,50,50,1.0,0.095168,0.087102,1.0926,1.0,1.0,True,True,0
data/max2sat/50/50/PROBLEM_050_050_05.cnf,50,50,1.0,0.143338,0.144951,0.9889,1.0,1.0,True,True,0
data/max2sat/50/50/PROBLEM_050_050_06.cnf,50,50,1.0,0.144328,0.144845,0.9964,1.0,1.0,True,True,0
data/max2sat/50/50/PROBLEM_050_050_07.cnf,50,50,1.0,0.148149,0.148831,0.9954,1.0,1.0,True,True,0
data/max2sat/50/50/PROBLEM_050_050_08.cnf,50,50,1.0,0.174145,0.161983,1.0751,1.0,1.0,True,True,0
data/max2sat/50/50/PROBLEM_050_050_09.cnf,50,50,1.0,0.137085,0.138814,0.9875,1.0,1.0,True,True,0
data/max2sat/50/50/PROBLEM_050_050_10.cnf,50,50,1.0,0.137454,0.135805,1.0121,1.0,1.0,True,True,0
data/max2sat/50/50/PROBLEM_050_050_11.cnf,50,50,1.0,0.139915,0.136053,1.0284,1.0,1.0,True,True,0
data/max2sat/50/50/PROBLEM_050_050_12.cnf,50,50,1.0,0.157915,0.146658,1.0768,1.0,1.0,True,True,0
data/max2sat/50/50/PROBLEM_050_050_13.cnf,50,50,1.0,0.136722,0.137386,0.9952,1.0,1.0,True,True,0
data/max2sat/50/50/PROBLEM_050_050_14.cnf,50,50,1.0,0.138742,0.136591,1.0157,1.0,1.0,True,True,0
data/max2sat/50/50/PROBLEM_050_050_15.cnf,50,50,1.0,0.139916,0.134894,1.0372,1.0,1.0,True,True,0
data/max2sat/50/50/PROBLEM_050_050_16.cnf,50,50,1.0,0.156901,0.144744,1.084,1.0,1.0,True,True,0
data/max2sat/50/50/PROBLEM_050_050_17.cnf,50,50,1.0,0.135706,0.135889,0.9987,1.0,1.0,True,True,0
data/max2sat/50/50/PROBLEM_050_050_18.cnf,50,50,1.0,0.139772,0.139046,1.0052,1.0,1.0,True,True,0
data/max2sat/50/50/PROBLEM_050_050_19.cnf,50,50,1.0,0.139891,0.135771,1.0303,1.0,1.0,True,True,0
data/max2sat/50/50/PROBLEM_050_050_20.cnf,50,50,1.0,0.15589,0.144912,1.0758,1.0,1.0,True,True,0
data/max2sat/50/50/PROBLEM_050_050_21.cnf,50,50,1.0,0.135897,0.136103,0.9985,1.0,1.0,True,True,0
data/max2sat/50/50/PROBLEM_050_050_22.cnf,50,50,1.0,0.138134,0.139344,0.9913,1.0,1.0,True,True,0
data/max2sat/50/50/PROBLEM_050_050_23.cnf,50,50,1.0,0.139007,0.139381,0.9973,1.0,1.0,True,True,0
data/max2sat/50/50/PROBLEM_050_050_24.cnf,50,50,1.0,0.150906,0.144901,1.0414,1.0,1.0,True,True,0
data/max2sat/50/50/PROBLEM_050_050_25.cnf,50,50,1.0,0.1369,0.136895,1.0,1.0,1.0,True,True,0
data/max2sat/50/50/PROBLEM_050_050_26.cnf,50,50,1.0,0.135105,0.134916,1.0014,1.0,1.0,True,True,0
data/max2sat/50/50/PROBLEM_050_050_27.cnf,50,50,1.0,0.137063,0.136872,1.0014,1.0,1.0,True,True,0
data/max2sat/50/50/PROBLEM_050_050_28.cnf,50,50,1.0,0.152116,0.148895,1.0216,1.0,1.0,True,True,0
data/max2sat/50/50/PROBLEM_050_050_29.cnf,50,50,1.0,0.13592,0.139093,0.9772,1.0,1.0,True,True,0
data/max2sat/50/50/PROBLEM_050_050_30.cnf,50,50,1.0,0.136619,0.135004,1.012,1.0,1.0,True,True,0
data/max2sat/50/50/PROBLEM_050_050_31.cnf,50,50,1.0,0.133937,0.151605,0.8835,1.0,1.0,True,True,0
data/max2sat/50/50/PROBLEM_050_050_32.cnf,50,50,1.0,0.139898,0.157728,0.887,1.0,1.0,True,True,0
data/max2sat/50/50/PROBLEM_050_050_33.cnf,50,50,1.0,0.143337,0.140361,1.0212,1.0,1.0,True,True,0
data/max2sat/50/50/PROBLEM_050_050_34.cnf,50,50,1.0,0.140836,0.138501,1.0169,1.0,1.0,True,True,0
data/max2sat/50/50/PROBLEM_050_050_35.cnf,50,50,1.0,0.134749,0.18083,0.7452,1.0,1.0,True,True,0
data/max2sat/50/50/PROBLEM_050_050_36.cnf,50,50,1.0,0.139657,0.157091,0.889,1.0,1.0,True,True,0
data/max2sat/50/50/PROBLEM_050_050_37.cnf,50,50,1.0,0.142932,0.136733,1.0453,1.0,1.0,True,True,0
data/max2sat/50/50/PROBLEM_050_050_38.cnf,50,50,1.0,0.141736,0.134862,1.051,1.0,1.0,True,True,0
data/max2sat/50/50/PROBLEM_050_050_39.cnf,50,50,1.0,0.142689,0.169816,0.8403,1.0,1.0,True,True,0
data/max2sat/50/50/PROBLEM_050_050_40.cnf,50,50,1.0,0.140056,0.163149,0.8585,1.0,1.0,True,True,0
data/max2sat/50/50/PROBLEM_050_050_41.cnf,50,50,1.0,0.141056,0.134355,1.0499,1.0,1.0,True,True,0
data/max2sat/50/50/PROBLEM_050_050_42.cnf,50,50,1.0,0.151081,0.144322,1.0468,1.0,1.0,True,True,0
data/max2sat/50/50/PROBLEM_050_050_43.cnf,50,50,1.0,0.142028,0.139997,1.0145,1.0,1.0,True,True,0
data/max2sat/50/50/PROBLEM_050_050_44.cnf,50,50,1.0,0.137139,0.142766,0.9606,1.0,1.0,True,True,0
data/max2sat/50/50/PROBLEM_050_050_45.cnf,50,50,1.0,0.135167,0.153786,0.8789,1.0,1.0,True,True,0
data/max2sat/50/50/PROBLEM_050_050_46.cnf,50,50,1.0,0.140996,0.149013,0.9462,1.0,1.0,True,True,0
data/max2sat/50/50/PROBLEM_050_050_47.cnf,50,50,1.0,0.15494,0.137136,1.1298,1.0,1.0,True,True,0
data/max2sat/50/50/PROBLEM_050_050_48.cnf,50,50,1.0,0.134743,0.133731,1.0076,1.0,1.0,True,True,0
data/max2sat/50/50/PROBLEM_050_050_49.cnf,50,50,1.0,0.136847,0.14326,0.9552,1.0,1.0,True,True,0
data/max2sat/50/50/PROBLEM_050_050_50.cnf,50,50,1.0,0.139595,0.1395,1.0007,1.0,1.0,True,True,0
data/max2sat/50/60/PROBLEM_050_060_01.cnf,50,60,1.2,0.095655,0.101783,0.9398,1.0,1.0,True,True,0
data/max2sat/50/60/PROBLEM_050_060_02.cnf,50,60,1.2,0.076448,0.095654,0.7992,1.0,1.0,True,True,0
data/max2sat/50/60/PROBLEM_050_060_03.cnf,50,60,1.2,0.079967,0.08028,0.9961,1.0,1.0,True,True,0
data/max2sat/50/60/PROBLEM_050_060_04.cnf,50,60,1.2,0.077416,0.080379,0.9631,1.0,1.0,True,True,0
data/max2sat/50/60/PROBLEM_050_060_05.cnf,50,60,1.2,0.148565,0.187433,0.7926,1.0,1.0,True,True,0
data/max2sat/50/60/PROBLEM_050_060_06.cnf,50,60,1.2,0.148436,0.154535,0.9605,1.0,1.0,True,True,0
data/max2sat/50/60/PROBLEM_050_060_07.cnf,50,60,1.2,0.158538,0.173803,0.9122,1.0,1.0,True,True,0
data/max2sat/50/60/PROBLEM_050_060_08.cnf,50,60,1.2,0.161396,0.179916,0.8971,1.0,1.0,True,True,0
data/max2sat/50/60/PROBLEM_050_060_09.cnf,50,60,1.2,0.147244,0.14482,1.0167,0.9833,0.9833,False,False,0
data/max2sat/50/60/PROBLEM_050_060_10.cnf,50,60,1.2,0.145054,0.164368,0.8825,0.9833,0.9833,False,False,0
data/max2sat/50/60/PROBLEM_050_060_11.cnf,50,60,1.2,0.163375,0.175452,0.9312,1.0,1.0,True,True,0
data/max2sat/50/60/PROBLEM_050_060_12.cnf,50,60,1.2,0.150435,0.181103,0.8307,1.0,1.0,True,True,0
data/max2sat/50/60/PROBLEM_050_060_13.cnf,50,60,1.2,0.145718,0.143835,1.0131,1.0,1.0,True,True,0
data/max2sat/50/60/PROBLEM_050_060_14.cnf,50,60,1.2,0.148816,0.142569,1.0438,1.0,1.0,True,True,0
data/max2sat/50/60/PROBLEM_050_060_15.cnf,50,60,1.2,0.148768,0.16839,0.8835,1.0,1.0,True,True,0
data/max2sat/50/60/PROBLEM_050_060_16.cnf,50,60,1.2,0.164912,0.162105,1.0173,1.0,1.0,True,True,0
data/max2sat/50/60/PROBLEM_050_060_17.cnf,50,60,1.2,0.143591,0.14312,1.0033,1.0,1.0,True,True,0
data/max2sat/50/60/PROBLEM_050_060_18.cnf,50,60,1.2,0.141709,0.141514,1.0014,1.0,1.0,True,True,0
data/max2sat/50/60/PROBLEM_050_060_19.cnf,50,60,1.2,0.143984,0.168182,0.8561,1.0,1.0,True,True,0
data/max2sat/50/60/PROBLEM_050_060_20.cnf,50,60,1.2,0.164913,0.144564,1.1408,1.0,1.0,True,True,0
data/max2sat/50/60/PROBLEM_050_060_21.cnf,50,60,1.2,0.143709,0.143944,0.9984,1.0,1.0,True,True,0
data/max2sat/50/60/PROBLEM_050_060_22.cnf,50,60,1.2,0.141038,0.140819,1.0016,1.0,1.0,True,True,0
data/max2sat/50/60/PROBLEM_050_060_23.cnf,50,60,1.2,0.142907,0.164285,0.8699,1.0,1.0,True,True,0
data/max2sat/50/60/PROBLEM_050_060_24.cnf,50,60,1.2,0.157952,0.167738,0.9417,1.0,1.0,True,True,0
data/max2sat/50/60/PROBLEM_050_060_25.cnf,50,60,1.2,0.141738,0.143887,0.9851,0.9833,0.9833,False,False,0
data/max2sat/50/60/PROBLEM_050_060_26.cnf,50,60,1.2,0.145518,0.158289,0.9193,1.0,1.0,True,True,0
data/max2sat/50/60/PROBLEM_050_060_27.cnf,50,60,1.2,0.143812,0.159897,0.8994,1.0,1.0,True,True,0
data/max2sat/50/60/PROBLEM_050_060_28.cnf,50,60,1.2,0.1509,0.14484,1.0418,1.0,1.0,True,True,0
data/max2sat/50/60/PROBLEM_050_060_29.cnf,50,60,1.2,0.14012,0.147851,0.9477,1.0,1.0,True,True,0
data/max2sat/50/60/PROBLEM_050_060_30.cnf,50,60,1.2,0.145651,0.163967,0.8883,1.0,1.0,True,True,0
data/max2sat/50/60/PROBLEM_050_060_31.cnf,50,60,1.2,0.142955,0.13789,1.0367,1.0,1.0,True,True,0
data/max2sat/50/60/PROBLEM_050_060_32.cnf,50,60,1.2,0.149841,0.143154,1.0467,1.0,1.0,True,True,0
data/max2sat/50/60/PROBLEM_050_060_33.cnf,50,60,1.2,0.141896,0.150067,0.9456,1.0,1.0,True,True,0
data/max2sat/50/60/PROBLEM_050_060_34.cnf,50,60,1.2,0.144482,0.153514,0.9412,1.0,1.0,True,True,0
data/max2sat/50/60/PROBLEM_050_060_35.cnf,50,60,1.2,0.139696,0.140886,0.9916,1.0,1.0,True,True,0
data/max2sat/50/60/PROBLEM_050_060_36.cnf,50,60,1.2,0.149831,0.147024,1.0191,1.0,1.0,True,True,0
data/max2sat/50/60/PROBLEM_050_060_37.cnf,50,60,1.2,0.14021,0.147888,0.9481,1.0,1.0,True,True,0
data/max2sat/50/60/PROBLEM_050_060_38.cnf,50,60,1.2,0.140991,0.145911,0.9663,1.0,1.0,True,True,0
data/max2sat/50/60/PROBLEM_050_060_39.cnf,50,60,1.2,0.141845,0.1429,0.9926,1.0,1.0,True,True,0
data/max2sat/50/60/PROBLEM_050_060_40.cnf,50,60,1.2,0.156646,0.145414,1.0772,1.0,1.0,True,True,0
data/max2sat/50/60/PROBLEM_050_060_41.cnf,50,60,1.2,0.139214,0.13925,0.9997,1.0,1.0,True,True,0
data/max2sat/50/60/PROBLEM_050_060_42.cnf,50,60,1.2,0.140905,0.142243,0.9906,1.0,1.0,True,True,0
data/max2sat/50/60/PROBLEM_050_060_43.cnf,50,60,1.2,0.144113,0.142905,1.0085,1.0,1.0,True,True,0
data/max2sat/50/60/PROBLEM_050_060_44.cnf,50,60,1.2,0.156586,0.147104,1.0645,1.0,1.0,True,True,0
data/max2sat/50/60/PROBLEM_050_060_45.cnf,50,60,1.2,0.147593,0.139904,1.055,1.0,1.0,True,True,0
data/max2sat/50/60/PROBLEM_050_060_46.cnf,50,60,1.2,0.142007,0.143896,0.9869,1.0,1.0,True,True,0
data/max2sat/50/60/PROBLEM_050_060_47.cnf,50,60,1.2,0.141905,0.143896,0.9862,1.0,1.0,True,True,0
data/max2sat/50/60/PROBLEM_050_060_48.cnf,50,60,1.2,0.1506,0.153093,0.9837,1.0,1.0,True,True,0
data/max2sat/50/60/PROBLEM_050_060_49.cnf,50,60,1.2,0.148269,0.146282,1.0136,1.0,1.0,True,True,0
data/max2sat/50/60/PROBLEM_050_060_50.cnf,50,60,1.2,0.143136,0.143526,0.9973,1.0,1.0,True,True,0
data/max2sat/50/70/PROBLEM_050_070_01.cnf,50,70,1.4,0.091533,0.093001,0.9842,0.9857,0.9857,False,False,0
data/max2sat/50/70/PROBLEM_050_070_02.cnf,50,70,1.4,0.079236,0.093569,0.8468,1.0,1.0,True,True,0
data/max2sat/50/70/PROBLEM_050_070_03.cnf,50,70,1.4,0.085641,0.084896,1.0088,1.0,1.0,True,True,0
data/max2sat/50/70/PROBLEM_050_070_04.cnf,50,70,1.4,0.092514,0.085054,1.0877,1.0,1.0,True,True,0
data/max2sat/50/70/PROBLEM_050_070_05.cnf,50,70,1.4,0.151551,0.157069,0.9649,1.0,1.0,True,True,0
data/max2sat/50/70/PROBLEM_050_070_06.cnf,50,70,1.4,0.156181,0.157159,0.9938,1.0,1.0,True,True,0
data/max2sat/50/70/PROBLEM_050_070_07.cnf,50,70,1.4,0.161481,0.158434,1.0192,1.0,1.0,True,True,0
data/max2sat/50/70/PROBLEM_050_070_08.cnf,50,70,1.4,0.17361,0.17481,0.9931,1.0,1.0,True,True,0
data/max2sat/50/70/PROBLEM_050_070_09.cnf,50,70,1.4,0.145217,0.144992,1.0016,1.0,1.0,True,True,0
data/max2sat/50/70/PROBLEM_050_070_10.cnf,50,70,1.4,0.156828,0.146867,1.0678,0.9857,0.9857,False,False,0
data/max2sat/50/70/PROBLEM_050_070_11.cnf,50,70,1.4,0.151487,0.14549,1.0412,1.0,1.0,True,True,0
data/max2sat/50/70/PROBLEM_050_070_12.cnf,50,70,1.4,0.158637,0.157249,1.0088,1.0,1.0,True,True,0
data/max2sat/50/70/PROBLEM_050_070_13.cnf,50,70,1.4,0.145749,0.146877,0.9923,1.0,1.0,True,True,0
data/max2sat/50/70/PROBLEM_050_070_14.cnf,50,70,1.4,0.16012,0.14623,1.095,0.9857,0.9857,False,False,0
data/max2sat/50/70/PROBLEM_050_070_15.cnf,50,70,1.4,0.152044,0.146065,1.0409,1.0,1.0,True,True,0
data/max2sat/50/70/PROBLEM_050_070_16.cnf,50,70,1.4,0.15366,0.154952,0.9917,0.9857,0.9857,False,False,0
data/max2sat/50/70/PROBLEM_050_070_17.cnf,50,70,1.4,0.147767,0.148481,0.9952,1.0,1.0,True,True,0
data/max2sat/50/70/PROBLEM_050_070_18.cnf,50,70,1.4,0.150656,0.147168,1.0237,1.0,1.0,True,True,0
data/max2sat/50/70/PROBLEM_050_070_19.cnf,50,70,1.4,0.160036,0.149782,1.0685,1.0,1.0,True,True,0
data/max2sat/50/70/PROBLEM_050_070_20.cnf,50,70,1.4,0.151817,0.154896,0.9801,0.9857,0.9857,False,False,0
data/max2sat/50/70/PROBLEM_050_070_21.cnf,50,70,1.4,0.146889,0.146213,1.0046,1.0,1.0,True,True,0
data/max2sat/50/70/PROBLEM_050_070_22.cnf,50,70,1.4,0.146083,0.147238,0.9922,1.0,1.0,True,True,0
data/max2sat/50/70/PROBLEM_050_070_23.cnf,50,70,1.4,0.156899,0.151679,1.0344,1.0,1.0,True,True,0
data/max2sat/50/70/PROBLEM_050_070_24.cnf,50,70,1.4,0.149961,0.150881,0.9939,1.0,1.0,True,True,0
data/max2sat/50/70/PROBLEM_050_070_25.cnf,50,70,1.4,0.14489,0.148341,0.9767,1.0,1.0,True,True,0
data/max2sat/50/70/PROBLEM_050_070_26.cnf,50,70,1.4,0.146673,0.147452,0.9947,1.0,1.0,True,True,0
data/max2sat/50/70/PROBLEM_050_070_27.cnf,50,70,1.4,0.152067,0.153913,0.988,1.0,1.0,True,True,0
data/max2sat/50/70/PROBLEM_050_070_28.cnf,50,70,1.4,0.150147,0.147899,1.0152,1.0,1.0,True,True,0
data/max2sat/50/70/PROBLEM_050_070_29.cnf,50,70,1.4,0.145888,0.146907,0.9931,1.0,1.0,True,True,0
data/max2sat/50/70/PROBLEM_050_070_30.cnf,50,70,1.4,0.147964,0.147729,1.0016,1.0,1.0,True,True,0
data/max2sat/50/70/PROBLEM_050_070_31.cnf,50,70,1.4,0.151011,0.154954,0.9746,1.0,1.0,True,True,0
data/max2sat/50/70/PROBLEM_050_070_32.cnf,50,70,1.4,0.150848,0.148904,1.0131,1.0,1.0,True,True,0
data/max2sat/50/70/PROBLEM_050_070_33.cnf,50,70,1.4,0.145907,0.145536,1.0025,0.9714,0.9714,False,False,0
data/max2sat/50/70/PROBLEM_050_070_34.cnf,50,70,1.4,0.146404,0.145613,1.0054,1.0,1.0,True,True,0
data/max2sat/50/70/PROBLEM_050_070_35.cnf,50,70,1.4,0.153905,0.151969,1.0127,1.0,1.0,True,True,0
data/max2sat/50/70/PROBLEM_050_070_36.cnf,50,70,1.4,0.152897,0.146912,1.0407,1.0,1.0,True,True,0
data/max2sat/50/70/PROBLEM_050_070_37.cnf,50,70,1.4,0.146906,0.147824,0.9938,1.0,1.0,True,True,0
data/max2sat/50/70/PROBLEM_050_070_38.cnf,50,70,1.4,0.146298,0.144395,1.0132,1.0,1.0,True,True,0
data/max2sat/50/70/PROBLEM_050_070_39.cnf,50,70,1.4,0.159794,0.149854,1.0663,1.0,1.0,True,True,0
data/max2sat/50/70/PROBLEM_050_070_40.cnf,50,70,1.4,0.153921,0.144889,1.0623,1.0,1.0,True,True,0
data/max2sat/50/70/PROBLEM_050_070_41.cnf,50,70,1.4,0.146902,0.145222,1.0116,1.0,1.0,True,True,0
data/max2sat/50/70/PROBLEM_050_070_42.cnf,50,70,1.4,0.147697,0.146746,1.0065,1.0,1.0,True,True,0
data/max2sat/50/70/PROBLEM_050_070_43.cnf,50,70,1.4,0.154915,0.14984,1.0339,1.0,1.0,True,True,0
data/max2sat/50/70/PROBLEM_050_070_44.cnf,50,70,1.4,0.155011,0.144901,1.0698,1.0,1.0,True,True,0
data/max2sat/50/70/PROBLEM_050_070_45.cnf,50,70,1.4,0.146902,0.147704,0.9946,1.0,1.0,True,True,0
data/max2sat/50/70/PROBLEM_050_070_46.cnf,50,70,1.4,0.145403,0.143975,1.0099,1.0,1.0,True,True,0
data/max2sat/50/70/PROBLEM_050_070_47.cnf,50,70,1.4,0.151276,0.150902,1.0025,1.0,1.0,True,True,0
data/max2sat/50/70/PROBLEM_050_070_48.cnf,50,70,1.4,0.156144,0.143033,1.0917,1.0,1.0,True,True,0
data/max2sat/50/70/PROBLEM_050_070_49.cnf,50,70,1.4,0.144269,0.141847,1.0171,0.9857,0.9857,False,False,0
data/max2sat/50/70/PROBLEM_050_070_50.cnf,50,70,1.4,0.144475,0.144826,0.9976,1.0,1.0,True,True,0
data/max2sat/50/80/PROBLEM_050_080_01.cnf,50,80,1.6,0.102501,0.094191,1.0882,0.9875,0.9875,False,False,0
data/max2sat/50/80/PROBLEM_050_080_02.cnf,50,80,1.6,0.080537,0.089452,0.9003,0.9875,0.9875,False,False,0
data/max2sat/50/80/PROBLEM_050_080_03.cnf,50,80,1.6,0.08149,0.088635,0.9194,1.0,1.0,True,True,0
data/max2sat/50/80/PROBLEM_050_080_04.cnf,50,80,1.6,0.088306,0.085439,1.0336,0.9875,0.9875,False,False,0
data/max2sat/50/80/PROBLEM_050_080_05.cnf,50,80,1.6,0.157543,0.159462,0.988,0.975,0.975,False,False,0
data/max2sat/50/80/PROBLEM_050_080_06.cnf,50,80,1.6,0.156066,0.15956,0.9781,0.9875,0.9875,False,False,0
data/max2sat/50/80/PROBLEM_050_080_07.cnf,50,80,1.6,0.165294,0.167006,0.9897,0.9875,0.9875,False,False,0
data/max2sat/50/80/PROBLEM_050_080_08.cnf,50,80,1.6,0.172281,0.166174,1.0368,1.0,1.0,True,True,0
data/max2sat/50/80/PROBLEM_050_080_09.cnf,50,80,1.6,0.151707,0.148938,1.0186,1.0,1.0,True,True,0
data/max2sat/50/80/PROBLEM_050_080_10.cnf,50,80,1.6,0.153136,0.148812,1.0291,1.0,1.0,True,True,0
data/max2sat/50/80/PROBLEM_050_080_11.cnf,50,80,1.6,0.155948,0.157396,0.9908,0.9875,0.9875,False,False,0
data/max2sat/50/80/PROBLEM_050_080_12.cnf,50,80,1.6,0.160651,0.151927,1.0574,0.9875,0.9875,False,False,0
data/max2sat/50/80/PROBLEM_050_080_13.cnf,50,80,1.6,0.149129,0.149107,1.0001,1.0,1.0,True,True,0
data/max2sat/50/80/PROBLEM_050_080_14.cnf,50,80,1.6,0.156727,0.148741,1.0537,0.9875,0.9875,False,False,0
data/max2sat/50/80/PROBLEM_050_080_15.cnf,50,80,1.6,0.153889,0.149373,1.0302,1.0,1.0,True,True,0
data/max2sat/50/80/PROBLEM_050_080_16.cnf,50,80,1.6,0.157601,0.158326,0.9954,1.0,1.0,True,True,0
data/max2sat/50/80/PROBLEM_050_080_17.cnf,50,80,1.6,0.147898,0.147171,1.0049,0.9875,0.9875,False,False,0
data/max2sat/50/80/PROBLEM_050_080_18.cnf,50,80,1.6,0.160223,0.149958,1.0685,0.9875,0.9875,False,False,0
data/max2sat/50/80/PROBLEM_050_080_19.cnf,50,80,1.6,0.150441,0.153905,0.9775,1.0,1.0,True,True,0
data/max2sat/50/80/PROBLEM_050_080_20.cnf,50,80,1.6,0.159078,0.156225,1.0183,1.0,1.0,True,True,0
data/max2sat/50/80/PROBLEM_050_080_21.cnf,50,80,1.6,0.148896,0.149944,0.993,0.9875,0.9875,False,False,0
data/max2sat/50/80/PROBLEM_050_080_22.cnf,50,80,1.6,0.153843,0.149593,1.0284,0.9875,0.9875,False,False,0
data/max2sat/50/80/PROBLEM_050_080_23.cnf,50,80,1.6,0.151912,0.157264,0.966,1.0,1.0,True,True,0
data/max2sat/50/80/PROBLEM_050_080_24.cnf,50,80,1.6,0.159327,0.152891,1.0421,1.0,1.0,True,True,0
data/max2sat/50/80/PROBLEM_050_080_25.cnf,50,80,1.6,0.14789,0.149561,0.9888,1.0,1.0,True,True,0
data/max2sat/50/80/PROBLEM_050_080_26.cnf,50,80,1.6,0.149216,0.151748,0.9833,1.0,1.0,True,True,0
data/max2sat/50/80/PROBLEM_050_080_27.cnf,50,80,1.6,0.152178,0.159045,0.9568,0.975,0.975,False,False,0
data/max2sat/50/80/PROBLEM_050_080_28.cnf,50,80,1.6,0.15452,0.152143,1.0156,1.0,1.0,True,True,0
data/max2sat/50/80/PROBLEM_050_080_29.cnf,50,80,1.6,0.147898,0.146905,1.0068,1.0,1.0,True,True,0
data/max2sat/50/80/PROBLEM_050_080_30.cnf,50,80,1.6,0.153914,0.153595,1.0021,0.9875,0.9875,False,False,0
data/max2sat/50/80/PROBLEM_050_080_31.cnf,50,80,1.6,0.147816,0.155776,0.9489,1.0,1.0,True,True,0
data/max2sat/50/80/PROBLEM_050_080_32.cnf,50,80,1.6,0.153784,0.154798,0.9934,1.0,1.0,True,True,0
data/max2sat/50/80/PROBLEM_050_080_33.cnf,50,80,1.6,0.147898,0.147888,1.0001,1.0,1.0,True,True,0
data/max2sat/50/80/PROBLEM_050_080_34.cnf,50,80,1.6,0.149941,0.148909,1.0069,0.9875,0.9875,False,False,0
data/max2sat/50/80/PROBLEM_050_080_35.cnf,50,80,1.6,0.149921,0.149703,1.0015,0.9875,0.9875,False,False,0
data/max2sat/50/80/PROBLEM_050_080_36.cnf,50,80,1.6,0.157382,0.15599,1.0089,1.0,1.0,True,True,0
data/max2sat/50/80/PROBLEM_050_080_37.cnf,50,80,1.6,0.148895,0.147889,1.0068,0.975,0.975,False,False,0
data/max2sat/50/80/PROBLEM_050_080_38.cnf,50,80,1.6,0.148234,0.145892,1.0161,1.0,1.0,True,True,0
data/max2sat/50/80/PROBLEM_050_080_39.cnf,50,80,1.6,0.151843,0.149454,1.016,1.0,1.0,True,True,0
data/max2sat/50/80/PROBLEM_050_080_40.cnf,50,80,1.6,0.157898,0.154025,1.0251,1.0,1.0,True,True,0
data/max2sat/50/80/PROBLEM_050_080_41.cnf,50,80,1.6,0.148903,0.14589,1.0207,1.0,1.0,True,True,0
data/max2sat/50/80/PROBLEM_050_080_42.cnf,50,80,1.6,0.150112,0.146917,1.0217,1.0,1.0,True,True,0
data/max2sat/50/80/PROBLEM_050_080_43.cnf,50,80,1.6,0.155901,0.150897,1.0332,1.0,1.0,True,True,0
data/max2sat/50/80/PROBLEM_050_080_44.cnf,50,80,1.6,0.159904,0.163709,0.9768,1.0,1.0,True,True,0
data/max2sat/50/80/PROBLEM_050_080_45.cnf,50,80,1.6,0.149901,0.147535,1.016,0.9875,0.9875,False,False,0
data/max2sat/50/80/PROBLEM_050_080_46.cnf,50,80,1.6,0.151099,0.146377,1.0323,1.0,1.0,True,True,0
data/max2sat/50/80/PROBLEM_050_080_47.cnf,50,80,1.6,0.156911,0.151648,1.0347,0.9875,0.9875,False,False,0
data/max2sat/50/80/PROBLEM_050_080_48.cnf,50,80,1.6,0.160138,0.182324,0.8783,0.9875,0.9875,False,False,0
data/max2sat/50/80/PROBLEM_050_080_49.cnf,50,80,1.6,0.148877,0.1473,1.0107,1.0,1.0,True,True,0
data/max2sat/50/80/PROBLEM_050_080_50.cnf,50,80,1.6,0.146887,0.145082,1.0124,0.9875,0.9875,False,False,0
data/max2sat/50/90/PROBLEM_050_090_01.cnf,50,90,1.8,0.094278,0.091115,1.0347,0.9889,0.9889,False,False,0
data/max2sat/50/90/PROBLEM_050_090_02.cnf,50,90,1.8,0.084435,0.09178,0.92,0.9889,0.9889,False,False,0
data/max2sat/50/90/PROBLEM_050_090_03.cnf,50,90,1.8,0.086419,0.084777,1.0194,0.9778,0.9778,False,False,0
data/max2sat/50/90/PROBLEM_050_090_04.cnf,50,90,1.8,0.098418,0.098805,0.9961,0.9778,0.9778,False,False,0
data/max2sat/50/90/PROBLEM_050_090_05.cnf,50,90,1.8,0.158749,0.159657,0.9943,0.9889,0.9889,False,False,0
data/max2sat/50/90/PROBLEM_050_090_06.cnf,50,90,1.8,0.163399,0.163009,1.0024,0.9889,0.9889,False,False,0
data/max2sat/50/90/PROBLEM_050_090_07.cnf,50,90,1.8,0.161515,0.167645,0.9634,0.9889,0.9889,False,False,0
data/max2sat/50/90/PROBLEM_050_090_08.cnf,50,90,1.8,0.181398,0.18215,0.9959,0.9889,0.9889,False,False,0
data/max2sat/50/90/PROBLEM_050_090_09.cnf,50,90,1.8,0.154078,0.152846,1.0081,0.9889,0.9889,False,False,0
data/max2sat/50/90/PROBLEM_050_090_10.cnf,50,90,1.8,0.152982,0.153786,0.9948,0.9667,0.9667,False,False,0
data/max2sat/50/90/PROBLEM_050_090_11.cnf,50,90,1.8,0.155957,0.148909,1.0473,1.0,1.0,True,True,0
data/max2sat/50/90/PROBLEM_050_090_12.cnf,50,90,1.8,0.161904,0.162852,0.9942,0.9889,0.9889,False,False,0
data/max2sat/50/90/PROBLEM_050_090_13.cnf,50,90,1.8,0.156015,0.150895,1.0339,0.9889,0.9889,False,False,0
data/max2sat/50/90/PROBLEM_050_090_14.cnf,50,90,1.8,0.148922,0.147967,1.0065,0.9778,0.9778,False,False,0
data/max2sat/50/90/PROBLEM_050_090_15.cnf,50,90,1.8,0.15963,0.148007,1.0785,0.9667,0.9667,False,False,0
data/max2sat/50/90/PROBLEM_050_090_16.cnf,50,90,1.8,0.155899,0.161377,0.9661,0.9778,0.9778,False,False,0
data/max2sat/50/90/PROBLEM_050_090_17.cnf,50,90,1.8,0.149596,0.149891,0.998,0.9889,0.9889,False,False,0
data/max2sat/50/90/PROBLEM_050_090_18.cnf,50,90,1.8,0.157909,0.149409,1.0569,0.9889,0.9889,False,False,0
data/max2sat/50/90/PROBLEM_050_090_19.cnf,50,90,1.8,0.158156,0.146949,1.0763,1.0,1.0,True,True,0
data/max2sat/50/90/PROBLEM_050_090_20.cnf,50,90,1.8,0.154264,0.161808,0.9534,0.9889,0.9889,False,False,0
data/max2sat/50/90/PROBLEM_050_090_21.cnf,50,90,1.8,0.148238,0.148893,0.9956,0.9889,0.9889,False,False,0
data/max2sat/50/90/PROBLEM_050_090_22.cnf,50,90,1.8,0.152462,0.150463,1.0133,0.9778,0.9778,False,False,0
data/max2sat/50/90/PROBLEM_050_090_23.cnf,50,90,1.8,0.157187,0.148009,1.062,0.9889,0.9889,False,False,0
data/max2sat/50/90/PROBLEM_050_090_24.cnf,50,90,1.8,0.153143,0.160898,0.9518,0.9778,0.9778,False,False,0
data/max2sat/50/90/PROBLEM_050_090_25.cnf,50,90,1.8,0.147896,0.149903,0.9866,0.9889,0.9889,False,False,0
data/max2sat/50/90/PROBLEM_050_090_26.cnf,50,90,1.8,0.149997,0.1481,1.0128,0.9889,0.9889,False,False,0
data/max2sat/50/90/PROBLEM_050_090_27.cnf,50,90,1.8,0.173844,0.149655,1.1616,0.9889,0.9889,False,False,0
data/max2sat/50/90/PROBLEM_050_090_28.cnf,50,90,1.8,0.156642,0.160638,0.9751,0.9889,0.9889,False,False,0
data/max2sat/50/90/PROBLEM_050_090_29.cnf,50,90,1.8,0.150483,0.149184,1.0087,0.9778,0.9778,False,False,0
data/max2sat/50/90/PROBLEM_050_090_30.cnf,50,90,1.8,0.156904,0.148738,1.0549,1.0,1.0,True,True,0
data/max2sat/50/90/PROBLEM_050_090_31.cnf,50,90,1.8,0.172994,0.149694,1.1557,1.0,1.0,True,True,0
data/max2sat/50/90/PROBLEM_050_090_32.cnf,50,90,1.8,0.168434,0.159891,1.0534,0.9667,0.9667,False,False,0
data/max2sat/50/90/PROBLEM_050_090_33.cnf,50,90,1.8,0.15189,0.148934,1.0198,0.9667,0.9667,False,False,0
data/max2sat/50/90/PROBLEM_050_090_34.cnf,50,90,1.8,0.153181,0.153727,0.9964,0.9889,0.9889,False,False,0
data/max2sat/50/90/PROBLEM_050_090_35.cnf,50,90,1.8,0.160798,0.148983,1.0793,0.9556,0.9556,False,False,0
data/max2sat/50/90/PROBLEM_050_090_36.cnf,50,90,1.8,0.16778,0.16018,1.0474,0.9889,0.9889,False,False,0
data/max2sat/50/90/PROBLEM_050_090_37.cnf,50,90,1.8,0.150843,0.151603,0.995,1.0,1.0,True,True,0
data/max2sat/50/90/PROBLEM_050_090_38.cnf,50,90,1.8,0.151018,0.154368,0.9783,0.9889,0.9889,False,False,0
data/max2sat/50/90/PROBLEM_050_090_39.cnf,50,90,1.8,0.157811,0.151073,1.0446,1.0,1.0,True,True,0
data/max2sat/50/90/PROBLEM_050_090_40.cnf,50,90,1.8,0.168118,0.161898,1.0384,0.9778,0.9778,False,False,0
data/max2sat/50/90/PROBLEM_050_090_41.cnf,50,90,1.8,0.150889,0.150858,1.0002,0.9889,0.9889,False,False,0
data/max2sat/50/90/PROBLEM_050_090_42.cnf,50,90,1.8,0.152213,0.150871,1.0089,1.0,1.0,True,True,0
data/max2sat/50/90/PROBLEM_050_090_43.cnf,50,90,1.8,0.158892,0.150859,1.0532,0.9889,0.9889,False,False,0
data/max2sat/50/90/PROBLEM_050_090_44.cnf,50,90,1.8,0.167892,0.161874,1.0372,0.9778,0.9778,False,False,0
data/max2sat/50/90/PROBLEM_050_090_45.cnf,50,90,1.8,0.149908,0.148909,1.0067,0.9889,0.9889,False,False,0
data/max2sat/50/90/PROBLEM_050_090_46.cnf,50,90,1.8,0.15331,0.14958,1.0249,0.9889,0.9889,False,False,0
data/max2sat/50/90/PROBLEM_050_090_47.cnf,50,90,1.8,0.156339,0.147627,1.059,0.9667,0.9667,False,False,0
data/max2sat/50/90/PROBLEM_050_090_48.cnf,50,90,1.8,0.167918,0.157658,1.0651,1.0,1.0,True,True,0
data/max2sat/50/90/PROBLEM_050_090_49.cnf,50,90,1.8,0.148984,0.147555,1.0097,1.0,1.0,True,True,0
data/max2sat/50/90/PROBLEM_050_090_50.cnf,50,90,1.8,0.152707,0.146863,1.0398,1.0,1.0,True,True,0
data/max2sat/60/100/PROBLEM_060_100_01.cnf,60,100,1.6667,0.117597,0.108295,1.0859,0.99,0.99,False,False,0
data/max2sat/60/100/PROBLEM_060_100_02.cnf,60,100,1.6667,0.098166,0.102753,0.9554,0.98,0.98,False,False,0
data/max2sat/60/100/PROBLEM_060_100_03.cnf,60,100,1.6667,0.09751,0.096545,1.01,0.99,0.99,False,False,0
data/max2sat/60/100/PROBLEM_060_100_04.cnf,60,100,1.6667,0.10203,0.104529,0.9761,0.99,0.99,False,False,0
data/max2sat/60/100/PROBLEM_060_100_05.cnf,60,100,1.6667,0.187675,0.186699,1.0052,1.0,1.0,True,True,0
data/max2sat/60/100/PROBLEM_060_100_06.cnf,60,100,1.6667,0.188525,0.211756,0.8903,0.99,0.99,False,False,0
data/max2sat/60/100/PROBLEM_060_100_07.cnf,60,100,1.6667,0.204003,0.224524,0.9086,0.98,0.98,False,False,0
data/max2sat/60/100/PROBLEM_060_100_08.cnf,60,100,1.6667,0.193996,0.20512,0.9458,1.0,1.0,True,True,0
data/max2sat/60/100/PROBLEM_060_100_09.cnf,60,100,1.6667,0.185293,0.182532,1.0151,1.0,1.0,True,True,0
data/max2sat/60/100/PROBLEM_060_100_10.cnf,60,100,1.6667,0.181081,0.201816,0.8973,0.99,0.99,False,False,0
data/max2sat/60/100/PROBLEM_060_100_11.cnf,60,100,1.6667,0.18389,0.207332,0.8869,0.98,0.98,False,False,0
data/max2sat/60/100/PROBLEM_060_100_12.cnf,60,100,1.6667,0.197725,0.220926,0.895,0.99,0.99,False,False,0
data/max2sat/60/100/PROBLEM_060_100_13.cnf,60,100,1.6667,0.182242,0.184724,0.9866,0.99,0.99,False,False,0
data/max2sat/60/100/PROBLEM_060_100_14.cnf,60,100,1.6667,0.186015,0.196293,0.9476,0.98,0.98,False,False,0
data/max2sat/60/100/PROBLEM_060_100_15.cnf,60,100,1.6667,0.183972,0.19702,0.9338,0.99,0.99,False,False,0
data/max2sat/60/100/PROBLEM_060_100_16.cnf,60,100,1.6667,0.196213,0.191429,1.025,0.97,0.97,False,False,0
data/max2sat/60/100/PROBLEM_060_100_17.cnf,60,100,1.6667,0.182609,0.185254,0.9857,0.99,0.99,False,False,0
data/max2sat/60/100/PROBLEM_060_100_18.cnf,60,100,1.6667,0.184155,0.190301,0.9677,0.99,0.99,False,False,0
data/max2sat/60/100/PROBLEM_060_100_19.cnf,60,100,1.6667,0.177912,0.197848,0.8992,0.99,0.99,False,False,0
data/max2sat/60/100/PROBLEM_060_100_20.cnf,60,100,1.6667,0.185896,0.185877,1.0001,0.99,0.99,False,False,0
data/max2sat/60/100/PROBLEM_060_100_21.cnf,60,100,1.6667,0.181921,0.183901,0.9892,0.98,0.98,False,False,0
data/max2sat/60/100/PROBLEM_060_100_22.cnf,60,100,1.6667,0.178644,0.18489,0.9662,1.0,1.0,True,True,0
data/max2sat/60/100/PROBLEM_060_100_23.cnf,60,100,1.6667,0.178828,0.193555,0.9239,0.98,0.98,False,False,0
data/max2sat/60/100/PROBLEM_060_100_24.cnf,60,100,1.6667,0.182591,0.218045,0.8374,0.98,0.98,False,False,0
data/max2sat/60/100/PROBLEM_060_100_25.cnf,60,100,1.6667,0.177865,0.180891,0.9833,0.97,0.97,False,False,0
data/max2sat/60/100/PROBLEM_060_100_26.cnf,60,100,1.6667,0.179759,0.190488,0.9437,0.98,0.98,False,False,0
data/max2sat/60/100/PROBLEM_060_100_27.cnf,60,100,1.6667,0.181744,0.188056,0.9664,1.0,1.0,True,True,0
data/max2sat/60/100/PROBLEM_060_100_28.cnf,60,100,1.6667,0.18689,0.215973,0.8653,0.98,0.98,False,False,0
data/max2sat/60/100/PROBLEM_060_100_29.cnf,60,100,1.6667,0.178864,0.17887,1.0,0.98,0.98,False,False,0
data/max2sat/60/100/PROBLEM_060_100_30.cnf,60,100,1.6667,0.18145,0.186888,0.9709,0.99,0.99,False,False,0
data/max2sat/60/100/PROBLEM_060_100_31.cnf,60,100,1.6667,0.184908,0.187896,0.9841,1.0,1.0,True,True,0
data/max2sat/60/100/PROBLEM_060_100_32.cnf,60,100,1.6667,0.189885,0.192454,0.9867,0.99,0.99,False,False,0
data/max2sat/60/100/PROBLEM_060_100_33.cnf,60,100,1.6667,0.183397,0.181031,1.0131,0.99,0.99,False,False,0
data/max2sat/60/100/PROBLEM_060_100_34.cnf,60,100,1.6667,0.180111,0.179898,1.0012,0.99,0.99,False,False,0
data/max2sat/60/100/PROBLEM_060_100_35.cnf,60,100,1.6667,0.187893,0.185895,1.0107,0.99,0.99,False,False,0
data/max2sat/60/100/PROBLEM_060_100_36.cnf,60,100,1.6667,0.192894,0.193258,0.9981,1.0,1.0,True,True,0
data/max2sat/60/100/PROBLEM_060_100_37.cnf,60,100,1.6667,0.181915,0.179061,1.0159,0.99,0.99,False,False,0
data/max2sat/60/100/PROBLEM_060_100_38.cnf,60,100,1.6667,0.177494,0.17889,0.9922,0.99,0.99,False,False,0
data/max2sat/60/100/PROBLEM_060_100_39.cnf,60,100,1.6667,0.187914,0.188049,0.9993,0.99,0.99,False,False,0
data/max2sat/60/100/PROBLEM_060_100_40.cnf,60,100,1.6667,0.190936,0.176707,1.0805,0.98,0.98,False,False,0
data/max2sat/60/100/PROBLEM_060_100_41.cnf,60,100,1.6667,0.19804,0.190613,1.039,0.97,0.97,False,False,0
data/max2sat/60/100/PROBLEM_060_100_42.cnf,60,100,1.6667,0.185103,0.178887,1.0347,0.98,0.98,False,False,0
data/max2sat/60/100/PROBLEM_060_100_43.cnf,60,100,1.6667,0.184427,0.191885,0.9611,0.99,0.99,False,False,0
data/max2sat/60/100/PROBLEM_060_100_44.cnf,60,100,1.6667,0.183907,0.180022,1.0216,0.99,0.99,False,False,0
data/max2sat/60/100/PROBLEM_060_100_45.cnf,60,100,1.6667,0.187879,0.191505,0.9811,0.98,0.98,False,False,0
data/max2sat/60/100/PROBLEM_060_100_46.cnf,60,100,1.6667,0.203429,0.17789,1.1436,0.99,0.99,False,False,0
data/max2sat/60/100/PROBLEM_060_100_47.cnf,60,100,1.6667,0.17888,0.182738,0.9789,0.99,0.99,False,False,0
data/max2sat/60/100/PROBLEM_060_100_48.cnf,60,100,1.6667,0.177962,0.176888,1.0061,1.0,1.0,True,True,0
data/max2sat/60/100/PROBLEM_060_100_49.cnf,60,100,1.6667,0.182828,0.18342,0.9968,1.0,1.0,True,True,0
data/max2sat/60/100/PROBLEM_060_100_50.cnf,60,100,1.6667,0.173885,0.175453,0.9911,1.0,1.0,True,True,0
data/max2sat/60/60/PROBLEM_060_060_01.cnf,60,60,1.0,0.109621,0.108756,1.008,1.0,1.0,True,True,0
data/max2sat/60/60/PROBLEM_060_060_02.cnf,60,60,1.0,0.089285,0.08921,1.0008,1.0,1.0,True,True,0
data/max2sat/60/60/PROBLEM_060_060_03.cnf,60,60,1.0,0.088006,0.104517,0.842,1.0,1.0,True,True,0
data/max2sat/60/60/PROBLEM_060_060_04.cnf,60,60,1.0,0.093566,0.101509,0.9218,1.0,1.0,True,True,0
data/max2sat/60/60/PROBLEM_060_060_05.cnf,60,60,1.0,0.169522,0.171752,0.987,1.0,1.0,True,True,0
data/max2sat/60/60/PROBLEM_060_060_06.cnf,60,60,1.0,0.172552,0.202501,0.8521,1.0,1.0,True,True,0
data/max2sat/60/60/PROBLEM_060_060_07.cnf,60,60,1.0,0.177598,0.185801,0.9559,1.0,1.0,True,True,0
data/max2sat/60/60/PROBLEM_060_060_08.cnf,60,60,1.0,0.184534,0.18549,0.9948,1.0,1.0,True,True,0
data/max2sat/60/60/PROBLEM_060_060_09.cnf,60,60,1.0,0.171493,0.168733,1.0164,1.0,1.0,True,True,0
data/max2sat/60/60/PROBLEM_060_060_10.cnf,60,60,1.0,0.165147,0.175756,0.9396,1.0,1.0,True,True,0
data/max2sat/60/60/PROBLEM_060_060_11.cnf,60,60,1.0,0.166188,0.168913,0.9839,1.0,1.0,True,True,0
data/max2sat/60/60/PROBLEM_060_060_12.cnf,60,60,1.0,0.172904,0.194905,0.8871,1.0,1.0,True,True,0
data/max2sat/60/60/PROBLEM_060_060_13.cnf,60,60,1.0,0.166842,0.174298,0.9572,1.0,1.0,True,True,0
data/max2sat/60/60/PROBLEM_060_060_14.cnf,60,60,1.0,0.178896,0.16795,1.0652,1.0,1.0,True,True,0
data/max2sat/60/60/PROBLEM_060_060_15.cnf,60,60,1.0,0.16384,0.174619,0.9383,1.0,1.0,True,True,0
data/max2sat/60/60/PROBLEM_060_060_16.cnf,60,60,1.0,0.171911,0.205898,0.8349,1.0,1.0,True,True,0
data/max2sat/60/60/PROBLEM_060_060_17.cnf,60,60,1.0,0.164657,0.172775,0.953,1.0,1.0,True,True,0
data/max2sat/60/60/PROBLEM_060_060_18.cnf,60,60,1.0,0.166867,0.166885,0.9999,1.0,1.0,True,True,0
data/max2sat/60/60/PROBLEM_060_060_19.cnf,60,60,1.0,0.173466,0.172904,1.0033,1.0,1.0,True,True,0
data/max2sat/60/60/PROBLEM_060_060_20.cnf,60,60,1.0,0.178928,0.201399,0.8884,1.0,1.0,True,True,0
data/max2sat/60/60/PROBLEM_060_060_21.cnf,60,60,1.0,0.169979,0.170663,0.996,1.0,1.0,True,True,0
data/max2sat/60/60/PROBLEM_060_060_22.cnf,60,60,1.0,0.165897,0.165846,1.0003,1.0,1.0,True,True,0
data/max2sat/60/60/PROBLEM_060_060_23.cnf,60,60,1.0,0.165173,0.168875,0.9781,1.0,1.0,True,True,0
data/max2sat/60/60/PROBLEM_060_060_24.cnf,60,60,1.0,0.185926,0.186895,0.9948,1.0,1.0,True,True,0
data/max2sat/60/60/PROBLEM_060_060_25.cnf,60,60,1.0,0.172173,0.169426,1.0162,1.0,1.0,True,True,0
data/max2sat/60/60/PROBLEM_060_060_26.cnf,60,60,1.0,0.16289,0.164412,0.9907,1.0,1.0,True,True,0
data/max2sat/60/60/PROBLEM_060_060_27.cnf,60,60,1.0,0.167053,0.165902,1.0069,1.0,1.0,True,True,0
data/max2sat/60/60/PROBLEM_060_060_28.cnf,60,60,1.0,0.179894,0.179393,1.0028,1.0,1.0,True,True,0
data/max2sat/60/60/PROBLEM_060_060_29.cnf,60,60,1.0,0.164888,0.169495,0.9728,1.0,1.0,True,True,0
data/max2sat/60/60/PROBLEM_060_060_30.cnf,60,60,1.0,0.166909,0.165888,1.0062,1.0,1.0,True,True,0
data/max2sat/60/60/PROBLEM_060_060_31.cnf,60,60,1.0,0.167684,0.164916,1.0168,1.0,1.0,True,True,0
data/max2sat/60/60/PROBLEM_060_060_32.cnf,60,60,1.0,0.176893,0.169911,1.0411,1.0,1.0,True,True,0
data/max2sat/60/60/PROBLEM_060_060_33.cnf,60,60,1.0,0.164924,0.168213,0.9804,1.0,1.0,True,True,0
data/max2sat/60/60/PROBLEM_060_060_34.cnf,60,60,1.0,0.165913,0.174632,0.9501,1.0,1.0,True,True,0
data/max2sat/60/60/PROBLEM_060_060_35.cnf,60,60,1.0,0.166599,0.16808,0.9912,1.0,1.0,True,True,0
data/max2sat/60/60/PROBLEM_060_060_36.cnf,60,60,1.0,0.182889,0.175882,1.0398,1.0,1.0,True,True,0
data/max2sat/60/60/PROBLEM_060_060_37.cnf,60,60,1.0,0.165891,0.164922,1.0059,1.0,1.0,True,True,0
data/max2sat/60/60/PROBLEM_060_060_38.cnf,60,60,1.0,0.164937,0.174947,0.9428,1.0,1.0,True,True,0
data/max2sat/60/60/PROBLEM_060_060_39.cnf,60,60,1.0,0.164926,0.168941,0.9762,1.0,1.0,True,True,0
data/max2sat/60/60/PROBLEM_060_060_40.cnf,60,60,1.0,0.183893,0.16788,1.0954,1.0,1.0,True,True,0
data/max2sat/60/60/PROBLEM_060_060_41.cnf,60,60,1.0,0.163856,0.171658,0.9545,1.0,1.0,True,True,0
data/max2sat/60/60/PROBLEM_060_060_42.cnf,60,60,1.0,0.165887,0.171457,0.9675,1.0,1.0,True,True,0
data/max2sat/60/60/PROBLEM_060_060_43.cnf,60,60,1.0,0.167051,0.165704,1.0081,1.0,1.0,True,True,0
data/max2sat/60/60/PROBLEM_060_060_44.cnf,60,60,1.0,0.178908,0.162893,1.0983,1.0,1.0,True,True,0
data/max2sat/60/60/PROBLEM_060_060_45.cnf,60,60,1.0,0.163906,0.171912,0.9534,1.0,1.0,True,True,0
data/max2sat/60/60/PROBLEM_060_060_46.cnf,60,60,1.0,0.164879,0.165848,0.9942,1.0,1.0,True,True,0
data/max2sat/60/60/PROBLEM_060_060_47.cnf,60,60,1.0,0.167167,0.166987,1.0011,1.0,1.0,True,True,0
data/max2sat/60/60/PROBLEM_060_060_48.cnf,60,60,1.0,0.174956,0.163015,1.0733,1.0,1.0,True,True,0
data/max2sat/60/60/PROBLEM_060_060_49.cnf,60,60,1.0,0.163836,0.167705,0.9769,1.0,1.0,True,True,0
data/max2sat/60/60/PROBLEM_060_060_50.cnf,60,60,1.0,0.163214,0.167971,0.9717,1.0,1.0,True,True,0
data/max2sat/60/70/PROBLEM_060_070_01.cnf,60,70,1.1667,0.109516,0.100492,1.0898,1.0,1.0,True,True,0
data/max2sat/60/70/PROBLEM_060_070_02.cnf,60,70,1.1667,0.092621,0.109695,0.8444,1.0,1.0,True,True,0
data/max2sat/60/70/PROBLEM_060_070_03.cnf,60,70,1.1667,0.088476,0.102792,0.8607,1.0,1.0,True,True,0
data/max2sat/60/70/PROBLEM_060_070_04.cnf,60,70,1.1667,0.092324,0.098789,0.9346,1.0,1.0,True,True,0
data/max2sat/60/70/PROBLEM_060_070_05.cnf,60,70,1.1667,0.174409,0.180419,0.9667,1.0,1.0,True,True,0
data/max2sat/60/70/PROBLEM_060_070_06.cnf,60,70,1.1667,0.174303,0.186775,0.9332,1.0,1.0,True,True,0
data/max2sat/60/70/PROBLEM_060_070_07.cnf,60,70,1.1667,0.177348,0.190765,0.9297,1.0,1.0,True,True,0
data/max2sat/60/70/PROBLEM_060_070_08.cnf,60,70,1.1667,0.190298,0.200878,0.9473,1.0,1.0,True,True,0
data/max2sat/60/70/PROBLEM_060_070_09.cnf,60,70,1.1667,0.170527,0.175116,0.9738,1.0,1.0,True,True,0
data/max2sat/60/70/PROBLEM_060_070_10.cnf,60,70,1.1667,0.169887,0.177891,0.955,1.0,1.0,True,True,0
data/max2sat/60/70/PROBLEM_060_070_11.cnf,60,70,1.1667,0.172641,0.174906,0.9871,1.0,1.0,True,True,0
data/max2sat/60/70/PROBLEM_060_070_12.cnf,60,70,1.1667,0.18203,0.184011,0.9892,1.0,1.0,True,True,0
data/max2sat/60/70/PROBLEM_060_070_13.cnf,60,70,1.1667,0.170833,0.177316,0.9634,1.0,1.0,True,True,0
data/max2sat/60/70/PROBLEM_060_070_14.cnf,60,70,1.1667,0.175929,0.179902,0.9779,1.0,1.0,True,True,0
data/max2sat/60/70/PROBLEM_060_070_15.cnf,60,70,1.1667,0.173078,0.176007,0.9834,1.0,1.0,True,True,0
data/max2sat/60/70/PROBLEM_060_070_16.cnf,60,70,1.1667,0.176891,0.180792,0.9784,1.0,1.0,True,True,0
data/max2sat/60/70/PROBLEM_060_070_17.cnf,60,70,1.1667,0.169109,0.175611,0.963,1.0,1.0,True,True,0
data/max2sat/60/70/PROBLEM_060_070_18.cnf,60,70,1.1667,0.17029,0.175906,0.9681,1.0,1.0,True,True,0
data/max2sat/60/70/PROBLEM_060_070_19.cnf,60,70,1.1667,0.174373,0.175891,0.9914,1.0,1.0,True,True,0
data/max2sat/60/70/PROBLEM_060_070_20.cnf,60,70,1.1667,0.173786,0.1759,0.988,1.0,1.0,True,True,0
data/max2sat/60/70/PROBLEM_060_070_21.cnf,60,70,1.1667,0.167893,0.175845,0.9548,1.0,1.0,True,True,0
data/max2sat/60/70/PROBLEM_060_070_22.cnf,60,70,1.1667,0.169127,0.175833,0.9619,1.0,1.0,True,True,0
data/max2sat/60/70/PROBLEM_060_070_23.cnf,60,70,1.1667,0.180166,0.178036,1.012,1.0,1.0,True,True,0
data/max2sat/60/70/PROBLEM_060_070_24.cnf,60,70,1.1667,0.176903,0.173896,1.0173,1.0,1.0,True,True,0
data/max2sat/60/70/PROBLEM_060_070_25.cnf,60,70,1.1667,0.170894,0.178645,0.9566,1.0,1.0,True,True,0
data/max2sat/60/70/PROBLEM_060_070_26.cnf,60,70,1.1667,0.170553,0.179898,0.9481,1.0,1.0,True,True,0
data/max2sat/60/70/PROBLEM_060_070_27.cnf,60,70,1.1667,0.182712,0.18346,0.9959,1.0,1.0,True,True,0
data/max2sat/60/70/PROBLEM_060_070_28.cnf,60,70,1.1667,0.178905,0.172895,1.0348,1.0,1.0,True,True,0
data/max2sat/60/70/PROBLEM_060_070_29.cnf,60,70,1.1667,0.169897,0.174884,0.9715,1.0,1.0,True,True,0
data/max2sat/60/70/PROBLEM_060_070_30.cnf,60,70,1.1667,0.167468,0.176905,0.9467,1.0,1.0,True,True,0
data/max2sat/60/70/PROBLEM_060_070_31.cnf,60,70,1.1667,0.18087,0.180362,1.0028,1.0,1.0,True,True,0
data/max2sat/60/70/PROBLEM_060_070_32.cnf,60,70,1.1667,0.177893,0.171754,1.0357,1.0,1.0,True,True,0
data/max2sat/60/70/PROBLEM_060_070_33.cnf,60,70,1.1667,0.170122,0.174481,0.975,1.0,1.0,True,True,0
data/max2sat/60/70/PROBLEM_060_070_34.cnf,60,70,1.1667,0.170872,0.1757,0.9725,1.0,1.0,True,True,0
data/max2sat/60/70/PROBLEM_060_070_35.cnf,60,70,1.1667,0.179902,0.178618,1.0072,1.0,1.0,True,True,0
data/max2sat/60/70/PROBLEM_060_070_36.cnf,60,70,1.1667,0.176011,0.170897,1.0299,1.0,1.0,True,True,0
data/max2sat/60/70/PROBLEM_060_070_37.cnf,60,70,1.1667,0.171885,0.17589,0.9772,1.0,1.0,True,True,0
data/max2sat/60/70/PROBLEM_060_070_38.cnf,60,70,1.1667,0.169881,0.176079,0.9648,1.0,1.0,True,True,0
data/max2sat/60/70/PROBLEM_060_070_39.cnf,60,70,1.1667,0.181229,0.175223,1.0343,1.0,1.0,True,True,0
data/max2sat/60/70/PROBLEM_060_070_40.cnf,60,70,1.1667,0.175981,0.180283,0.9761,1.0,1.0,True,True,0
data/max2sat/60/70/PROBLEM_060_070_41.cnf,60,70,1.1667,0.171656,0.174311,0.9848,1.0,1.0,True,True,0
data/max2sat/60/70/PROBLEM_060_070_42.cnf,60,70,1.1667,0.165906,0.171296,0.9685,1.0,1.0,True,True,0
data/max2sat/60/70/PROBLEM_060_070_43.cnf,60,70,1.1667,0.181659,0.173937,1.0444,1.0,1.0,True,True,0
data/max2sat/60/70/PROBLEM_060_070_44.cnf,60,70,1.1667,0.177923,0.183715,0.9685,1.0,1.0,True,True,0
data/max2sat/60/70/PROBLEM_060_070_45.cnf,60,70,1.1667,0.170928,0.171903,0.9943,1.0,1.0,True,True,0
data/max2sat/60/70/PROBLEM_060_070_46.cnf,60,70,1.1667,0.169064,0.172345,0.981,1.0,1.0,True,True,0
data/max2sat/60/70/PROBLEM_060_070_47.cnf,60,70,1.1667,0.179674,0.17507,1.0263,1.0,1.0,True,True,0
data/max2sat/60/70/PROBLEM_060_070_48.cnf,60,70,1.1667,0.174063,0.181431,0.9594,1.0,1.0,True,True,0
data/max2sat/60/70/PROBLEM_060_070_49.cnf,60,70,1.1667,0.167803,0.168978,0.993,1.0,1.0,True,True,0
data/max2sat/60/70/PROBLEM_060_070_50.cnf,60,70,1.1667,0.165817,0.171877,0.9647,1.0,1.0,True,True,0
data/max2sat/60/80/PROBLEM_060_080_01.cnf,60,80,1.3333,0.105694,0.103552,1.0207,1.0,1.0,True,True,0
data/max2sat/60/80/PROBLEM_060_080_02.cnf,60,80,1.3333,0.096139,0.09533,1.0085,1.0,1.0,True,True,0
data/max2sat/60/80/PROBLEM_060_080_03.cnf,60,80,1.3333,0.093398,0.103675,0.9009,1.0,1.0,True,True,0
data/max2sat/60/80/PROBLEM_060_080_04.cnf,60,80,1.3333,0.096936,0.096389,1.0057,1.0,1.0,True,True,0
data/max2sat/60/80/PROBLEM_060_080_05.cnf,60,80,1.3333,0.18624,0.185054,1.0064,1.0,1.0,True,True,0
data/max2sat/60/80/PROBLEM_060_080_06.cnf,60,80,1.3333,0.178382,0.181766,0.9814,0.9875,0.9875,False,False,0
data/max2sat/60/80/PROBLEM_060_080_07.cnf,60,80,1.3333,0.186161,0.181662,1.0248,1.0,1.0,True,True,0
data/max2sat/60/80/PROBLEM_060_080_08.cnf,60,80,1.3333,0.186043,0.197654,0.9413,0.9875,0.9875,False,False,0
data/max2sat/60/80/PROBLEM_060_080_09.cnf,60,80,1.3333,0.173083,0.173764,0.9961,1.0,1.0,True,True,0
data/max2sat/60/80/PROBLEM_060_080_10.cnf,60,80,1.3333,0.180791,0.175267,1.0315,1.0,1.0,True,True,0
data/max2sat/60/80/PROBLEM_060_080_11.cnf,60,80,1.3333,0.175172,0.178,0.9841,1.0,1.0,True,True,0
data/max2sat/60/80/PROBLEM_060_080_12.cnf,60,80,1.3333,0.182473,0.190921,0.9558,1.0,1.0,True,True,0
data/max2sat/60/80/PROBLEM_060_080_13.cnf,60,80,1.3333,0.174892,0.174832,1.0003,1.0,1.0,True,True,0
data/max2sat/60/80/PROBLEM_060_080_14.cnf,60,80,1.3333,0.172071,0.177796,0.9678,1.0,1.0,True,True,0
data/max2sat/60/80/PROBLEM_060_080_15.cnf,60,80,1.3333,0.177046,0.182552,0.9698,1.0,1.0,True,True,0
data/max2sat/60/80/PROBLEM_060_080_16.cnf,60,80,1.3333,0.18433,0.188584,0.9774,1.0,1.0,True,True,0
data/max2sat/60/80/PROBLEM_060_080_17.cnf,60,80,1.3333,0.174627,0.174719,0.9995,1.0,1.0,True,True,0
data/max2sat/60/80/PROBLEM_060_080_18.cnf,60,80,1.3333,0.1739,0.174472,0.9967,1.0,1.0,True,True,0
data/max2sat/60/80/PROBLEM_060_080_19.cnf,60,80,1.3333,0.179922,0.179751,1.001,1.0,1.0,True,True,0
data/max2sat/60/80/PROBLEM_060_080_20.cnf,60,80,1.3333,0.182714,0.185893,0.9829,1.0,1.0,True,True,0
data/max2sat/60/80/PROBLEM_060_080_21.cnf,60,80,1.3333,0.171889,0.17189,1.0,1.0,1.0,True,True,0
data/max2sat/60/80/PROBLEM_060_080_22.cnf,60,80,1.3333,0.176906,0.172909,1.0231,1.0,1.0,True,True,0
data/max2sat/60/80/PROBLEM_060_080_23.cnf,60,80,1.3333,0.178923,0.175847,1.0175,1.0,1.0,True,True,0
data/max2sat/60/80/PROBLEM_060_080_24.cnf,60,80,1.3333,0.187674,0.186935,1.004,1.0,1.0,True,True,0
data/max2sat/60/80/PROBLEM_060_080_25.cnf,60,80,1.3333,0.170892,0.178061,0.9597,1.0,1.0,True,True,0
data/max2sat/60/80/PROBLEM_060_080_26.cnf,60,80,1.3333,0.177923,0.178347,0.9976,1.0,1.0,True,True,0
data/max2sat/60/80/PROBLEM_060_080_27.cnf,60,80,1.3333,0.176882,0.180139,0.9819,1.0,1.0,True,True,0
data/max2sat/60/80/PROBLEM_060_080_28.cnf,60,80,1.3333,0.184143,0.186798,0.9858,1.0,1.0,True,True,0
data/max2sat/60/80/PROBLEM_060_080_29.cnf,60,80,1.3333,0.17516,0.182043,0.9622,1.0,1.0,True,True,0
data/max2sat/60/80/PROBLEM_060_080_30.cnf,60,80,1.3333,0.174914,0.1793,0.9755,1.0,1.0,True,True,0
data/max2sat/60/80/PROBLEM_060_080_31.cnf,60,80,1.3333,0.178919,0.181121,0.9878,0.9875,0.9875,False,False,0
data/max2sat/60/80/PROBLEM_060_080_32.cnf,60,80,1.3333,0.180665,0.185175,0.9756,1.0,1.0,True,True,0
data/max2sat/60/80/PROBLEM_060_080_33.cnf,60,80,1.3333,0.174894,0.176886,0.9887,1.0,1.0,True,True,0
data/max2sat/60/80/PROBLEM_060_080_34.cnf,60,80,1.3333,0.176827,0.177976,0.9935,0.9875,0.9875,False,False,0
data/max2sat/60/80/PROBLEM_060_080_35.cnf,60,80,1.3333,0.178089,0.176988,1.0062,1.0,1.0,True,True,0
data/max2sat/60/80/PROBLEM_060_080_36.cnf,60,80,1.3333,0.183235,0.182976,1.0014,1.0,1.0,True,True,0
data/max2sat/60/80/PROBLEM_060_080_37.cnf,60,80,1.3333,0.172376,0.174734,0.9865,1.0,1.0,True,True,0
data/max2sat/60/80/PROBLEM_060_080_38.cnf,60,80,1.3333,0.177908,0.178247,0.9981,1.0,1.0,True,True,0
data/max2sat/60/80/PROBLEM_060_080_39.cnf,60,80,1.3333,0.173924,0.172658,1.0073,1.0,1.0,True,True,0
data/max2sat/60/80/PROBLEM_060_080_40.cnf,60,80,1.3333,0.178586,0.181901,0.9818,1.0,1.0,True,True,0
data/max2sat/60/80/PROBLEM_060_080_41.cnf,60,80,1.3333,0.174904,0.173896,1.0058,1.0,1.0,True,True,0
data/max2sat/60/80/PROBLEM_060_080_42.cnf,60,80,1.3333,0.172944,0.174333,0.992,1.0,1.0,True,True,0
data/max2sat/60/80/PROBLEM_060_080_43.cnf,60,80,1.3333,0.183757,0.17179,1.0697,0.9875,0.9875,False,False,0
data/max2sat/60/80/PROBLEM_060_080_44.cnf,60,80,1.3333,0.181535,0.181904,0.998,1.0,1.0,True,True,0
data/max2sat/60/80/PROBLEM_060_080_45.cnf,60,80,1.3333,0.182159,0.172887,1.0536,1.0,1.0,True,True,0
data/max2sat/60/80/PROBLEM_060_080_46.cnf,60,80,1.3333,0.176898,0.173561,1.0192,1.0,1.0,True,True,0
data/max2sat/60/80/PROBLEM_060_080_47.cnf,60,80,1.3333,0.189069,0.17435,1.0844,0.9875,0.9875,False,False,0
data/max2sat/60/80/PROBLEM_060_080_48.cnf,60,80,1.3333,0.182475,0.181025,1.008,0.9875,0.9875,False,False,0
data/max2sat/60/80/PROBLEM_060_080_49.cnf,60,80,1.3333,0.178287,0.171734,1.0382,1.0,1.0,True,True,0
data/max2sat/60/80/PROBLEM_060_080_50.cnf,60,80,1.3333,0.180094,0.175569,1.0258,1.0,1.0,True,True,0
data/max2sat/60/90/PROBLEM_060_090_01.cnf,60,90,1.5,0.106104,0.110251,0.9624,1.0,1.0,True,True,0
data/max2sat/60/90/PROBLEM_060_090_02.cnf,60,90,1.5,0.092886,0.09652,0.9623,0.9889,0.9889,False,False,0
data/max2sat/60/90/PROBLEM_060_090_03.cnf,60,90,1.5,0.096449,0.109349,0.882,1.0,1.0,True,True,0
data/max2sat/60/90/PROBLEM_060_090_04.cnf,60,90,1.5,0.112245,0.096755,1.1601,0.9889,0.9889,False,False,0
data/max2sat/60/90/PROBLEM_060_090_05.cnf,60,90,1.5,0.184619,0.188332,0.9803,1.0,1.0,True,True,0
data/max2sat/60/90/PROBLEM_060_090_06.cnf,60,90,1.5,0.182242,0.184333,0.9887,1.0,1.0,True,True,0
data/max2sat/60/90/PROBLEM_060_090_07.cnf,60,90,1.5,0.188443,0.191469,0.9842,1.0,1.0,True,True,0
data/max2sat/60/90/PROBLEM_060_090_08.cnf,60,90,1.5,0.217939,0.205322,1.0614,1.0,1.0,True,True,0
data/max2sat/60/90/PROBLEM_060_090_09.cnf,60,90,1.5,0.174279,0.175736,0.9917,1.0,1.0,True,True,0
data/max2sat/60/90/PROBLEM_060_090_10.cnf,60,90,1.5,0.177704,0.181498,0.9791,0.9889,0.9889,False,False,0
data/max2sat/60/90/PROBLEM_060_090_11.cnf,60,90,1.5,0.180209,0.178965,1.007,1.0,1.0,True,True,0
data/max2sat/60/90/PROBLEM_060_090_12.cnf,60,90,1.5,0.205894,0.18891,1.0899,1.0,1.0,True,True,0
data/max2sat/60/90/PROBLEM_060_090_13.cnf,60,90,1.5,0.174868,0.181903,0.9613,1.0,1.0,True,True,0
data/max2sat/60/90/PROBLEM_060_090_14.cnf,60,90,1.5,0.177512,0.179907,0.9867,0.9889,0.9889,False,False,0
data/max2sat/60/90/PROBLEM_060_090_15.cnf,60,90,1.5,0.179468,0.181812,0.9871,0.9889,0.9889,False,False,0
data/max2sat/60/90/PROBLEM_060_090_16.cnf,60,90,1.5,0.201177,0.188892,1.065,0.9778,0.9778,False,False,0
data/max2sat/60/90/PROBLEM_060_090_17.cnf,60,90,1.5,0.176892,0.188902,0.9364,0.9778,0.9778,False,False,0
data/max2sat/60/90/PROBLEM_060_090_18.cnf,60,90,1.5,0.175727,0.178909,0.9822,1.0,1.0,True,True,0
data/max2sat/60/90/PROBLEM_060_090_19.cnf,60,90,1.5,0.180361,0.17934,1.0057,0.9889,0.9889,False,False,0
data/max2sat/60/90/PROBLEM_060_090_20.cnf,60,90,1.5,0.204887,0.184881,1.1082,0.9889,0.9889,False,False,0
data/max2sat/60/90/PROBLEM_060_090_21.cnf,60,90,1.5,0.172894,0.177895,0.9719,1.0,1.0,True,True,0
data/max2sat/60/90/PROBLEM_060_090_22.cnf,60,90,1.5,0.175864,0.181013,0.9716,1.0,1.0,True,True,0
data/max2sat/60/90/PROBLEM_060_090_23.cnf,60,90,1.5,0.174824,0.180857,0.9666,1.0,1.0,True,True,0
data/max2sat/60/90/PROBLEM_060_090_24.cnf,60,90,1.5,0.20442,0.179898,1.1363,1.0,1.0,True,True,0
data/max2sat/60/90/PROBLEM_060_090_25.cnf,60,90,1.5,0.174901,0.178901,0.9776,0.9889,0.9889,False,False,0
data/max2sat/60/90/PROBLEM_060_090_26.cnf,60,90,1.5,0.176676,0.181236,0.9748,1.0,1.0,True,True,0
data/max2sat/60/90/PROBLEM_060_090_27.cnf,60,90,1.5,0.176898,0.190897,0.9267,0.9889,0.9889,False,False,0
data/max2sat/60/90/PROBLEM_060_090_28.cnf,60,90,1.5,0.182895,0.180908,1.011,1.0,1.0,True,True,0
data/max2sat/60/90/PROBLEM_060_090_29.cnf,60,90,1.5,0.187896,0.180891,1.0387,1.0,1.0,True,True,0
data/max2sat/60/90/PROBLEM_060_090_30.cnf,60,90,1.5,0.17531,0.185018,0.9475,0.9889,0.9889,False,False,0
data/max2sat/60/90/PROBLEM_060_090_31.cnf,60,90,1.5,0.177198,0.185904,0.9532,0.9889,0.9889,False,False,0
data/max2sat/60/90/PROBLEM_060_090_32.cnf,60,90,1.5,0.173892,0.185902,0.9354,1.0,1.0,True,True,0
data/max2sat/60/90/PROBLEM_060_090_33.cnf,60,90,1.5,0.178892,0.176903,1.0112,1.0,1.0,True,True,0
data/max2sat/60/90/PROBLEM_060_090_34.cnf,60,90,1.5,0.18642,0.191476,0.9736,0.9889,0.9889,False,False,0
data/max2sat/60/90/PROBLEM_060_090_35.cnf,60,90,1.5,0.175012,0.179,0.9777,1.0,1.0,True,True,0
data/max2sat/60/90/PROBLEM_060_090_36.cnf,60,90,1.5,0.177026,0.189906,0.9322,0.9778,0.9778,False,False,0
data/max2sat/60/90/PROBLEM_060_090_37.cnf,60,90,1.5,0.178854,0.176902,1.011,0.9889,0.9889,False,False,0
data/max2sat/60/90/PROBLEM_060_090_38.cnf,60,90,1.5,0.187014,0.193531,0.9663,0.9889,0.9889,False,False,0
data/max2sat/60/90/PROBLEM_060_090_39.cnf,60,90,1.5,0.188899,0.179902,1.05,1.0,1.0,True,True,0
data/max2sat/60/90/PROBLEM_060_090_40.cnf,60,90,1.5,0.177895,0.187903,0.9467,1.0,1.0,True,True,0
data/max2sat/60/90/PROBLEM_060_090_41.cnf,60,90,1.5,0.177063,0.1739,1.0182,0.9889,0.9889,False,False,0
data/max2sat/60/90/PROBLEM_060_090_42.cnf,60,90,1.5,0.192935,0.179851,1.0727,1.0,1.0,True,True,0
data/max2sat/60/90/PROBLEM_060_090_43.cnf,60,90,1.5,0.190786,0.185345,1.0294,1.0,1.0,True,True,0
data/max2sat/60/90/PROBLEM_060_090_44.cnf,60,90,1.5,0.172762,0.18486,0.9346,0.9889,0.9889,False,False,0
data/max2sat/60/90/PROBLEM_060_090_45.cnf,60,90,1.5,0.180652,0.174895,1.0329,1.0,1.0,True,True,0
data/max2sat/60/90/PROBLEM_060_090_46.cnf,60,90,1.5,0.189884,0.196328,0.9672,1.0,1.0,True,True,0
data/max2sat/60/90/PROBLEM_060_090_47.cnf,60,90,1.5,0.185915,0.177205,1.0492,1.0,1.0,True,True,0
data/max2sat/60/90/PROBLEM_060_090_48.cnf,60,90,1.5,0.169906,0.191007,0.8895,1.0,1.0,True,True,0
data/max2sat/60/90/PROBLEM_060_090_49.cnf,60,90,1.5,0.17949,0.17648,1.0171,1.0,1.0,True,True,0
data/max2sat/60/90/PROBLEM_060_090_50.cnf,60,90,1.5,0.186272,0.180562,1.0316,1.0,1.0,True,True,0
data/max2sat/70/100/PROBLEM_070_100_01.cnf,70,100,1.4286,0.123931,0.119321,1.0386,1.0,1.0,True,True,0
data/max2sat/70/100/PROBLEM_070_100_02.cnf,70,100,1.4286,0.108479,0.105953,1.0238,1.0,1.0,True,True,0
data/max2sat/70/100/PROBLEM_070_100_03.cnf,70,100,1.4286,0.111017,0.110374,1.0058,0.99,0.99,False,False,0
data/max2sat/70/100/PROBLEM_070_100_04.cnf,70,100,1.4286,0.115089,0.131207,0.8772,0.99,0.99,False,False,0
data/max2sat/70/100/PROBLEM_070_100_05.cnf,70,100,1.4286,0.214569,0.262344,0.8179,0.99,0.99,False,False,0
data/max2sat/70/100/PROBLEM_070_100_06.cnf,70,100,1.4286,0.218073,0.292252,0.7462,1.0,1.0,True,True,0
data/max2sat/70/100/PROBLEM_070_100_07.cnf,70,100,1.4286,0.220916,0.217194,1.0171,1.0,1.0,True,True,0
data/max2sat/70/100/PROBLEM_070_100_08.cnf,70,100,1.4286,0.218162,0.268191,0.8135,1.0,1.0,True,True,0
data/max2sat/70/100/PROBLEM_070_100_09.cnf,70,100,1.4286,0.210269,0.216172,0.9727,1.0,1.0,True,True,0
data/max2sat/70/100/PROBLEM_070_100_10.cnf,70,100,1.4286,0.220823,0.256926,0.8595,1.0,1.0,True,True,0
data/max2sat/70/100/PROBLEM_070_100_11.cnf,70,100,1.4286,0.209752,0.273624,0.7666,1.0,1.0,True,True,0
data/max2sat/70/100/PROBLEM_070_100_12.cnf,70,100,1.4286,0.216848,0.299269,0.7246,1.0,1.0,True,True,0
data/max2sat/70/100/PROBLEM_070_100_13.cnf,70,100,1.4286,0.208016,0.208782,0.9963,1.0,1.0,True,True,0
data/max2sat/70/100/PROBLEM_070_100_14.cnf,70,100,1.4286,0.20364,0.20817,0.9782,0.99,0.99,False,False,0
data/max2sat/70/100/PROBLEM_070_100_15.cnf,70,100,1.4286,0.223652,0.218873,1.0218,1.0,1.0,True,True,0
data/max2sat/70/100/PROBLEM_070_100_16.cnf,70,100,1.4286,0.221954,0.243836,0.9103,1.0,1.0,True,True,0
data/max2sat/70/100/PROBLEM_070_100_17.cnf,70,100,1.4286,0.208877,0.22895,0.9123,1.0,1.0,True,True,0
data/max2sat/70/100/PROBLEM_070_100_18.cnf,70,100,1.4286,0.202413,0.204701,0.9888,1.0,1.0,True,True,0
data/max2sat/70/100/PROBLEM_070_100_19.cnf,70,100,1.4286,0.215831,0.205768,1.0489,1.0,1.0,True,True,0
data/max2sat/70/100/PROBLEM_070_100_20.cnf,70,100,1.4286,0.221808,0.219012,1.0128,1.0,1.0,True,True,0
data/max2sat/70/100/PROBLEM_070_100_21.cnf,70,100,1.4286,0.209321,0.250964,0.8341,1.0,1.0,True,True,0
data/max2sat/70/100/PROBLEM_070_100_22.cnf,70,100,1.4286,0.207925,0.236869,0.8778,1.0,1.0,True,True,0
data/max2sat/70/100/PROBLEM_070_100_23.cnf,70,100,1.4286,0.212019,0.206903,1.0247,1.0,1.0,True,True,0
data/max2sat/70/100/PROBLEM_070_100_24.cnf,70,100,1.4286,0.222861,0.210895,1.0567,0.99,0.99,False,False,0
data/max2sat/70/100/PROBLEM_070_100_25.cnf,70,100,1.4286,0.208013,0.233833,0.8896,0.99,0.99,False,False,0
data/max2sat/70/100/PROBLEM_070_100_26.cnf,70,100,1.4286,0.208618,0.225881,0.9236,1.0,1.0,True,True,0
data/max2sat/70/100/PROBLEM_070_100_27.cnf,70,100,1.4286,0.212036,0.227729,0.9311,1.0,1.0,True,True,0
data/max2sat/70/100/PROBLEM_070_100_28.cnf,70,100,1.4286,0.226893,0.207841,1.0917,1.0,1.0,True,True,0
data/max2sat/70/100/PROBLEM_070_100_29.cnf,70,100,1.4286,0.206112,0.206453,0.9983,1.0,1.0,True,True,0
data/max2sat/70/100/PROBLEM_070_100_30.cnf,70,100,1.4286,0.208618,0.207899,1.0035,1.0,1.0,True,True,0
data/max2sat/70/100/PROBLEM_070_100_31.cnf,70,100,1.4286,0.211847,0.222212,0.9534,1.0,1.0,True,True,0
data/max2sat/70/100/PROBLEM_070_100_32.cnf,70,100,1.4286,0.223529,0.207883,1.0753,1.0,1.0,True,True,0
data/max2sat/70/100/PROBLEM_070_100_33.cnf,70,100,1.4286,0.206293,0.207721,0.9931,0.99,0.99,False,False,0
data/max2sat/70/100/PROBLEM_070_100_34.cnf,70,100,1.4286,0.210184,0.20589,1.0209,1.0,1.0,True,True,0
data/max2sat/70/100/PROBLEM_070_100_35.cnf,70,100,1.4286,0.206154,0.219759,0.9381,1.0,1.0,True,True,0
data/max2sat/70/100/PROBLEM_070_100_36.cnf,70,100,1.4286,0.217882,0.204881,1.0635,0.99,0.99,False,False,0
data/max2sat/70/100/PROBLEM_070_100_37.cnf,70,100,1.4286,0.206042,0.209886,0.9817,1.0,1.0,True,True,0
data/max2sat/70/100/PROBLEM_070_100_38.cnf,70,100,1.4286,0.214802,0.20587,1.0434,1.0,1.0,True,True,0
data/max2sat/70/100/PROBLEM_070_100_39.cnf,70,100,1.4286,0.201777,0.214759,0.9396,1.0,1.0,True,True,0
data/max2sat/70/100/PROBLEM_070_100_40.cnf,70,100,1.4286,0.207881,0.20711,1.0037,1.0,1.0,True,True,0
data/max2sat/70/100/PROBLEM_070_100_41.cnf,70,100,1.4286,0.207965,0.207045,1.0044,1.0,1.0,True,True,0
data/max2sat/70/100/PROBLEM_070_100_42.cnf,70,100,1.4286,0.215909,0.207915,1.0384,0.99,0.99,False,False,0
data/max2sat/70/100/PROBLEM_070_100_43.cnf,70,100,1.4286,0.201481,0.212732,0.9471,1.0,1.0,True,True,0
data/max2sat/70/100/PROBLEM_070_100_44.cnf,70,100,1.4286,0.202179,0.207898,0.9725,1.0,1.0,True,True,0
data/max2sat/70/100/PROBLEM_070_100_45.cnf,70,100,1.4286,0.210095,0.206888,1.0155,1.0,1.0,True,True,0
data/max2sat/70/100/PROBLEM_070_100_46.cnf,70,100,1.4286,0.216919,0.208917,1.0383,1.0,1.0,True,True,0
data/max2sat/70/100/PROBLEM_070_100_47.cnf,70,100,1.4286,0.202894,0.213415,0.9507,1.0,1.0,True,True,0
data/max2sat/70/100/PROBLEM_070_100_48.cnf,70,100,1.4286,0.2176,0.211008,1.0312,1.0,1.0,True,True,0
data/max2sat/70/100/PROBLEM_070_100_49.cnf,70,100,1.4286,0.203552,0.20242,1.0056,1.0,1.0,True,True,0
data/max2sat/70/100/PROBLEM_070_100_50.cnf,70,100,1.4286,0.210648,0.206848,1.0184,1.0,1.0,True,True,0
data/max2sat/70/70/PROBLEM_070_070_01.cnf,70,70,1.0,0.115639,0.110243,1.0489,1.0,1.0,True,True,0
data/max2sat/70/70/PROBLEM_070_070_02.cnf,70,70,1.0,0.102815,0.104074,0.9879,1.0,1.0,True,True,0
data/max2sat/70/70/PROBLEM_070_070_03.cnf,70,70,1.0,0.114745,0.114885,0.9988,1.0,1.0,True,True,0
data/max2sat/70/70/PROBLEM_070_070_04.cnf,70,70,1.0,0.118318,0.104323,1.1342,1.0,1.0,True,True,0
data/max2sat/70/70/PROBLEM_070_070_05.cnf,70,70,1.0,0.20159,0.195951,1.0288,1.0,1.0,True,True,0
data/max2sat/70/70/PROBLEM_070_070_06.cnf,70,70,1.0,0.199595,0.201929,0.9884,1.0,1.0,True,True,0
data/max2sat/70/70/PROBLEM_070_070_07.cnf,70,70,1.0,0.214971,0.199925,1.0753,1.0,1.0,True,True,0
data/max2sat/70/70/PROBLEM_070_070_08.cnf,70,70,1.0,0.222615,0.219333,1.015,1.0,1.0,True,True,0
data/max2sat/70/70/PROBLEM_070_070_09.cnf,70,70,1.0,0.194784,0.192892,1.0098,1.0,1.0,True,True,0
data/max2sat/70/70/PROBLEM_070_070_10.cnf,70,70,1.0,0.195631,0.192784,1.0148,1.0,1.0,True,True,0
data/max2sat/70/70/PROBLEM_070_070_11.cnf,70,70,1.0,0.20283,0.196537,1.032,1.0,1.0,True,True,0
data/max2sat/70/70/PROBLEM_070_070_12.cnf,70,70,1.0,0.19936,0.208189,0.9576,1.0,1.0,True,True,0
data/max2sat/70/70/PROBLEM_070_070_13.cnf,70,70,1.0,0.193897,0.194886,0.9949,1.0,1.0,True,True,0
data/max2sat/70/70/PROBLEM_070_070_14.cnf,70,70,1.0,0.192671,0.194915,0.9885,1.0,1.0,True,True,0
data/max2sat/70/70/PROBLEM_070_070_15.cnf,70,70,1.0,0.20451,0.195911,1.0439,1.0,1.0,True,True,0
data/max2sat/70/70/PROBLEM_070_070_16.cnf,70,70,1.0,0.201033,0.204969,0.9808,1.0,1.0,True,True,0
data/max2sat/70/70/PROBLEM_070_070_17.cnf,70,70,1.0,0.191737,0.193883,0.9889,1.0,1.0,True,True,0
data/max2sat/70/70/PROBLEM_070_070_18.cnf,70,70,1.0,0.192874,0.192899,0.9999,1.0,1.0,True,True,0
data/max2sat/70/70/PROBLEM_070_070_19.cnf,70,70,1.0,0.20276,0.196213,1.0334,1.0,1.0,True,True,0
data/max2sat/70/70/PROBLEM_070_070_20.cnf,70,70,1.0,0.211344,0.203777,1.0371,1.0,1.0,True,True,0
data/max2sat/70/70/PROBLEM_070_070_21.cnf,70,70,1.0,0.193886,0.19589,0.9898,1.0,1.0,True,True,0
data/max2sat/70/70/PROBLEM_070_070_22.cnf,70,70,1.0,0.195142,0.19223,1.0151,1.0,1.0,True,True,0
data/max2sat/70/70/PROBLEM_070_070_23.cnf,70,70,1.0,0.201893,0.193807,1.0417,1.0,1.0,True,True,0
data/max2sat/70/70/PROBLEM_070_070_24.cnf,70,70,1.0,0.21038,0.200792,1.0478,1.0,1.0,True,True,0
data/max2sat/70/70/PROBLEM_070_070_25.cnf,70,70,1.0,0.195278,0.196739,0.9926,1.0,1.0,True,True,0
data/max2sat/70/70/PROBLEM_070_070_26.cnf,70,70,1.0,0.194909,0.192614,1.0119,1.0,1.0,True,True,0
data/max2sat/70/70/PROBLEM_070_070_27.cnf,70,70,1.0,0.2004,0.190534,1.0518,1.0,1.0,True,True,0
data/max2sat/70/70/PROBLEM_070_070_28.cnf,70,70,1.0,0.216607,0.198876,1.0892,1.0,1.0,True,True,0
data/max2sat/70/70/PROBLEM_070_070_29.cnf,70,70,1.0,0.19188,0.191881,1.0,1.0,1.0,True,True,0
data/max2sat/70/70/PROBLEM_070_070_30.cnf,70,70,1.0,0.192947,0.193567,0.9968,1.0,1.0,True,True,0
data/max2sat/70/70/PROBLEM_070_070_31.cnf,70,70,1.0,0.195741,0.193993,1.009,1.0,1.0,True,True,0
data/max2sat/70/70/PROBLEM_070_070_32.cnf,70,70,1.0,0.224261,0.205557,1.091,1.0,1.0,True,True,0
data/max2sat/70/70/PROBLEM_070_070_33.cnf,70,70,1.0,0.192732,0.193498,0.996,1.0,1.0,True,True,0
data/max2sat/70/70/PROBLEM_070_070_34.cnf,70,70,1.0,0.190655,0.191101,0.9977,1.0,1.0,True,True,0
data/max2sat/70/70/PROBLEM_070_070_35.cnf,70,70,1.0,0.192439,0.192949,0.9974,1.0,1.0,True,True,0
data/max2sat/70/70/PROBLEM_070_070_36.cnf,70,70,1.0,0.225569,0.209772,1.0753,1.0,1.0,True,True,0
data/max2sat/70/70/PROBLEM_070_070_37.cnf,70,70,1.0,0.197897,0.192882,1.026,1.0,1.0,True,True,0
data/max2sat/70/70/PROBLEM_070_070_38.cnf,70,70,1.0,0.194989,0.192916,1.0107,1.0,1.0,True,True,0
data/max2sat/70/70/PROBLEM_070_070_39.cnf,70,70,1.0,0.193006,0.192916,1.0005,1.0,1.0,True,True,0
data/max2sat/70/70/PROBLEM_070_070_40.cnf,70,70,1.0,0.22389,0.206108,1.0863,1.0,1.0,True,True,0
data/max2sat/70/70/PROBLEM_070_070_41.cnf,70,70,1.0,0.192147,0.191618,1.0028,1.0,1.0,True,True,0
data/max2sat/70/70/PROBLEM_070_070_42.cnf,70,70,1.0,0.189954,0.191695,0.9909,1.0,1.0,True,True,0
data/max2sat/70/70/PROBLEM_070_070_43.cnf,70,70,1.0,0.193828,0.194937,0.9943,1.0,1.0,True,True,0
data/max2sat/70/70/PROBLEM_070_070_44.cnf,70,70,1.0,0.19568,0.204229,0.9581,1.0,1.0,True,True,0
data/max2sat/70/70/PROBLEM_070_070_45.cnf,70,70,1.0,0.192861,0.196872,0.9796,1.0,1.0,True,True,0
data/max2sat/70/70/PROBLEM_070_070_46.cnf,70,70,1.0,0.210771,0.190043,1.1091,1.0,1.0,True,True,0
data/max2sat/70/70/PROBLEM_070_070_47.cnf,70,70,1.0,0.199457,0.191893,1.0394,1.0,1.0,True,True,0
data/max2sat/70/70/PROBLEM_070_070_48.cnf,70,70,1.0,0.195912,0.200738,0.976,1.0,1.0,True,True,0
data/max2sat/70/70/PROBLEM_070_070_49.cnf,70,70,1.0,0.192849,0.189933,1.0154,1.0,1.0,True,True,0
data/max2sat/70/70/PROBLEM_070_070_50.cnf,70,70,1.0,0.206043,0.195397,1.0545,1.0,1.0,True,True,0
data/max2sat/70/80/PROBLEM_070_080_01.cnf,70,80,1.1429,0.118096,0.124398,0.9493,1.0,1.0,True,True,0
data/max2sat/70/80/PROBLEM_070_080_02.cnf,70,80,1.1429,0.105084,0.103736,1.013,1.0,1.0,True,True,0
data/max2sat/70/80/PROBLEM_070_080_03.cnf,70,80,1.1429,0.104244,0.104718,0.9955,1.0,1.0,True,True,0
data/max2sat/70/80/PROBLEM_070_080_04.cnf,70,80,1.1429,0.112964,0.113722,0.9933,1.0,1.0,True,True,0
data/max2sat/70/80/PROBLEM_070_080_05.cnf,70,80,1.1429,0.204354,0.202851,1.0074,1.0,1.0,True,True,0
data/max2sat/70/80/PROBLEM_070_080_06.cnf,70,80,1.1429,0.211351,0.204542,1.0333,1.0,1.0,True,True,0
data/max2sat/70/80/PROBLEM_070_080_07.cnf,70,80,1.1429,0.207865,0.215699,0.9637,1.0,1.0,True,True,0
data/max2sat/70/80/PROBLEM_070_080_08.cnf,70,80,1.1429,0.221339,0.224686,0.9851,1.0,1.0,True,True,0
data/max2sat/70/80/PROBLEM_070_080_09.cnf,70,80,1.1429,0.199712,0.20018,0.9977,1.0,1.0,True,True,0
data/max2sat/70/80/PROBLEM_070_080_10.cnf,70,80,1.1429,0.202806,0.199106,1.0186,1.0,1.0,True,True,0
data/max2sat/70/80/PROBLEM_070_080_11.cnf,70,80,1.1429,0.214637,0.20088,1.0685,1.0,1.0,True,True,0
data/max2sat/70/80/PROBLEM_070_080_12.cnf,70,80,1.1429,0.215458,0.216273,0.9962,1.0,1.0,True,True,0
data/max2sat/70/80/PROBLEM_070_080_13.cnf,70,80,1.1429,0.198891,0.198895,1.0,0.9875,0.9875,False,False,0
data/max2sat/70/80/PROBLEM_070_080_14.cnf,70,80,1.1429,0.198015,0.198063,0.9998,1.0,1.0,True,True,0
data/max2sat/70/80/PROBLEM_070_080_15.cnf,70,80,1.1429,0.220878,0.198895,1.1105,1.0,1.0,True,True,0
data/max2sat/70/80/PROBLEM_070_080_16.cnf,70,80,1.1429,0.208906,0.212909,0.9812,1.0,1.0,True,True,0
data/max2sat/70/80/PROBLEM_070_080_17.cnf,70,80,1.1429,0.198896,0.198965,0.9997,1.0,1.0,True,True,0
data/max2sat/70/80/PROBLEM_070_080_18.cnf,70,80,1.1429,0.197893,0.198309,0.9979,1.0,1.0,True,True,0
data/max2sat/70/80/PROBLEM_070_080_19.cnf,70,80,1.1429,0.215889,0.197905,1.0909,1.0,1.0,True,True,0
data/max2sat/70/80/PROBLEM_070_080_20.cnf,70,80,1.1429,0.214727,0.217894,0.9855,1.0,1.0,True,True,0
data/max2sat/70/80/PROBLEM_070_080_21.cnf,70,80,1.1429,0.198398,0.197758,1.0032,1.0,1.0,True,True,0
data/max2sat/70/80/PROBLEM_070_080_22.cnf,70,80,1.1429,0.200279,0.200223,1.0003,1.0,1.0,True,True,0
data/max2sat/70/80/PROBLEM_070_080_23.cnf,70,80,1.1429,0.208041,0.197894,1.0513,1.0,1.0,True,True,0
data/max2sat/70/80/PROBLEM_070_080_24.cnf,70,80,1.1429,0.225049,0.220905,1.0188,1.0,1.0,True,True,0
data/max2sat/70/80/PROBLEM_070_080_25.cnf,70,80,1.1429,0.198879,0.198851,1.0001,1.0,1.0,True,True,0
data/max2sat/70/80/PROBLEM_070_080_26.cnf,70,80,1.1429,0.199276,0.199269,1.0,1.0,1.0,True,True,0
data/max2sat/70/80/PROBLEM_070_080_27.cnf,70,80,1.1429,0.202743,0.19789,1.0245,1.0,1.0,True,True,0
data/max2sat/70/80/PROBLEM_070_080_28.cnf,70,80,1.1429,0.225026,0.220902,1.0187,1.0,1.0,True,True,0
data/max2sat/70/80/PROBLEM_070_080_29.cnf,70,80,1.1429,0.201372,0.203548,0.9893,1.0,1.0,True,True,0
data/max2sat/70/80/PROBLEM_070_080_30.cnf,70,80,1.1429,0.197889,0.202801,0.9758,1.0,1.0,True,True,0
data/max2sat/70/80/PROBLEM_070_080_31.cnf,70,80,1.1429,0.200741,0.199889,1.0043,1.0,1.0,True,True,0
data/max2sat/70/80/PROBLEM_070_080_32.cnf,70,80,1.1429,0.215862,0.219897,0.9817,1.0,1.0,True,True,0
data/max2sat/70/80/PROBLEM_070_080_33.cnf,70,80,1.1429,0.197896,0.202344,0.978,1.0,1.0,True,True,0
data/max2sat/70/80/PROBLEM_070_080_34.cnf,70,80,1.1429,0.196645,0.198065,0.9928,1.0,1.0,True,True,0
data/max2sat/70/80/PROBLEM_070_080_35.cnf,70,80,1.1429,0.197086,0.201887,0.9762,1.0,1.0,True,True,0
data/max2sat/70/80/PROBLEM_070_080_36.cnf,70,80,1.1429,0.212027,0.216883,0.9776,1.0,1.0,True,True,0
data/max2sat/70/80/PROBLEM_070_080_37.cnf,70,80,1.1429,0.213908,0.198642,1.0769,1.0,1.0,True,True,0
data/max2sat/70/80/PROBLEM_070_080_38.cnf,70,80,1.1429,0.198014,0.195491,1.0129,1.0,1.0,True,True,0
data/max2sat/70/80/PROBLEM_070_080_39.cnf,70,80,1.1429,0.204006,0.195901,1.0414,1.0,1.0,True,True,0
data/max2sat/70/80/PROBLEM_070_080_40.cnf,70,80,1.1429,0.21979,0.218899,1.0041,1.0,1.0,True,True,0
data/max2sat/70/80/PROBLEM_070_080_41.cnf,70,80,1.1429,0.20189,0.200037,1.0093,1.0,1.0,True,True,0
data/max2sat/70/80/PROBLEM_070_080_42.cnf,70,80,1.1429,0.215176,0.200602,1.0727,1.0,1.0,True,True,0
data/max2sat/70/80/PROBLEM_070_080_43.cnf,70,80,1.1429,0.206172,0.195899,1.0524,0.9875,0.9875,False,False,0
data/max2sat/70/80/PROBLEM_070_080_44.cnf,70,80,1.1429,0.224609,0.211894,1.06,1.0,1.0,True,True,0
data/max2sat/70/80/PROBLEM_070_080_45.cnf,70,80,1.1429,0.19775,0.198202,0.9977,1.0,1.0,True,True,0
data/max2sat/70/80/PROBLEM_070_080_46.cnf,70,80,1.1429,0.198875,0.205603,0.9673,1.0,1.0,True,True,0
data/max2sat/70/80/PROBLEM_070_080_47.cnf,70,80,1.1429,0.202975,0.200136,1.0142,1.0,1.0,True,True,0
data/max2sat/70/80/PROBLEM_070_080_48.cnf,70,80,1.1429,0.205375,0.200742,1.0231,1.0,1.0,True,True,0
data/max2sat/70/80/PROBLEM_070_080_49.cnf,70,80,1.1429,0.208398,0.197581,1.0547,1.0,1.0,True,True,0
data/max2sat/70/80/PROBLEM_070_080_50.cnf,70,80,1.1429,0.196838,0.202556,0.9718,1.0,1.0,True,True,0
data/max2sat/70/90/PROBLEM_070_090_01.cnf,70,90,1.2857,0.11974,0.114517,1.0456,1.0,1.0,True,True,0
data/max2sat/70/90/PROBLEM_070_090_02.cnf,70,90,1.2857,0.108079,0.110311,0.9798,1.0,1.0,True,True,0
data/max2sat/70/90/PROBLEM_070_090_03.cnf,70,90,1.2857,0.123266,0.110404,1.1165,1.0,1.0,True,True,0
data/max2sat/70/90/PROBLEM_070_090_04.cnf,70,90,1.2857,0.126918,0.122285,1.0379,1.0,1.0,True,True,0
data/max2sat/70/90/PROBLEM_070_090_05.cnf,70,90,1.2857,0.209093,0.207591,1.0072,1.0,1.0,True,True,0
data/max2sat/70/90/PROBLEM_070_090_06.cnf,70,90,1.2857,0.209371,0.207481,1.0091,0.9889,0.9889,False,False,0
data/max2sat/70/90/PROBLEM_070_090_07.cnf,70,90,1.2857,0.233024,0.207899,1.1209,1.0,1.0,True,True,0
data/max2sat/70/90/PROBLEM_070_090_08.cnf,70,90,1.2857,0.234892,0.23127,1.0157,0.9889,0.9889,False,False,0
data/max2sat/70/90/PROBLEM_070_090_09.cnf,70,90,1.2857,0.201756,0.200654,1.0055,1.0,1.0,True,True,0
data/max2sat/70/90/PROBLEM_070_090_10.cnf,70,90,1.2857,0.201793,0.196126,1.0289,1.0,1.0,True,True,0
data/max2sat/70/90/PROBLEM_070_090_11.cnf,70,90,1.2857,0.220423,0.197128,1.1182,1.0,1.0,True,True,0
data/max2sat/70/90/PROBLEM_070_090_12.cnf,70,90,1.2857,0.214901,0.214926,0.9999,1.0,1.0,True,True,0
data/max2sat/70/90/PROBLEM_070_090_13.cnf,70,90,1.2857,0.2017,0.200693,1.005,1.0,1.0,True,True,0
data/max2sat/70/90/PROBLEM_070_090_14.cnf,70,90,1.2857,0.203436,0.20197,1.0073,1.0,1.0,True,True,0
data/max2sat/70/90/PROBLEM_070_090_15.cnf,70,90,1.2857,0.212769,0.203284,1.0467,1.0,1.0,True,True,0
data/max2sat/70/90/PROBLEM_070_090_16.cnf,70,90,1.2857,0.21695,0.211896,1.0239,1.0,1.0,True,True,0
data/max2sat/70/90/PROBLEM_070_090_17.cnf,70,90,1.2857,0.199158,0.201584,0.988,1.0,1.0,True,True,0
data/max2sat/70/90/PROBLEM_070_090_18.cnf,70,90,1.2857,0.203582,0.205188,0.9922,1.0,1.0,True,True,0
data/max2sat/70/90/PROBLEM_070_090_19.cnf,70,90,1.2857,0.204877,0.203148,1.0085,1.0,1.0,True,True,0
data/max2sat/70/90/PROBLEM_070_090_20.cnf,70,90,1.2857,0.213028,0.219889,0.9688,1.0,1.0,True,True,0
data/max2sat/70/90/PROBLEM_070_090_21.cnf,70,90,1.2857,0.199094,0.20282,0.9816,1.0,1.0,True,True,0
data/max2sat/70/90/PROBLEM_070_090_22.cnf,70,90,1.2857,0.200429,0.202522,0.9897,1.0,1.0,True,True,0
data/max2sat/70/90/PROBLEM_070_090_23.cnf,70,90,1.2857,0.203037,0.202967,1.0003,1.0,1.0,True,True,0
data/max2sat/70/90/PROBLEM_070_090_24.cnf,70,90,1.2857,0.214851,0.219892,0.9771,1.0,1.0,True,True,0
data/max2sat/70/90/PROBLEM_070_090_25.cnf,70,90,1.2857,0.20862,0.205898,1.0132,1.0,1.0,True,True,0
data/max2sat/70/90/PROBLEM_070_090_26.cnf,70,90,1.2857,0.204229,0.203647,1.0029,1.0,1.0,True,True,0
data/max2sat/70/90/PROBLEM_070_090_27.cnf,70,90,1.2857,0.207926,0.202989,1.0243,1.0,1.0,True,True,0
data/max2sat/70/90/PROBLEM_070_090_28.cnf,70,90,1.2857,0.219798,0.210893,1.0422,1.0,1.0,True,True,0
data/max2sat/70/90/PROBLEM_070_090_29.cnf,70,90,1.2857,0.21101,0.20602,1.0242,1.0,1.0,True,True,0
data/max2sat/70/90/PROBLEM_070_090_30.cnf,70,90,1.2857,0.204389,0.202938,1.0071,1.0,1.0,True,True,0
data/max2sat/70/90/PROBLEM_070_090_31.cnf,70,90,1.2857,0.211377,0.209827,1.0074,1.0,1.0,True,True,0
data/max2sat/70/90/PROBLEM_070_090_32.cnf,70,90,1.2857,0.224828,0.23289,0.9654,1.0,1.0,True,True,0
data/max2sat/70/90/PROBLEM_070_090_33.cnf,70,90,1.2857,0.200885,0.203897,0.9852,1.0,1.0,True,True,0
data/max2sat/70/90/PROBLEM_070_090_34.cnf,70,90,1.2857,0.202903,0.20369,0.9961,0.9889,0.9889,False,False,0
data/max2sat/70/90/PROBLEM_070_090_35.cnf,70,90,1.2857,0.209915,0.209654,1.0012,1.0,1.0,True,True,0
data/max2sat/70/90/PROBLEM_070_090_36.cnf,70,90,1.2857,0.224047,0.232887,0.962,1.0,1.0,True,True,0
data/max2sat/70/90/PROBLEM_070_090_37.cnf,70,90,1.2857,0.203996,0.204156,0.9992,1.0,1.0,True,True,0
data/max2sat/70/90/PROBLEM_070_090_38.cnf,70,90,1.2857,0.200559,0.201757,0.9941,1.0,1.0,True,True,0
data/max2sat/70/90/PROBLEM_070_090_39.cnf,70,90,1.2857,0.208211,0.201172,1.035,1.0,1.0,True,True,0
data/max2sat/70/90/PROBLEM_070_090_40.cnf,70,90,1.2857,0.215716,0.20888,1.0327,1.0,1.0,True,True,0
data/max2sat/70/90/PROBLEM_070_090_41.cnf,70,90,1.2857,0.202384,0.201827,1.0028,1.0,1.0,True,True,0
data/max2sat/70/90/PROBLEM_070_090_42.cnf,70,90,1.2857,0.200547,0.202131,0.9922,1.0,1.0,True,True,0
data/max2sat/70/90/PROBLEM_070_090_43.cnf,70,90,1.2857,0.211835,0.20416,1.0376,1.0,1.0,True,True,0
data/max2sat/70/90/PROBLEM_070_090_44.cnf,70,90,1.2857,0.217897,0.229878,0.9479,1.0,1.0,True,True,0
data/max2sat/70/90/PROBLEM_070_090_45.cnf,70,90,1.2857,0.19925,0.202917,0.9819,1.0,1.0,True,True,0
data/max2sat/70/90/PROBLEM_070_090_46.cnf,70,90,1.2857,0.200939,0.208542,0.9635,1.0,1.0,True,True,0
data/max2sat/70/90/PROBLEM_070_090_47.cnf,70,90,1.2857,0.21189,0.2155,0.9832,1.0,1.0,True,True,0
data/max2sat/70/90/PROBLEM_070_090_48.cnf,70,90,1.2857,0.219069,0.225794,0.9702,1.0,1.0,True,True,0
data/max2sat/70/90/PROBLEM_070_090_49.cnf,70,90,1.2857,0.200694,0.211162,0.9504,1.0,1.0,True,True,0
data/max2sat/70/90/PROBLEM_070_090_50.cnf,70,90,1.2857,0.201261,0.211133,0.9532,1.0,1.0,True,True,0
data/max2sat/80/100/PROBLEM_080_100_01.cnf,80,100,1.25,0.138607,0.143741,0.9643,1.0,1.0,True,True,0
data/max2sat/80/100/PROBLEM_080_100_02.cnf,80,100,1.25,0.140696,0.124462,1.1304,1.0,1.0,True,True,0
data/max2sat/80/100/PROBLEM_080_100_03.cnf,80,100,1.25,0.123509,0.124163,0.9947,1.0,1.0,True,True,0
data/max2sat/80/100/PROBLEM_080_100_04.cnf,80,100,1.25,0.123607,0.125705,0.9833,1.0,1.0,True,True,0
data/max2sat/80/100/PROBLEM_080_100_05.cnf,80,100,1.25,0.239145,0.237146,1.0084,0.99,0.99,False,False,0
data/max2sat/80/100/PROBLEM_080_100_06.cnf,80,100,1.25,0.241189,0.238132,1.0128,1.0,1.0,True,True,0
data/max2sat/80/100/PROBLEM_080_100_07.cnf,80,100,1.25,0.240274,0.23884,1.006,1.0,1.0,True,True,0
data/max2sat/80/100/PROBLEM_080_100_08.cnf,80,100,1.25,0.27028,0.254187,1.0633,1.0,1.0,True,True,0
data/max2sat/80/100/PROBLEM_080_100_09.cnf,80,100,1.25,0.232388,0.22999,1.0104,1.0,1.0,True,True,0
data/max2sat/80/100/PROBLEM_080_100_10.cnf,80,100,1.25,0.235773,0.229622,1.0268,1.0,1.0,True,True,0
data/max2sat/80/100/PROBLEM_080_100_11.cnf,80,100,1.25,0.232394,0.230355,1.0089,0.99,0.99,False,False,0
data/max2sat/80/100/PROBLEM_080_100_12.cnf,80,100,1.25,0.261508,0.247699,1.0557,1.0,1.0,True,True,0
data/max2sat/80/100/PROBLEM_080_100_13.cnf,80,100,1.25,0.230123,0.25619,0.8983,1.0,1.0,True,True,0
data/max2sat/80/100/PROBLEM_080_100_14.cnf,80,100,1.25,0.236905,0.231918,1.0215,1.0,1.0,True,True,0
data/max2sat/80/100/PROBLEM_080_100_15.cnf,80,100,1.25,0.235138,0.246457,0.9541,1.0,1.0,True,True,0
data/max2sat/80/100/PROBLEM_080_100_16.cnf,80,100,1.25,0.25689,0.280086,0.9172,1.0,1.0,True,True,0
data/max2sat/80/100/PROBLEM_080_100_17.cnf,80,100,1.25,0.22896,0.23081,0.992,1.0,1.0,True,True,0
data/max2sat/80/100/PROBLEM_080_100_18.cnf,80,100,1.25,0.23173,0.252215,0.9188,0.99,0.99,False,False,0
data/max2sat/80/100/PROBLEM_080_100_19.cnf,80,100,1.25,0.240609,0.249065,0.966,1.0,1.0,True,True,0
data/max2sat/80/100/PROBLEM_080_100_20.cnf,80,100,1.25,0.236892,0.286743,0.8261,0.99,0.99,False,False,0
data/max2sat/80/100/PROBLEM_080_100_21.cnf,80,100,1.25,0.230941,0.227878,1.0134,1.0,1.0,True,True,0
data/max2sat/80/100/PROBLEM_080_100_22.cnf,80,100,1.25,0.228735,0.235627,0.9708,1.0,1.0,True,True,0
data/max2sat/80/100/PROBLEM_080_100_23.cnf,80,100,1.25,0.244896,0.241585,1.0137,0.99,0.99,False,False,0
data/max2sat/80/100/PROBLEM_080_100_24.cnf,80,100,1.25,0.228891,0.28513,0.8028,1.0,1.0,True,True,0
data/max2sat/80/100/PROBLEM_080_100_25.cnf,80,100,1.25,0.232114,0.227886,1.0186,1.0,1.0,True,True,0
data/max2sat/80/100/PROBLEM_080_100_26.cnf,80,100,1.25,0.227895,0.242711,0.939,1.0,1.0,True,True,0
data/max2sat/80/100/PROBLEM_080_100_27.cnf,80,100,1.25,0.249806,0.244455,1.0219,1.0,1.0,True,True,0
data/max2sat/80/100/PROBLEM_080_100_28.cnf,80,100,1.25,0.230889,0.256988,0.8984,1.0,1.0,True,True,0
data/max2sat/80/100/PROBLEM_080_100_29.cnf,80,100,1.25,0.232387,0.250206,0.9288,1.0,1.0,True,True,0
data/max2sat/80/100/PROBLEM_080_100_30.cnf,80,100,1.25,0.232013,0.243881,0.9513,1.0,1.0,True,True,0
data/max2sat/80/100/PROBLEM_080_100_31.cnf,80,100,1.25,0.259898,0.234902,1.1064,1.0,1.0,True,True,0
data/max2sat/80/100/PROBLEM_080_100_32.cnf,80,100,1.25,0.234065,0.228868,1.0227,1.0,1.0,True,True,0
data/max2sat/80/100/PROBLEM_080_100_33.cnf,80,100,1.25,0.230836,0.256403,0.9003,1.0,1.0,True,True,0
data/max2sat/80/100/PROBLEM_080_100_34.cnf,80,100,1.25,0.2308,0.229869,1.0041,1.0,1.0,True,True,0
data/max2sat/80/100/PROBLEM_080_100_35.cnf,80,100,1.25,0.259584,0.234539,1.1068,1.0,1.0,True,True,0
data/max2sat/80/100/PROBLEM_080_100_36.cnf,80,100,1.25,0.240546,0.22988,1.0464,1.0,1.0,True,True,0
data/max2sat/80/100/PROBLEM_080_100_37.cnf,80,100,1.25,0.231075,0.2497,0.9254,1.0,1.0,True,True,0
data/max2sat/80/100/PROBLEM_080_100_38.cnf,80,100,1.25,0.227879,0.225873,1.0089,1.0,1.0,True,True,0
data/max2sat/80/100/PROBLEM_080_100_39.cnf,80,100,1.25,0.248037,0.233865,1.0606,1.0,1.0,True,True,0
data/max2sat/80/100/PROBLEM_080_100_40.cnf,80,100,1.25,0.247808,0.227882,1.0874,1.0,1.0,True,True,0
data/max2sat/80/100/PROBLEM_080_100_41.cnf,80,100,1.25,0.232322,0.230215,1.0092,1.0,1.0,True,True,0
data/max2sat/80/100/PROBLEM_080_100_42.cnf,80,100,1.25,0.229039,0.240026,0.9542,1.0,1.0,True,True,0
data/max2sat/80/100/PROBLEM_080_100_43.cnf,80,100,1.25,0.240329,0.237367,1.0125,1.0,1.0,True,True,0
data/max2sat/80/100/PROBLEM_080_100_44.cnf,80,100,1.25,0.255367,0.227872,1.1207,1.0,1.0,True,True,0
data/max2sat/80/100/PROBLEM_080_100_45.cnf,80,100,1.25,0.232744,0.233161,0.9982,1.0,1.0,True,True,0
data/max2sat/80/100/PROBLEM_080_100_46.cnf,80,100,1.25,0.230989,0.237857,0.9711,1.0,1.0,True,True,0
data/max2sat/80/100/PROBLEM_080_100_47.cnf,80,100,1.25,0.238799,0.235042,1.016,1.0,1.0,True,True,0
data/max2sat/80/100/PROBLEM_080_100_48.cnf,80,100,1.25,0.254398,0.225911,1.1261,0.99,0.99,False,False,0
data/max2sat/80/100/PROBLEM_080_100_49.cnf,80,100,1.25,0.232408,0.230755,1.0072,1.0,1.0,True,True,0
data/max2sat/80/100/PROBLEM_080_100_50.cnf,80,100,1.25,0.231308,0.231461,0.9993,1.0,1.0,True,True,0
data/max2sat/80/80/PROBLEM_080_080_01.cnf,80,80,1.0,0.128684,0.127263,1.0112,1.0,1.0,True,True,0
data/max2sat/80/80/PROBLEM_080_080_02.cnf,80,80,1.0,0.115539,0.114408,1.0099,1.0,1.0,True,True,0
data/max2sat/80/80/PROBLEM_080_080_03.cnf,80,80,1.0,0.133192,0.117961,1.1291,1.0,1.0,True,True,0
data/max2sat/80/80/PROBLEM_080_080_04.cnf,80,80,1.0,0.117444,0.133697,0.8784,1.0,1.0,True,True,0
data/max2sat/80/80/PROBLEM_080_080_05.cnf,80,80,1.0,0.235308,0.224527,1.048,1.0,1.0,True,True,0
data/max2sat/80/80/PROBLEM_080_080_06.cnf,80,80,1.0,0.22717,0.225108,1.0092,1.0,1.0,True,True,0
data/max2sat/80/80/PROBLEM_080_080_07.cnf,80,80,1.0,0.232134,0.229681,1.0107,1.0,1.0,True,True,0
data/max2sat/80/80/PROBLEM_080_080_08.cnf,80,80,1.0,0.251032,0.248669,1.0095,1.0,1.0,True,True,0
data/max2sat/80/80/PROBLEM_080_080_09.cnf,80,80,1.0,0.22155,0.22106,1.0022,1.0,1.0,True,True,0
data/max2sat/80/80/PROBLEM_080_080_10.cnf,80,80,1.0,0.227663,0.217077,1.0488,1.0,1.0,True,True,0
data/max2sat/80/80/PROBLEM_080_080_11.cnf,80,80,1.0,0.239342,0.220641,1.0848,1.0,1.0,True,True,0
data/max2sat/80/80/PROBLEM_080_080_12.cnf,80,80,1.0,0.228951,0.229887,0.9959,1.0,1.0,True,True,0
data/max2sat/80/80/PROBLEM_080_080_13.cnf,80,80,1.0,0.221896,0.220567,1.006,1.0,1.0,True,True,0
data/max2sat/80/80/PROBLEM_080_080_14.cnf,80,80,1.0,0.224749,0.220843,1.0177,1.0,1.0,True,True,0
data/max2sat/80/80/PROBLEM_080_080_15.cnf,80,80,1.0,0.246419,0.219376,1.1233,1.0,1.0,True,True,0
data/max2sat/80/80/PROBLEM_080_080_16.cnf,80,80,1.0,0.230154,0.239902,0.9594,1.0,1.0,True,True,0
data/max2sat/80/80/PROBLEM_080_080_17.cnf,80,80,1.0,0.225806,0.222475,1.015,1.0,1.0,True,True,0
data/max2sat/80/80/PROBLEM_080_080_18.cnf,80,80,1.0,0.224565,0.221107,1.0156,1.0,1.0,True,True,0
data/max2sat/80/80/PROBLEM_080_080_19.cnf,80,80,1.0,0.233902,0.219859,1.0639,1.0,1.0,True,True,0
data/max2sat/80/80/PROBLEM_080_080_20.cnf,80,80,1.0,0.256831,0.245897,1.0445,1.0,1.0,True,True,0
data/max2sat/80/80/PROBLEM_080_080_21.cnf,80,80,1.0,0.222873,0.224454,0.993,1.0,1.0,True,True,0
data/max2sat/80/80/PROBLEM_080_080_22.cnf,80,80,1.0,0.224025,0.221531,1.0113,1.0,1.0,True,True,0
data/max2sat/80/80/PROBLEM_080_080_23.cnf,80,80,1.0,0.220524,0.218734,1.0082,1.0,1.0,True,True,0
data/max2sat/80/80/PROBLEM_080_080_24.cnf,80,80,1.0,0.253018,0.240884,1.0504,1.0,1.0,True,True,0
data/max2sat/80/80/PROBLEM_080_080_25.cnf,80,80,1.0,0.215826,0.21883,0.9863,1.0,1.0,True,True,0
data/max2sat/80/80/PROBLEM_080_080_26.cnf,80,80,1.0,0.221179,0.220898,1.0013,1.0,1.0,True,True,0
data/max2sat/80/80/PROBLEM_080_080_27.cnf,80,80,1.0,0.220865,0.220763,1.0005,1.0,1.0,True,True,0
data/max2sat/80/80/PROBLEM_080_080_28.cnf,80,80,1.0,0.242892,0.236892,1.0253,1.0,1.0,True,True,0
data/max2sat/80/80/PROBLEM_080_080_29.cnf,80,80,1.0,0.217344,0.21789,0.9975,1.0,1.0,True,True,0
data/max2sat/80/80/PROBLEM_080_080_30.cnf,80,80,1.0,0.223914,0.221105,1.0127,1.0,1.0,True,True,0
data/max2sat/80/80/PROBLEM_080_080_31.cnf,80,80,1.0,0.219119,0.217692,1.0066,1.0,1.0,True,True,0
data/max2sat/80/80/PROBLEM_080_080_32.cnf,80,80,1.0,0.253592,0.232883,1.0889,1.0,1.0,True,True,0
data/max2sat/80/80/PROBLEM_080_080_33.cnf,80,80,1.0,0.220135,0.218889,1.0057,1.0,1.0,True,True,0
data/max2sat/80/80/PROBLEM_080_080_34.cnf,80,80,1.0,0.226894,0.220988,1.0267,1.0,1.0,True,True,0
data/max2sat/80/80/PROBLEM_080_080_35.cnf,80,80,1.0,0.219894,0.221065,0.9947,1.0,1.0,True,True,0
data/max2sat/80/80/PROBLEM_080_080_36.cnf,80,80,1.0,0.250889,0.228893,1.0961,1.0,1.0,True,True,0
data/max2sat/80/80/PROBLEM_080_080_37.cnf,80,80,1.0,0.218875,0.217892,1.0045,1.0,1.0,True,True,0
data/max2sat/80/80/PROBLEM_080_080_38.cnf,80,80,1.0,0.224879,0.224763,1.0005,1.0,1.0,True,True,0
data/max2sat/80/80/PROBLEM_080_080_39.cnf,80,80,1.0,0.221014,0.220363,1.003,1.0,1.0,True,True,0
data/max2sat/80/80/PROBLEM_080_080_40.cnf,80,80,1.0,0.228159,0.2299,0.9924,1.0,1.0,True,True,0
data/max2sat/80/80/PROBLEM_080_080_41.cnf,80,80,1.0,0.238891,0.217882,1.0964,1.0,1.0,True,True,0
data/max2sat/80/80/PROBLEM_080_080_42.cnf,80,80,1.0,0.222874,0.220804,1.0094,1.0,1.0,True,True,0
data/max2sat/80/80/PROBLEM_080_080_43.cnf,80,80,1.0,0.219997,0.221274,0.9942,1.0,1.0,True,True,0
data/max2sat/80/80/PROBLEM_080_080_44.cnf,80,80,1.0,0.219315,0.231862,0.9459,1.0,1.0,True,True,0
data/max2sat/80/80/PROBLEM_080_080_45.cnf,80,80,1.0,0.248899,0.21889,1.1371,1.0,1.0,True,True,0
data/max2sat/80/80/PROBLEM_080_080_46.cnf,80,80,1.0,0.221898,0.222948,0.9953,1.0,1.0,True,True,0
data/max2sat/80/80/PROBLEM_080_080_47.cnf,80,80,1.0,0.21987,0.217604,1.0104,1.0,1.0,True,True,0
data/max2sat/80/80/PROBLEM_080_080_48.cnf,80,80,1.0,0.219212,0.226012,0.9699,1.0,1.0,True,True,0
data/max2sat/80/80/PROBLEM_080_080_49.cnf,80,80,1.0,0.226145,0.221752,1.0198,1.0,1.0,True,True,0
data/max2sat/80/80/PROBLEM_080_080_50.cnf,80,80,1.0,0.230897,0.219435,1.0522,1.0,1.0,True,True,0
data/max2sat/80/90/PROBLEM_080_090_01.cnf,80,90,1.125,0.134968,0.128227,1.0526,1.0,1.0,True,True,0
data/max2sat/80/90/PROBLEM_080_090_02.cnf,80,90,1.125,0.120039,0.117886,1.0183,1.0,1.0,True,True,0
data/max2sat/80/90/PROBLEM_080_090_03.cnf,80,90,1.125,0.130189,0.125166,1.0401,1.0,1.0,True,True,0
data/max2sat/80/90/PROBLEM_080_090_04.cnf,80,90,1.125,0.122759,0.132151,0.9289,1.0,1.0,True,True,0
data/max2sat/80/90/PROBLEM_080_090_05.cnf,80,90,1.125,0.254016,0.234148,1.0849,1.0,1.0,True,True,0
data/max2sat/80/90/PROBLEM_080_090_06.cnf,80,90,1.125,0.236286,0.232688,1.0155,1.0,1.0,True,True,0
data/max2sat/80/90/PROBLEM_080_090_07.cnf,80,90,1.125,0.239736,0.239136,1.0025,1.0,1.0,True,True,0
data/max2sat/80/90/PROBLEM_080_090_08.cnf,80,90,1.125,0.253876,0.251133,1.0109,1.0,1.0,True,True,0
data/max2sat/80/90/PROBLEM_080_090_09.cnf,80,90,1.125,0.232761,0.229185,1.0156,1.0,1.0,True,True,0
data/max2sat/80/90/PROBLEM_080_090_10.cnf,80,90,1.125,0.235819,0.227394,1.0371,1.0,1.0,True,True,0
data/max2sat/80/90/PROBLEM_080_090_11.cnf,80,90,1.125,0.248858,0.22689,1.0968,1.0,1.0,True,True,0
data/max2sat/80/90/PROBLEM_080_090_12.cnf,80,90,1.125,0.250479,0.241906,1.0354,1.0,1.0,True,True,0
data/max2sat/80/90/PROBLEM_080_090_13.cnf,80,90,1.125,0.229353,0.22954,0.9992,1.0,1.0,True,True,0
data/max2sat/80/90/PROBLEM_080_090_14.cnf,80,90,1.125,0.233871,0.224823,1.0402,1.0,1.0,True,True,0
data/max2sat/80/90/PROBLEM_080_090_15.cnf,80,90,1.125,0.228998,0.225891,1.0138,1.0,1.0,True,True,0
data/max2sat/80/90/PROBLEM_080_090_16.cnf,80,90,1.125,0.253779,0.239894,1.0579,1.0,1.0,True,True,0
data/max2sat/80/90/PROBLEM_080_090_17.cnf,80,90,1.125,0.222834,0.222811,1.0001,1.0,1.0,True,True,0
data/max2sat/80/90/PROBLEM_080_090_18.cnf,80,90,1.125,0.230043,0.224883,1.0229,1.0,1.0,True,True,0
data/max2sat/80/90/PROBLEM_080_090_19.cnf,80,90,1.125,0.241836,0.226904,1.0658,1.0,1.0,True,True,0
data/max2sat/80/90/PROBLEM_080_090_20.cnf,80,90,1.125,0.241879,0.238882,1.0125,1.0,1.0,True,True,0
data/max2sat/80/90/PROBLEM_080_090_21.cnf,80,90,1.125,0.226895,0.223956,1.0131,0.9889,0.9889,False,False,0
data/max2sat/80/90/PROBLEM_080_090_22.cnf,80,90,1.125,0.23005,0.222413,1.0343,1.0,1.0,True,True,0
data/max2sat/80/90/PROBLEM_080_090_23.cnf,80,90,1.125,0.256545,0.224911,1.1407,1.0,1.0,True,True,0
data/max2sat/80/90/PROBLEM_080_090_24.cnf,80,90,1.125,0.228892,0.24091,0.9501,1.0,1.0,True,True,0
data/max2sat/80/90/PROBLEM_080_090_25.cnf,80,90,1.125,0.233812,0.225889,1.0351,1.0,1.0,True,True,0
data/max2sat/80/90/PROBLEM_080_090_26.cnf,80,90,1.125,0.229167,0.229851,0.997,1.0,1.0,True,True,0
data/max2sat/80/90/PROBLEM_080_090_27.cnf,80,90,1.125,0.237019,0.224881,1.054,1.0,1.0,True,True,0
data/max2sat/80/90/PROBLEM_080_090_28.cnf,80,90,1.125,0.244036,0.236889,1.0302,1.0,1.0,True,True,0
data/max2sat/80/90/PROBLEM_080_090_29.cnf,80,90,1.125,0.233892,0.226899,1.0308,1.0,1.0,True,True,0
data/max2sat/80/90/PROBLEM_080_090_30.cnf,80,90,1.125,0.22799,0.227444,1.0024,1.0,1.0,True,True,0
data/max2sat/80/90/PROBLEM_080_090_31.cnf,80,90,1.125,0.227921,0.225898,1.009,1.0,1.0,True,True,0
data/max2sat/80/90/PROBLEM_080_090_32.cnf,80,90,1.125,0.252729,0.239885,1.0535,1.0,1.0,True,True,0
data/max2sat/80/90/PROBLEM_080_090_33.cnf,80,90,1.125,0.23389,0.227896,1.0263,1.0,1.0,True,True,0
data/max2sat/80/90/PROBLEM_080_090_34.cnf,80,90,1.125,0.227412,0.223345,1.0182,1.0,1.0,True,True,0
data/max2sat/80/90/PROBLEM_080_090_35.cnf,80,90,1.125,0.22762,0.226919,1.0031,1.0,1.0,True,True,0
data/max2sat/80/90/PROBLEM_080_090_36.cnf,80,90,1.125,0.24965,0.240894,1.0363,1.0,1.0,True,True,0
data/max2sat/80/90/PROBLEM_080_090_37.cnf,80,90,1.125,0.228885,0.226886,1.0088,1.0,1.0,True,True,0
data/max2sat/80/90/PROBLEM_080_090_38.cnf,80,90,1.125,0.225639,0.225449,1.0008,1.0,1.0,True,True,0
data/max2sat/80/90/PROBLEM_080_090_39.cnf,80,90,1.125,0.228843,0.22889,0.9998,1.0,1.0,True,True,0
data/max2sat/80/90/PROBLEM_080_090_40.cnf,80,90,1.125,0.246237,0.241882,1.018,1.0,1.0,True,True,0
data/max2sat/80/90/PROBLEM_080_090_41.cnf,80,90,1.125,0.224951,0.224031,1.0041,1.0,1.0,True,True,0
data/max2sat/80/90/PROBLEM_080_090_42.cnf,80,90,1.125,0.226008,0.22564,1.0016,1.0,1.0,True,True,0
data/max2sat/80/90/PROBLEM_080_090_43.cnf,80,90,1.125,0.227466,0.223881,1.016,1.0,1.0,True,True,0
data/max2sat/80/90/PROBLEM_080_090_44.cnf,80,90,1.125,0.243159,0.236889,1.0265,1.0,1.0,True,True,0
data/max2sat/80/90/PROBLEM_080_090_45.cnf,80,90,1.125,0.231891,0.223662,1.0368,1.0,1.0,True,True,0
data/max2sat/80/90/PROBLEM_080_090_46.cnf,80,90,1.125,0.22682,0.226155,1.0029,1.0,1.0,True,True,0
data/max2sat/80/90/PROBLEM_080_090_47.cnf,80,90,1.125,0.225765,0.221895,1.0174,1.0,1.0,True,True,0
data/max2sat/80/90/PROBLEM_080_090_48.cnf,80,90,1.125,0.2464,0.232904,1.0579,1.0,1.0,True,True,0
data/max2sat/80/90/PROBLEM_080_090_49.cnf,80,90,1.125,0.226605,0.223057,1.0159,1.0,1.0,True,True,0
data/max2sat/80/90/PROBLEM_080_090_50.cnf,80,90,1.125,0.229444,0.22098,1.0383,1.0,1.0,True,True,0
data/max2sat/90/100/PROBLEM_090_100_01.cnf,90,100,1.1111,0.159663,0.153605,1.0394,1.0,1.0,True,True,0
data/max2sat/90/100/PROBLEM_090_100_02.cnf,90,100,1.1111,0.132626,0.132428,1.0015,1.0,1.0,True,True,0
data/max2sat/90/100/PROBLEM_090_100_03.cnf,90,100,1.1111,0.134354,0.135088,0.9946,1.0,1.0,True,True,0
data/max2sat/90/100/PROBLEM_090_100_04.cnf,90,100,1.1111,0.141608,0.139934,1.012,1.0,1.0,True,True,0
data/max2sat/90/100/PROBLEM_090_100_05.cnf,90,100,1.1111,0.259602,0.259924,0.9988,1.0,1.0,True,True,0
data/max2sat/90/100/PROBLEM_090_100_06.cnf,90,100,1.1111,0.261148,0.25915,1.0077,1.0,1.0,True,True,0
data/max2sat/90/100/PROBLEM_090_100_07.cnf,90,100,1.1111,0.269703,0.269909,0.9992,1.0,1.0,True,True,0
data/max2sat/90/100/PROBLEM_090_100_08.cnf,90,100,1.1111,0.283988,0.276903,1.0256,1.0,1.0,True,True,0
data/max2sat/90/100/PROBLEM_090_100_09.cnf,90,100,1.1111,0.257029,0.257682,0.9975,1.0,1.0,True,True,0
data/max2sat/90/100/PROBLEM_090_100_10.cnf,90,100,1.1111,0.25597,0.250753,1.0208,1.0,1.0,True,True,0
data/max2sat/90/100/PROBLEM_090_100_11.cnf,90,100,1.1111,0.273132,0.254899,1.0715,1.0,1.0,True,True,0
data/max2sat/90/100/PROBLEM_090_100_12.cnf,90,100,1.1111,0.276012,0.265903,1.038,1.0,1.0,True,True,0
data/max2sat/90/100/PROBLEM_090_100_13.cnf,90,100,1.1111,0.257882,0.252658,1.0207,1.0,1.0,True,True,0
data/max2sat/90/100/PROBLEM_090_100_14.cnf,90,100,1.1111,0.260351,0.25938,1.0037,1.0,1.0,True,True,0
data/max2sat/90/100/PROBLEM_090_100_15.cnf,90,100,1.1111,0.274243,0.254897,1.0759,1.0,1.0,True,True,0
data/max2sat/90/100/PROBLEM_090_100_16.cnf,90,100,1.1111,0.278465,0.266944,1.0432,1.0,1.0,True,True,0
data/max2sat/90/100/PROBLEM_090_100_17.cnf,90,100,1.1111,0.254741,0.250883,1.0154,1.0,1.0,True,True,0
data/max2sat/90/100/PROBLEM_090_100_18.cnf,90,100,1.1111,0.260262,0.26079,0.998,1.0,1.0,True,True,0
data/max2sat/90/100/PROBLEM_090_100_19.cnf,90,100,1.1111,0.256471,0.256151,1.0012,1.0,1.0,True,True,0
data/max2sat/90/100/PROBLEM_090_100_20.cnf,90,100,1.1111,0.280777,0.266891,1.052,1.0,1.0,True,True,0
data/max2sat/90/100/PROBLEM_090_100_21.cnf,90,100,1.1111,0.251887,0.248883,1.0121,1.0,1.0,True,True,0
data/max2sat/90/100/PROBLEM_090_100_22.cnf,90,100,1.1111,0.257644,0.259319,0.9935,1.0,1.0,True,True,0
data/max2sat/90/100/PROBLEM_090_100_23.cnf,90,100,1.1111,0.254409,0.252882,1.006,1.0,1.0,True,True,0
data/max2sat/90/100/PROBLEM_090_100_24.cnf,90,100,1.1111,0.283892,0.266841,1.0639,1.0,1.0,True,True,0
data/max2sat/90/100/PROBLEM_090_100_25.cnf,90,100,1.1111,0.249875,0.248876,1.004,1.0,1.0,True,True,0
data/max2sat/90/100/PROBLEM_090_100_26.cnf,90,100,1.1111,0.255718,0.255743,0.9999,1.0,1.0,True,True,0
data/max2sat/90/100/PROBLEM_090_100_27.cnf,90,100,1.1111,0.255066,0.25559,0.9979,1.0,1.0,True,True,0
data/max2sat/90/100/PROBLEM_090_100_28.cnf,90,100,1.1111,0.284115,0.270887,1.0488,1.0,1.0,True,True,0
data/max2sat/90/100/PROBLEM_090_100_29.cnf,90,100,1.1111,0.250902,0.249883,1.0041,1.0,1.0,True,True,0
data/max2sat/90/100/PROBLEM_090_100_30.cnf,90,100,1.1111,0.256785,0.256945,0.9994,1.0,1.0,True,True,0
data/max2sat/90/100/PROBLEM_090_100_31.cnf,90,100,1.1111,0.255003,0.254568,1.0017,0.99,0.99,False,False,0
data/max2sat/90/100/PROBLEM_090_100_32.cnf,90,100,1.1111,0.281334,0.26902,1.0458,1.0,1.0,True,True,0
data/max2sat/90/100/PROBLEM_090_100_33.cnf,90,100,1.1111,0.254883,0.252895,1.0079,1.0,1.0,True,True,0
data/max2sat/90/100/PROBLEM_090_100_34.cnf,90,100,1.1111,0.26342,0.255203,1.0322,1.0,1.0,True,True,0
data/max2sat/90/100/PROBLEM_090_100_35.cnf,90,100,1.1111,0.253724,0.25681,0.988,1.0,1.0,True,True,0
data/max2sat/90/100/PROBLEM_090_100_36.cnf,90,100,1.1111,0.274787,0.263014,1.0448,1.0,1.0,True,True,0
data/max2sat/90/100/PROBLEM_090_100_37.cnf,90,100,1.1111,0.251836,0.250879,1.0038,1.0,1.0,True,True,0
data/max2sat/90/100/PROBLEM_090_100_38.cnf,90,100,1.1111,0.260216,0.255629,1.0179,1.0,1.0,True,True,0
data/max2sat/90/100/PROBLEM_090_100_39.cnf,90,100,1.1111,0.256471,0.256846,0.9985,1.0,1.0,True,True,0
data/max2sat/90/100/PROBLEM_090_100_40.cnf,90,100,1.1111,0.268561,0.262746,1.0221,1.0,1.0,True,True,0
data/max2sat/90/100/PROBLEM_090_100_41.cnf,90,100,1.1111,0.250031,0.248879,1.0046,1.0,1.0,True,True,0
data/max2sat/90/100/PROBLEM_090_100_42.cnf,90,100,1.1111,0.258529,0.254314,1.0166,1.0,1.0,True,True,0
data/max2sat/90/100/PROBLEM_090_100_43.cnf,90,100,1.1111,0.258339,0.254593,1.0147,1.0,1.0,True,True,0
data/max2sat/90/100/PROBLEM_090_100_44.cnf,90,100,1.1111,0.27874,0.26275,1.0609,1.0,1.0,True,True,0
data/max2sat/90/100/PROBLEM_090_100_45.cnf,90,100,1.1111,0.254903,0.249882,1.0201,1.0,1.0,True,True,0
data/max2sat/90/100/PROBLEM_090_100_46.cnf,90,100,1.1111,0.265025,0.256723,1.0323,1.0,1.0,True,True,0
data/max2sat/90/100/PROBLEM_090_100_47.cnf,90,100,1.1111,0.255032,0.254145,1.0035,1.0,1.0,True,True,0
data/max2sat/90/100/PROBLEM_090_100_48.cnf,90,100,1.1111,0.258114,0.267688,0.9642,1.0,1.0,True,True,0
data/max2sat/90/100/PROBLEM_090_100_49.cnf,90,100,1.1111,0.275505,0.248728,1.1077,1.0,1.0,True,True,0
data/max2sat/90/100/PROBLEM_090_100_50.cnf,90,100,1.1111,0.258554,0.255502,1.0119,1.0,1.0,True,True,0
data/max2sat/90/90/PROBLEM_090_090_01.cnf,90,90,1.0,0.143763,0.136199,1.0555,1.0,1.0,True,True,0
data/max2sat/90/90/PROBLEM_090_090_02.cnf,90,90,1.0,0.125054,0.141104,0.8863,1.0,1.0,True,True,0
data/max2sat/90/90/PROBLEM_090_090_03.cnf,90,90,1.0,0.136596,0.129276,1.0566,1.0,1.0,True,True,0
data/max2sat/90/90/PROBLEM_090_090_04.cnf,90,90,1.0,0.130035,0.140091,0.9282,1.0,1.0,True,True,0
data/max2sat/90/90/PROBLEM_090_090_05.cnf,90,90,1.0,0.248592,0.25273,0.9836,1.0,1.0,True,True,0
data/max2sat/90/90/PROBLEM_090_090_06.cnf,90,90,1.0,0.257794,0.2582,0.9984,1.0,1.0,True,True,0
data/max2sat/90/90/PROBLEM_090_090_07.cnf,90,90,1.0,0.259706,0.261612,0.9927,1.0,1.0,True,True,0
data/max2sat/90/90/PROBLEM_090_090_08.cnf,90,90,1.0,0.276604,0.280416,0.9864,1.0,1.0,True,True,0
data/max2sat/90/90/PROBLEM_090_090_09.cnf,90,90,1.0,0.247455,0.25288,0.9785,1.0,1.0,True,True,0
data/max2sat/90/90/PROBLEM_090_090_10.cnf,90,90,1.0,0.259988,0.251707,1.0329,1.0,1.0,True,True,0
data/max2sat/90/90/PROBLEM_090_090_11.cnf,90,90,1.0,0.250753,0.246879,1.0157,1.0,1.0,True,True,0
data/max2sat/90/90/PROBLEM_090_090_12.cnf,90,90,1.0,0.27197,0.27503,0.9889,1.0,1.0,True,True,0
data/max2sat/90/90/PROBLEM_090_090_13.cnf,90,90,1.0,0.245887,0.250247,0.9826,1.0,1.0,True,True,0
data/max2sat/90/90/PROBLEM_090_090_14.cnf,90,90,1.0,0.254219,0.245759,1.0344,1.0,1.0,True,True,0
data/max2sat/90/90/PROBLEM_090_090_15.cnf,90,90,1.0,0.262744,0.250366,1.0494,1.0,1.0,True,True,0
data/max2sat/90/90/PROBLEM_090_090_16.cnf,90,90,1.0,0.265854,0.270594,0.9825,1.0,1.0,True,True,0
data/max2sat/90/90/PROBLEM_090_090_17.cnf,90,90,1.0,0.245879,0.247874,0.992,1.0,1.0,True,True,0
data/max2sat/90/90/PROBLEM_090_090_18.cnf,90,90,1.0,0.250996,0.247025,1.0161,1.0,1.0,True,True,0
data/max2sat/90/90/PROBLEM_090_090_19.cnf,90,90,1.0,0.267533,0.248902,1.0749,1.0,1.0,True,True,0
data/max2sat/90/90/PROBLEM_090_090_20.cnf,90,90,1.0,0.260731,0.264471,0.9859,1.0,1.0,True,True,0
data/max2sat/90/90/PROBLEM_090_090_21.cnf,90,90,1.0,0.247882,0.24887,0.996,1.0,1.0,True,True,0
data/max2sat/90/90/PROBLEM_090_090_22.cnf,90,90,1.0,0.244349,0.246207,0.9925,1.0,1.0,True,True,0
data/max2sat/90/90/PROBLEM_090_090_23.cnf,90,90,1.0,0.270603,0.246505,1.0978,1.0,1.0,True,True,0
data/max2sat/90/90/PROBLEM_090_090_24.cnf,90,90,1.0,0.253409,0.251965,1.0057,1.0,1.0,True,True,0
data/max2sat/90/90/PROBLEM_090_090_25.cnf,90,90,1.0,0.248896,0.255797,0.973,1.0,1.0,True,True,0
data/max2sat/90/90/PROBLEM_090_090_26.cnf,90,90,1.0,0.245813,0.246839,0.9958,1.0,1.0,True,True,0
data/max2sat/90/90/PROBLEM_090_090_27.cnf,90,90,1.0,0.269722,0.246259,1.0953,1.0,1.0,True,True,0
data/max2sat/90/90/PROBLEM_090_090_28.cnf,90,90,1.0,0.255644,0.25318,1.0097,1.0,1.0,True,True,0
data/max2sat/90/90/PROBLEM_090_090_29.cnf,90,90,1.0,0.248878,0.24859,1.0012,1.0,1.0,True,True,0
data/max2sat/90/90/PROBLEM_090_090_30.cnf,90,90,1.0,0.250853,0.256119,0.9794,1.0,1.0,True,True,0
data/max2sat/90/90/PROBLEM_090_090_31.cnf,90,90,1.0,0.254707,0.248259,1.026,1.0,1.0,True,True,0
data/max2sat/90/90/PROBLEM_090_090_32.cnf,90,90,1.0,0.258358,0.255018,1.0131,1.0,1.0,True,True,0
data/max2sat/90/90/PROBLEM_090_090_33.cnf,90,90,1.0,0.245867,0.247077,0.9951,1.0,1.0,True,True,0
data/max2sat/90/90/PROBLEM_090_090_34.cnf,90,90,1.0,0.251171,0.250551,1.0025,1.0,1.0,True,True,0
data/max2sat/90/90/PROBLEM_090_090_35.cnf,90,90,1.0,0.252205,0.249205,1.012,1.0,1.0,True,True,0
data/max2sat/90/90/PROBLEM_090_090_36.cnf,90,90,1.0,0.265856,0.257253,1.0334,1.0,1.0,True,True,0
data/max2sat/90/90/PROBLEM_090_090_37.cnf,90,90,1.0,0.24588,0.246884,0.9959,1.0,1.0,True,True,0
data/max2sat/90/90/PROBLEM_090_090_38.cnf,90,90,1.0,0.248835,0.250894,0.9918,1.0,1.0,True,True,0
data/max2sat/90/90/PROBLEM_090_090_39.cnf,90,90,1.0,0.257358,0.246537,1.0439,1.0,1.0,True,True,0
data/max2sat/90/90/PROBLEM_090_090_40.cnf,90,90,1.0,0.272896,0.261784,1.0424,1.0,1.0,True,True,0
data/max2sat/90/90/PROBLEM_090_090_41.cnf,90,90,1.0,0.248882,0.248606,1.0011,1.0,1.0,True,True,0
data/max2sat/90/90/PROBLEM_090_090_42.cnf,90,90,1.0,0.248105,0.24425,1.0158,1.0,1.0,True,True,0
data/max2sat/90/90/PROBLEM_090_090_43.cnf,90,90,1.0,0.255881,0.250585,1.0211,1.0,1.0,True,True,0
data/max2sat/90/90/PROBLEM_090_090_44.cnf,90,90,1.0,0.266881,0.258514,1.0324,1.0,1.0,True,True,0
data/max2sat/90/90/PROBLEM_090_090_45.cnf,90,90,1.0,0.248878,0.247879,1.004,1.0,1.0,True,True,0
data/max2sat/90/90/PROBLEM_090_090_46.cnf,90,90,1.0,0.247268,0.247263,1.0,1.0,1.0,True,True,0
data/max2sat/90/90/PROBLEM_090_090_47.cnf,90,90,1.0,0.258035,0.250902,1.0284,1.0,1.0,True,True,0
data/max2sat/90/90/PROBLEM_090_090_48.cnf,90,90,1.0,0.264014,0.254432,1.0377,1.0,1.0,True,True,0
data/max2sat/90/90/PROBLEM_090_090_49.cnf,90,90,1.0,0.247883,0.245675,1.009,1.0,1.0,True,True,0
data/max2sat/90/90/PROBLEM_090_090_50.cnf,90,90,1.0,0.244894,0.243896,1.0041,1.0,1.0,True,True,0
